{"features":[{"geometry":{"type":"Polygon","coordinates":[[[144.93851855613158,-37.62820246040637],[144.93823827277976,-37.62957821294504],[144.9392293211507,-37.62970686162143],[144.94234740494286,-37.63341785049925],[144.94304747462022,-37.63304539077148],[144.9433834571129,-37.633086941352424],[144.94363647569747,-37.63150230585805],[144.94899434515727,-37.63204328312078],[144.94892317073905,-37.631609458394365],[144.94906924399072,-37.63145766538444],[144.9487301964463,-37.62936844230172],[144.94690586183472,-37.62914982564693],[144.94693892702367,-37.6289927052675],[144.93855780262805,-37.628040502958704],[144.93851855613158,-37.62820246040637]]],"crs":null},"id":1,"type":"Feature","properties":{"owner":"Austrak-P&O Trans Australia (POTA)/QUBE Holdings","hectares":31.3322543,"inlandrail":"Y","operator":"Lawson Sidelifter. QUBE Holdings","locality_name":"Somerton","imt":1,"kfr":"Y","name":"Somerton Multi-Modal Freight Terminal (MMFT)","location":"Melbourne Metro","state":"VIC","SHAPE__Length":3469.644833579369,"objectid":1,"SHAPE__Area":500411.4426694,"status":"Operational"}},{"geometry":{"type":"Polygon","coordinates":[[[144.92906222739256,-37.81625416549707],[144.92879380629412,-37.81634601855001],[144.9285614471644,-37.81639291512624],[144.9283194149757,-37.816512259128324],[144.9281740361217,-37.8165978215335],[144.92739457962776,-37.816644016107496],[144.92742137008446,-37.816947175132846],[144.92717685674899,-37.816960273057546],[144.92719817197406,-37.81720397408135],[144.92579912766575,-37.817280396912636],[144.92581953110079,-37.81748482255891],[144.92588515752385,-37.818142627063956],[144.92590782381507,-37.81814131282189],[144.9259095036647,-37.81815931410436],[144.9257457273137,-37.8181688969984],[144.92575547403447,-37.818276066510805],[144.92934918971847,-37.818066758640406],[144.9316341983741,-37.81792984088931],[144.9316237599505,-37.817806630946826],[144.93164416338558,-37.81780542740216],[144.93169639502943,-37.81780235609236],[144.93166438446258,-37.81745525964893],[144.93157393758824,-37.81746068059295],[144.93155357098408,-37.81715315440181],[144.93156751373567,-37.817103741201564],[144.93157857289512,-37.817065409774486],[144.9315905088103,-37.817027242965054],[144.9316032478193,-37.81698926277256],[144.93161689772006,-37.816951449327206],[144.93163135251132,-37.816913838821144],[144.9316466454307,-37.81687643125474],[144.9316627782749,-37.816839264949145],[144.93167975014555,-37.816802320034675],[144.9316975269067,-37.816765616381744],[144.93171614179602,-37.816729171022274],[144.93173559661008,-37.816693003826785],[144.93175581768716,-37.81665709563516],[144.9317768418581,-37.81662150180043],[144.93179866912283,-37.81658620316246],[144.9319690867188,-37.81631704774298],[144.93198671615625,-37.81628842749257],[144.93200350566886,-37.816259492855195],[144.93201945705337,-37.8162302629911],[144.9320346044457,-37.816200737190314],[144.9320488750823,-37.816170971515014],[144.93206230759074,-37.81614092693403],[144.9320749010727,-37.81611067937992],[144.93208661600232,-37.81608021040141],[144.9320974577695,-37.816049518579],[144.93210738595002,-37.816018660684655],[144.93211647420577,-37.81598761684792],[144.9323176617951,-37.81526278762837],[144.93304988756637,-37.81262466989286],[144.93308788450622,-37.812435875879515],[144.93304342778114,-37.8121458340114],[144.93303824540024,-37.81211482686951],[144.93303214943273,-37.812083951717334],[144.9330251776078,-37.81205316739286],[144.93301736765474,-37.812022549123675],[144.93300864321668,-37.81199206142534],[144.93300295059274,-37.81197398766968],[144.9329990447179,-37.81196174049234],[144.93298860539596,-37.81193158561519],[144.93297729021666,-37.81190163369824],[144.93296513511254,-37.811871904613064],[144.93295210504937,-37.81184239623095],[144.932938270994,-37.81181312984292],[144.93292359791215,-37.811784121062665],[144.93278256331084,-37.81151217179831],[144.9327680348577,-37.81148506985819],[144.9327528147019,-37.811458262432865],[144.93274726670668,-37.81144906900177],[144.93273682828308,-37.81143169629527],[144.93272007380475,-37.81140544525437],[144.93270259079262,-37.81137948943889],[144.93268441428123,-37.811353848720735],[144.93266550654113,-37.81132852310023],[144.93264590709825,-37.811303547353006],[144.93262557642674,-37.81127892360848],[144.9326040411144,-37.811254022363],[144.9325921779628,-37.81126617739672],[144.932568162402,-37.8112896159468],[144.93254345064685,-37.811312611636886],[144.93253616800482,-37.811319076290296],[144.93251808491814,-37.811335126143625],[144.93249205892775,-37.81135717862935],[144.93246537716718,-37.81137873077073],[144.93243807556905,-37.81139980243972],[144.93241015323505,-37.811420337570596],[144.9323849312368,-37.8114380424186],[144.9323816478945,-37.811440354615954],[144.9323525191231,-37.811459835124076],[144.9323228810069,-37.81147877980502],[144.9322926598841,-37.811497148916196],[144.93226192582327,-37.81151498362048],[144.9322306455868,-37.811532207270886],[144.93219885420885,-37.81154885748187],[144.93216662535144,-37.811564932834365],[144.93213392128519,-37.81158038152089],[144.9321007438068,-37.8115952361879],[144.93206716388318,-37.81160946348001],[144.93203314378502,-37.811623060558745],[144.93199876076758,-37.81163600968211],[144.93196602166702,-37.811647628122486],[144.93196401393237,-37.8116483314316],[144.9319544621459,-37.8116515080325],[144.93194874526745,-37.81172822758688],[144.93190393370784,-37.81193728374534],[144.93166967823456,-37.812997202815836],[144.93166916619487,-37.812999627804004],[144.93166336307814,-37.81302349232336],[144.93165668320566,-37.81304719005954],[144.93164912837415,-37.813070741593464],[144.93164073271947,-37.81309408802163],[144.93163149803837,-37.81311724992506],[144.93162138839818,-37.81314019111008],[144.93161047566412,-37.81316287183477],[144.93159872120862,-37.813185311260725],[144.93158616545583,-37.8132074561621],[144.93157277067667,-37.81322932357148],[144.93155860873622,-37.81325083826294],[144.9315436787362,-37.813272058430606],[144.93152798426985,-37.81329290742928],[144.9315114867097,-37.813313387388234],[144.93149429565008,-37.81333347843681],[144.93147637246355,-37.813353162123576],[144.9314577216416,-37.81337243915856],[144.9314383773203,-37.81339127263876],[144.93141837543214,-37.8134096419838],[144.93139767914633,-37.81342755003276],[144.93137636302296,-37.81344497762459],[144.9313543902311,-37.81346192334033],[144.9313304106029,-37.81347933247242],[144.93130869203426,-37.81349422437034],[144.93128496752766,-37.813509578975626],[144.93126069594695,-37.813524379318935],[144.93123587549567,-37.81353862469092],[144.93121054390298,-37.813552277478955],[144.9285737846265,-37.814564486506036],[144.92837310817856,-37.81469546632776],[144.92839190452756,-37.81487909742532],[144.92868510924637,-37.81548058813909],[144.92875511585478,-37.815586666551276],[144.92895849443514,-37.81583490042562],[144.92906222739256,-37.81600493312934],[144.9291854142658,-37.81620689839403],[144.92906222739256,-37.81625416549707]]],"crs":null},"id":2,"type":"Feature","properties":{"owner":"QUBE Holdings","hectares":19.79434824,"inlandrail":"Y","operator":"QUBE Logistics","locality_name":"West Melbourne","imt":1,"kfr":"Y","name":"Victoria Docks IMT","location":"Melbourne Metro","state":"VIC","SHAPE__Length":3253.870703644737,"objectid":2,"SHAPE__Area":317708.762789655,"status":"Operational"}},{"geometry":{"type":"Polygon","coordinates":[[[144.92664105659782,-37.8011669774777],[144.926659543028,-37.80103734569815],[144.9265311953335,-37.80102326045821],[144.926588238354,-37.800642962223904],[144.92649518726364,-37.800569718413975],[144.9263525797123,-37.80047112247354],[144.92612797214517,-37.800347172171634],[144.9258566611664,-37.800240124984164],[144.9256427489411,-37.80016124703863],[144.9252826646493,-37.800057016808836],[144.92510797017434,-37.800017577748804],[144.9248797980922,-37.79997250491721],[144.92453040824384,-37.79992179759384],[144.92322077595074,-37.799737106460995],[144.92322671920465,-37.79970391711779],[144.9221389465322,-37.79954681515436],[144.92196860080145,-37.79953379080034],[144.92169758986003,-37.79953416061282],[144.92139164703045,-37.799566184520216],[144.92103343572606,-37.79964871295306],[144.9207641378719,-37.799747021098305],[144.92037037663846,-37.79996289907695],[144.91872535743568,-37.80081894822891],[144.91990627911485,-37.80123547641606],[144.9210413903079,-37.802044269429345],[144.9267066623596,-37.802664532697456],[144.9278023950038,-37.80244604279909],[144.92819024352607,-37.80237072891313],[144.92951515706048,-37.802178422207106],[144.93013664211682,-37.80214060756442],[144.93096176177323,-37.80163487354098],[144.92664105659782,-37.8011669774777]]],"crs":null},"id":3,"type":"Feature","properties":{"owner":"VicTracks","hectares":19.72500249,"inlandrail":"Y","operator":"QUBE Logistics","locality_name":"West Melbourne","imt":1,"kfr":"Y","name":"Dynon IMT and Dynon Empty Park","location":"Melbourne Metro","state":"VIC","SHAPE__Length":2990.432889009711,"objectid":3,"SHAPE__Area":316472.04588538,"status":"Operational"}},{"geometry":{"type":"Polygon","coordinates":[[[144.9090352286692,-37.80788563403118],[144.90855372089715,-37.80812420952962],[144.90813079495973,-37.809024086641614],[144.908346767022,-37.8091995409679],[144.90914403531139,-37.809388684630896],[144.90945541744,-37.809338123586805],[144.91006000338916,-37.80941545377311],[144.91091621912747,-37.809438560762835],[144.91251762063163,-37.80897254593142],[144.9150465218869,-37.80904055218087],[144.91529479557016,-37.80904724911207],[144.91531191296795,-37.809047637329684],[144.9153290321623,-37.80904734066615],[144.91534611452576,-37.80904636125064],[144.91536308729474,-37.80904469624426],[144.9153799495709,-37.80904234635665],[144.91539666632002,-37.80903933145996],[144.91541312794763,-37.80903564871526],[144.91542937038628,-37.80903130238075],[144.91544528493986,-37.80902630736046],[144.91546087071004,-37.80902070126949],[144.91547609086587,-37.80901444791195],[144.91549087354215,-37.809007622518116],[144.91550521873893,-37.809000184633746],[144.91551908693035,-37.8089922116183],[144.91553241074263,-37.808983664436894],[144.91554514885334,-37.80897461831988],[144.91555733989006,-37.80896507184765],[144.91556887336,-37.80895502643945],[144.91557978789066,-37.80894453745337],[144.9155899720911,-37.80893364037539],[144.91559949692805,-37.80892233662477],[144.9156082572987,-37.80891068226944],[144.915616287339,-37.80889867518001],[144.91562351428544,-37.808886354391106],[144.91562997407067,-37.80887377455123],[144.91563559572774,-37.808860934950545],[144.91564041339257,-37.80884791081957],[144.915644392031,-37.808834702158194],[144.9156475307446,-37.80882134516222],[144.91564979449907,-37.808807877446974],[144.9158022916034,-37.80786846630873],[144.91227529738882,-37.8075089914962],[144.9122659531132,-37.80756680445203],[144.912108273628,-37.807550727519335],[144.9121176170053,-37.807492916680154],[144.91167100339217,-37.80744738708152],[144.91136527975152,-37.807374997445905],[144.91069787641115,-37.80730736085558],[144.91056319110226,-37.807265235758194],[144.91029440708448,-37.807125153827165],[144.90977917206504,-37.806999760432745],[144.90950049400269,-37.80695624832505],[144.9094719518311,-37.80695635975449],[144.9090352286692,-37.80788563403118]]],"crs":null},"id":4,"type":"Feature","properties":{"owner":"DP World Logistics","hectares":11.75982166,"inlandrail":"Y","operator":"DP World Logistics","locality_name":"West Melbourne","imt":1,"kfr":"Y","name":"West Swanson IMT","location":"Melbourne Metro","state":"VIC","SHAPE__Length":2091.6613574863068,"objectid":4,"SHAPE__Area":188713.951095775,"status":"Operational"}},{"geometry":{"type":"Polygon","coordinates":[[[144.9304203929656,-37.812243828161556],[144.9305511715013,-37.81215486128793],[144.93065359022341,-37.81206704258933],[144.93046692929056,-37.811947902180165],[144.9300373980408,-37.81167371300839],[144.9282137488438,-37.81236912819782],[144.92817557044424,-37.81230935528967],[144.92800766992772,-37.81237515913851],[144.9277204515819,-37.81248771366072],[144.92733431884187,-37.811862284707225],[144.92732716465898,-37.81185151651453],[144.92731928014572,-37.81184110103845],[144.9273106662004,-37.811831037569455],[144.9273013955867,-37.81182137933472],[144.9272914305753,-37.811812129882995],[144.9272902268328,-37.8118111313424],[144.92728084482798,-37.811803343151134],[144.92726967607408,-37.81179501771995],[144.9272579593478,-37.81178721107495],[144.92724569554755,-37.811779939539186],[144.9272329206059,-37.811773187499604],[144.92721970818465,-37.81176702734524],[144.9272061301492,-37.811761439914434],[144.9271921505667,-37.811756481983],[144.92681766089103,-37.81184716892637],[144.9245478723913,-37.813263565680394],[144.92452553488346,-37.81327792181288],[144.92450374355127,-37.81329277826741],[144.92448250019143,-37.813308133624275],[144.9244618407365,-37.813323986463814],[144.92444176608493,-37.813340322592126],[144.92442234810173,-37.81335712142809],[144.92440351492178,-37.81337436310049],[144.92438533751198,-37.813392029866904],[144.9243678536016,-37.813410122436785],[144.92435102725804,-37.81342860461615],[144.92433489441385,-37.81344747498532],[144.9243194919,-37.81346671509241],[144.92430478288554,-37.81348630577571],[144.92429080240476,-37.813506230712456],[144.92427758998357,-37.81352648777326],[144.92426510609607,-37.81354704147397],[144.92425342709907,-37.81356785420134],[144.92424251346665,-37.81358896285853],[144.92423236609724,-37.81361029292902],[144.92422302182166,-37.81363184583205],[144.92421451747086,-37.81365363859966],[144.92420677938298,-37.81367559813488],[144.92419988121995,-37.813697742889204],[144.92419378525236,-37.81372001679797],[144.92405340642128,-37.81418493999695],[144.92375815803513,-37.81436905210142],[144.92364051825885,-37.81442936198132],[144.92357124198074,-37.81446132975314],[144.92276251028997,-37.81496639827235],[144.92246481668963,-37.815152304584274],[144.9221155490123,-37.815357247079405],[144.9219385234091,-37.815439461938105],[144.9218817660528,-37.81547500098934],[144.9219239608201,-37.81554448656591],[144.9217794569251,-37.815599690912904],[144.92179861888846,-37.8156489383503],[144.92253489606162,-37.81545035876556],[144.92946920284385,-37.81279701575795],[144.92937641945144,-37.812644944937695],[144.9304203929656,-37.812243828161556]]],"crs":null},"id":5,"type":"Feature","properties":{"owner":"Patrick Terminals","hectares":8.94525751,"inlandrail":"Y","operator":"Patrick Terminals/ACFS Port Logistics","locality_name":"West Melbourne","imt":1,"kfr":"Y","name":"East Swanson IMT","location":"Melbourne Metro","state":"VIC","SHAPE__Length":2481.9432629703224,"objectid":5,"SHAPE__Area":143563.77326479,"status":"Operational"}},{"geometry":{"type":"Polygon","coordinates":[[[144.91766550799545,-37.80214277170725],[144.9176858737013,-37.80206510811223],[144.917715037507,-37.801954145376364],[144.91745176375505,-37.801925211509655],[144.91743194422497,-37.80192302890588],[144.91738234105156,-37.80191755287705],[144.9171670624887,-37.8020578938218],[144.9171587782252,-37.802087438054436],[144.9171446522173,-37.80213875714773],[144.9171348336313,-37.80219070578666],[144.9171293583996,-37.802243060387106],[144.91712059892728,-37.80234830607466],[144.9171175689098,-37.8024537751945],[144.9171203429074,-37.80255926190828],[144.91712067258914,-37.802571879732575],[144.91712246023656,-37.802584422317665],[144.91712570854457,-37.80259676119282],[144.9171303447498,-37.80260884241456],[144.9171363293262,-37.80262051479926],[144.9171436667654,-37.802631726532894],[144.91715224477812,-37.80264234488632],[144.9171619897023,-37.80265231733586],[144.9171728674021,-37.802661530316506],[144.91719476653205,-37.80267980792979],[144.91721841827516,-37.80269664326068],[144.91724371303695,-37.80271192487438],[144.9172074687102,-37.80284902699892],[144.9172007529051,-37.80292315719349],[144.91713414013185,-37.803660789778476],[144.91713538070525,-37.80389477677152],[144.91713611103557,-37.80403178868889],[144.91711727695736,-37.80401931945588],[144.91711399181838,-37.80403402588258],[144.91711140107708,-37.80404882599592],[144.91710950203853,-37.804063699922274],[144.91710829829609,-37.80407861075363],[144.9171078230873,-37.80409354145553],[144.9171080072419,-37.80410847002512],[144.9171018735452,-37.804108637530554],[144.91710326054397,-37.80415755194375],[144.91710869894467,-37.80435170811658],[144.9171107803412,-37.80442541165317],[144.91711286083944,-37.804499505487],[144.91711421100726,-37.80454712432091],[144.91711446702715,-37.80455718878265],[144.91717469188046,-37.80455128638057],[144.91720648235997,-37.8045481783214],[144.91796871276009,-37.80448535276989],[144.91789823004456,-37.8046227333786],[144.9180437562223,-37.804638421288416],[144.91808277544496,-37.80464262167015],[144.91997186780875,-37.80484619510682],[144.92223578132655,-37.805088008410664],[144.9249246626524,-37.80537893964687],[144.92502978260868,-37.80541690168034],[144.92504076810621,-37.805407281643255],[144.9251045341184,-37.805415495653165],[144.925165854018,-37.80542489353547],[144.92522538537185,-37.80543497704098],[144.92537853824632,-37.805467369592265],[144.92541817820492,-37.80547815645985],[144.9255028587934,-37.80550113337688],[144.9255568789831,-37.80551909586582],[144.92566415130275,-37.805556096109314],[144.92701990849244,-37.805956325119965],[144.9282571841844,-37.806378366039674],[144.92893104730996,-37.80660821015926],[144.92914584976575,-37.806679842539786],[144.92957282620682,-37.806822273144604],[144.93073651909722,-37.80719586233559],[144.93080714644145,-37.807235100964924],[144.93167832901074,-37.807565085472376],[144.93186247196587,-37.80762030856097],[144.9320399700829,-37.8076660779433],[144.9321107070216,-37.80767038745198],[144.93229912056762,-37.807739059211656],[144.93234211753037,-37.8076640793305],[144.93280782124168,-37.8078461004986],[144.9329449149338,-37.8079299426204],[144.9330583200519,-37.80802303386485],[144.9330172948912,-37.807715786322056],[144.93283698414908,-37.80764252610489],[144.9326573678046,-37.80756954474115],[144.93233813889202,-37.80746781259269],[144.93157992485962,-37.80722381611725],[144.93105041830526,-37.80705348639158],[144.92957428686745,-37.80657346672274],[144.9281927983347,-37.80612604415273],[144.92736392012716,-37.80585759087103],[144.92643485012093,-37.805556577323166],[144.9261251837745,-37.80545625126709],[144.9256903587528,-37.805313431919664],[144.92530802229317,-37.80518824198865],[144.92505131702262,-37.80511233683061],[144.92505748485536,-37.80509496476249],[144.9244141006691,-37.80497908084108],[144.92435570029417,-37.8049703117499],[144.9233616228041,-37.80475634063381],[144.92298257058513,-37.804682452179236],[144.9224363850109,-37.80461557469956],[144.9219832011198,-37.80454074140735],[144.92192830507278,-37.80452427628429],[144.92194334287066,-37.80445216343095],[144.92335910392805,-37.80461414949352],[144.92355047382966,-37.80464336124394],[144.92382904229757,-37.80469997197511],[144.92403676333402,-37.80472688831844],[144.92430357824475,-37.80473676750755],[144.92470077104258,-37.80474635072432],[144.92481486966005,-37.80474318802158],[144.92482571142722,-37.80470461524555],[144.92513756606965,-37.80472144940513],[144.92537897842084,-37.80472553905913],[144.92569809773897,-37.80471656623587],[144.92641404424063,-37.80469083306412],[144.9269402288251,-37.804669279680475],[144.9278915276429,-37.80463028171727],[144.92897112474805,-37.804627654881315],[144.93155163691128,-37.804826993209836],[144.93155298797745,-37.80481692949466],[144.93268215232334,-37.80491277711701],[144.93291034955828,-37.80494898202248],[144.9329407180048,-37.804952422942584],[144.93296239884418,-37.80495545716963],[144.933073030863,-37.80497512250682],[144.93319428276513,-37.80500091165057],[144.93332148510765,-37.80503130712768],[144.93345277568304,-37.80506460692885],[144.93359545509963,-37.80510147751411],[144.93360768206898,-37.80510473317996],[144.9336513357002,-37.805049528793226],[144.93375590858238,-37.804917125823216],[144.93396191473497,-37.80465681126488],[144.93390858804474,-37.804366880083805],[144.9338611381331,-37.80435209848816],[144.93163456578506,-37.80365844042932],[144.93145881848457,-37.80361317108282],[144.9309346057022,-37.80347865679655],[144.9302106282619,-37.80335457810385],[144.92972181988154,-37.803281261746505],[144.92938423209944,-37.80323567773753],[144.92925732081105,-37.80322169157589],[144.92907814194612,-37.80332494139737],[144.92897444581965,-37.80338469602641],[144.92485162512824,-37.80293209261631],[144.92486461925884,-37.802857667871635],[144.9248848412342,-37.802741673262624],[144.92465857807198,-37.80271678972187],[144.92463802731325,-37.802834671677886],[144.92462536196604,-37.802907229013535],[144.9197167705226,-37.802368120451234],[144.91973034855806,-37.802290198730965],[144.91974998573022,-37.80217769964353],[144.9195237216697,-37.802152854241314],[144.91950382937603,-37.8022668510162],[144.91949050646207,-37.80234325665862],[144.91766550799545,-37.80214277170725]]],"crs":null},"id":6,"type":"Feature","properties":{"owner":"Port of Melbourne","hectares":31.68841093,"inlandrail":"Y","operator":"Pacific National","locality_name":"West Melbourne","imt":1,"kfr":"Y","name":"South Dynon IMT","location":"Melbourne Metro","state":"VIC","SHAPE__Length":7126.567794772677,"objectid":6,"SHAPE__Area":508456.24200219,"status":"Operational"}},{"geometry":{"type":"Polygon","coordinates":[[[144.8836636932815,-37.83287974957111],[144.8837718414586,-37.83237579621453],[144.88361933177785,-37.832335972131816],[144.88324246965152,-37.83229564215557],[144.8828577598429,-37.83226874295806],[144.88283680933387,-37.83226772553775],[144.88281585702816,-37.83226739278313],[144.8827949065191,-37.83226774398469],[144.88277395511176,-37.83226877985196],[144.88275311419716,-37.832270500384865],[144.8827323451478,-37.832272905583444],[144.88271176025304,-37.83227597629108],[144.88269131908876,-37.83227971321724],[144.88267109891004,-37.83228413480876],[144.88265113205622,-37.832289203462146],[144.88263145984982,-37.83229493975269],[144.88261207779925,-37.83230130323884],[144.88259306136297,-37.832308296048936],[144.88257440964276,-37.832315899026405],[144.88255619630036,-37.83232411358999],[144.88227978199248,-37.832296086301255],[144.88221645525655,-37.83228964760789],[144.88191405178918,-37.83225819768667],[144.88187663965252,-37.83225431247428],[144.8818771876249,-37.832258345971795],[144.8818999994432,-37.83243004363304],[144.88192266573444,-37.832600724898015],[144.8819410982658,-37.83273953106559],[144.88195920291204,-37.83287607865813],[144.8819775986124,-37.833014440875814],[144.88199574008956,-37.83315098866906],[144.88201387977008,-37.83328753833802],[144.88203194668705,-37.833423753585855],[144.88209914336528,-37.833566017657134],[144.8821540771415,-37.83370659997628],[144.8822088258648,-37.83384716287151],[144.88226357638476,-37.83398774394543],[144.88230460154548,-37.83409312033345],[144.88249491233336,-37.834577654248186],[144.88250224887432,-37.83486991730869],[144.88246049338323,-37.83487211809424],[144.88244001628635,-37.834904086235255],[144.8824584856486,-37.834962824172976],[144.8824839268358,-37.83502997923513],[144.88250710337013,-37.83511287739425],[144.88253418577926,-37.835257251717636],[144.88322028755226,-37.836014436128146],[144.88309050884146,-37.83531405465265],[144.8836636932815,-37.83287974957111]]],"crs":null},"id":7,"type":"Feature","properties":{"owner":"Sadleirs Logistics","hectares":3.81522832,"inlandrail":null,"operator":"Sadleirs Logistics","locality_name":"Spotswood","imt":1,"kfr":null,"name":"Spotswood IMT","location":"Melbourne Metro","state":"VIC","SHAPE__Length":1304.7975505164845,"objectid":7,"SHAPE__Area":61265.76849562,"status":"Operational"}},{"geometry":{"type":"Polygon","coordinates":[[[144.78864587093415,-37.85672777231875],[144.78839931303307,-37.85669841237714],[144.7883581782779,-37.856693509950205],[144.78841387741875,-37.856399507718024],[144.788491439757,-37.85635405297325],[144.78880650857158,-37.854690939864604],[144.78901806271926,-37.85357444707064],[144.7891164291412,-37.85244742619201],[144.78923454412634,-37.85182379138991],[144.7891867654313,-37.851772953703666],[144.7859495443712,-37.85141014969977],[144.78591162019484,-37.85143283072114],[144.78591045238497,-37.851433515208974],[144.7852228297642,-37.85538232174707],[144.7845995920948,-37.858961017833366],[144.7845394759377,-37.8593062083426],[144.78454035179507,-37.85930713389824],[144.7845690763246,-37.85933710345439],[144.7872296337696,-37.85963711821117],[144.78753634465872,-37.85967171397014],[144.78811567267707,-37.85952624769798],[144.78995089127662,-37.85906541312337],[144.790556426745,-37.85833100029376],[144.79081762089706,-37.85695213947833],[144.7910811506688,-37.85667021845293],[144.7915479862573,-37.85420549968425],[144.79136183646585,-37.8536718308335],[144.79169183348378,-37.851929612568526],[144.78960187961903,-37.851680657451375],[144.7895762560739,-37.85181659543927],[144.78954231143425,-37.851995842140155],[144.78871171744444,-37.85638032277922],[144.7887734379927,-37.856442316874144],[144.78871773975013,-37.85673631822633],[144.78864587093415,-37.85672777231875]]],"crs":null},"id":8,"type":"Feature","properties":{"owner":"Specialised Container Transport (SCT) Logistics","hectares":43.47324671,"inlandrail":null,"operator":"Specialised Container Transport (SCT) Logistics","locality_name":"Altona","imt":1,"kfr":null,"name":"Laverton IMT","location":"Melbourne Metro","state":"VIC","SHAPE__Length":4863.076218355773,"objectid":8,"SHAPE__Area":698515.914217075,"status":"Operational"}},{"geometry":{"type":"Polygon","coordinates":[[[144.83834364407858,-37.84684822006303],[144.83834540926813,-37.84684789092096],[144.8383498882681,-37.84685640321533],[144.84047333851316,-37.84640097777294],[144.84060441528953,-37.84576613701294],[144.838564670961,-37.84555980560189],[144.83896542108735,-37.843155286984754],[144.83874817251902,-37.84312981195319],[144.83891067146573,-37.84217726674546],[144.83568199068895,-37.84183211095684],[144.83585544009898,-37.84212899896111],[144.83607053360893,-37.84239084776497],[144.83615295134132,-37.84263897020038],[144.83612816772094,-37.84295465393595],[144.83604323201084,-37.84344000148527],[144.83573367525884,-37.84397097069741],[144.83506663753283,-37.84437778517815],[144.8349347998834,-37.84450978325302],[144.83491640418305,-37.84477144696894],[144.83497192096587,-37.845412360710945],[144.83544299211098,-37.84663748300783],[144.83573056708795,-37.84714405718148],[144.83586329406947,-37.847196460767435],[144.83707758636493,-37.84698337886522],[144.83813522864443,-37.84671501955385],[144.83833130571816,-37.84684032065305],[144.83834364407858,-37.84684822006303]]],"crs":null},"id":9,"type":"Feature","properties":{"owner":"QUBE Holdings","hectares":17.39060029,"inlandrail":null,"operator":"QUBE Logistics","locality_name":"Altona North","imt":1,"kfr":"Y","name":"Altona IMT","location":"Melbourne Metro","state":"VIC","SHAPE__Length":2565.1338801544553,"objectid":9,"SHAPE__Area":279345.95654578,"status":"Operational"}},{"geometry":{"type":"Polygon","coordinates":[[[145.22603972759867,-38.04988572929071],[145.22538765580526,-38.053427351470184],[145.2253882388119,-38.05342740593736],[145.23461981625334,-38.05445852267006],[145.23912570463304,-38.054961611707476],[145.23984340554446,-38.05129271092335],[145.24206267638584,-38.05153877922048],[145.24233982192237,-38.051569507989335],[145.24389103455164,-38.05174146577197],[145.24426165518332,-38.049820388817594],[145.24443291360237,-38.048933720040765],[145.24435772461314,-38.04875983999297],[145.24365433296586,-38.04816913441521],[145.22670767801299,-38.04625736057672],[145.22603972759867,-38.04988572929071]]],"crs":null},"id":10,"type":"Feature","properties":{"owner":"SALTA","hectares":111.83523967,"inlandrail":null,"operator":null,"locality_name":"Dandenong South","imt":1,"kfr":"Y","name":"Dandenong South IMT","location":"Melbourne Metro","state":"VIC","SHAPE__Length":5996.250746390681,"objectid":10,"SHAPE__Area":1806452.08653339,"status":"Under Construction"}},{"geometry":{"type":"Polygon","coordinates":[[[150.9637249006842,-33.858658182465284],[150.96359846550294,-33.85888587954995],[150.96324375852643,-33.85952462990909],[150.96328018610953,-33.85958721498176],[150.9668107205847,-33.860279929563454],[150.9687421541411,-33.86065886515244],[150.9692462554409,-33.860757747606165],[150.96955705366454,-33.86081872349577],[150.96991460650386,-33.860888838031585],[150.97158174492384,-33.861215825841356],[150.97181680349098,-33.861261927882104],[150.97274832050803,-33.86144461638215],[150.9729218768175,-33.86147867494701],[150.9738020021155,-33.86119849215986],[150.97385346749638,-33.86118204615768],[150.97397618005917,-33.86114278893279],[150.97415236663582,-33.861086808174946],[150.97423441785557,-33.86110318034612],[150.97433059598148,-33.8611224199557],[150.9753144165076,-33.861314654687654],[150.9755669230525,-33.86041847732559],[150.97561681907663,-33.86024141340828],[150.9756784309287,-33.860022706544186],[150.97577774686994,-33.85967035582819],[150.97583238689705,-33.85947638376756],[150.97599649203147,-33.85889403973788],[150.97604879643887,-33.85870842902437],[150.97620793658473,-33.8581436796314],[150.97626082399879,-33.85795592333997],[150.9763085667612,-33.857786537928135],[150.97654713055456,-33.85693988408338],[150.97649807535353,-33.856873359737385],[150.9755945175014,-33.85669631457922],[150.9753861757291,-33.85665548423402],[150.97443221160975,-33.85646856018314],[150.9741991589807,-33.85642288375493],[150.97324161956655,-33.85623527511737],[150.9730038579687,-33.856188674275835],[150.97086754923865,-33.855770019016916],[150.97066435301636,-33.85573018786836],[150.969914498706,-33.8555832429743],[150.96936725401807,-33.85547597991264],[150.96915581036313,-33.85543452010417],[150.96874405317956,-33.855353804865395],[150.96734267235323,-33.855079005299324],[150.96715115782285,-33.85504146928788],[150.9658001473311,-33.854776604797365],[150.96562082114252,-33.854741455879484],[150.9649722168461,-33.85461430389918],[150.96346433894618,-33.85431867703272],[150.9630167641356,-33.85423092882389],[150.96001281489356,-33.853641759517934],[150.9599333166858,-33.85368247865527],[150.95973618049842,-33.85435334345509],[150.95958755333632,-33.85486473962334],[150.9595809102948,-33.85488675503845],[150.95951823932904,-33.85510216876107],[150.95942779245462,-33.85541307925208],[150.9590727935257,-33.856633209669695],[150.9590723910805,-33.85676742765119],[150.95898030208576,-33.85708416570489],[150.95888806756392,-33.857401441185075],[150.9588941617348,-33.857506317663336],[150.95895665034263,-33.85756862596327],[150.9590834511382,-33.85760887997288],[150.95994714984292,-33.85778675948468],[150.9635561602429,-33.85852997777743],[150.96371479014567,-33.85860379273422],[150.9637249006842,-33.858658182465284]]],"crs":null},"id":11,"type":"Feature","properties":{"owner":"Stocklands","hectares":83.80473128,"inlandrail":null,"operator":"Toll Group, QUBE Holdings","locality_name":"Yennora","imt":1,"kfr":"Y","name":"Yennora Distribution Centre","location":"Sydney Metro","state":"NSW","SHAPE__Length":5121.466034286756,"objectid":11,"SHAPE__Area":1218368.957492085,"status":"Operational"}},{"geometry":{"type":"Polygon","coordinates":[[[151.2217816263779,-33.97134278504225],[151.2211843527151,-33.968263620484464],[151.2210753268841,-33.968297679594905],[151.2210891977704,-33.9683283719704],[151.22094845242663,-33.9683710136202],[151.22103174601637,-33.96888795959917],[151.22093268429842,-33.96892037198862],[151.2209363350517,-33.96892801206067],[151.22092761151202,-33.96894573434321],[151.22092589572983,-33.968949230671676],[151.21160084049825,-33.97195383415134],[151.21158525562637,-33.97194772901602],[151.21149455273212,-33.9719769412835],[151.21148860229167,-33.97198657912444],[151.21152835184472,-33.97206964390288],[151.21154466614854,-33.97207586003169],[151.21155477758538,-33.97209696834493],[151.21157175035435,-33.97209189874452],[151.2119908063496,-33.97295192736027],[151.21198149890495,-33.972985227699596],[151.21213950717348,-33.973313972866],[151.21227346215207,-33.97336586455064],[151.21229882967737,-33.973512145352565],[151.21262065022958,-33.973566128043714],[151.212606926667,-33.97370178749857],[151.2128754932925,-33.97374683567797],[151.2128804196535,-33.973747667806364],[151.2155517461021,-33.975613189752075],[151.21622987892022,-33.97493533167676],[151.21623900490516,-33.97492626629696],[151.2162482027554,-33.974917256043],[151.21625743653823,-33.974908284525874],[151.21626678081378,-33.97489934951068],[151.21627616012367,-33.974890469621364],[151.2162856139937,-33.97488164485798],[151.21629514152562,-33.974872857341545],[151.21630474092274,-33.9748641242061],[151.21631437625246,-33.97485544843148],[151.21632408524408,-33.97484680915891],[151.2163338669992,-33.97483822575724],[151.21634368738188,-33.97482967811271],[151.2163535778332,-33.97482118633916],[151.21636357787887,-33.974812750436605],[151.2163735797213,-33.974804369660085],[151.2163836534289,-33.97479602687559],[151.21639380079836,-33.97478773847225],[151.21640402093135,-33.974779505194995],[151.21641427609862,-33.97477132927871],[151.216424605826,-33.97476320774361],[151.21643497238446,-33.974755123455644],[151.21644541170633,-33.974747093548885],[151.2164559228935,-33.974739138137195],[151.21646647270822,-33.97473120283868],[151.21647709348974,-33.97472334054532],[151.21648775110233,-33.97471553337822],[151.21649848237672,-33.974707781337365],[151.21650925048198,-33.974700066543726],[151.21652009045258,-33.97469242624529],[151.21653100318665,-33.97468484181806],[151.21654195364994,-33.974677293893194],[151.21655297597846,-33.97466981897363],[151.21656400010363,-33.974662382791294],[151.21657513292493,-33.97465501886935],[151.21658630167892,-33.97464769293969],[151.21659750726374,-33.974640441505336],[151.21660878561212,-33.97463324445242],[151.21662013762239,-33.97462610401578],[151.2166314887343,-33.974619018705596],[151.21664291260979,-33.9746119885218],[151.21665441104543,-33.97460501420941],[151.21666594451534,-33.97459811364749],[151.21667751481618,-33.97459124884307],[151.21668915877888,-33.97458446002398],[151.21670083867423,-33.9745777263314],[151.2167125554005,-33.974571048510256],[151.21672434489028,-33.9745644250707],[151.21673617121098,-33.9745578753817],[151.2167480334643,-33.97455138230914],[151.21675996848114,-33.97454494510811],[151.21677190439632,-33.974538562288686],[151.2167839490077,-33.974532235340796],[151.21679599361903,-33.974525982888494],[151.2168081118922,-33.9745197848178],[151.21682023016538,-33.974513660497806],[151.216832458033,-33.97450759353932],[151.2168446859007,-33.974501580217556],[151.21685694880262,-33.97449562351236],[151.2168692853664,-33.97448975992686],[151.21688165965944,-33.97448393135411],[151.21689406898682,-33.974478178021975],[151.21690651694163,-33.97447246119254],[151.2169189990326,-33.974466837482844],[151.21693155568363,-33.9744612688999],[151.21694411053798,-33.97445575618866],[151.21695673995256,-33.97445031722818],[151.21696936846885,-33.974444933394494],[151.21698207154526,-33.97443962331162],[151.21699480965606,-33.974434370590416],[151.2170075845977,-33.97442919013015],[151.21702039637023,-33.97442404617266],[151.21703320814282,-33.97441899682496],[151.21704609178067,-33.974414001859095],[151.2170590122494,-33.974409080644136],[151.2170719704473,-33.97440423318011],[151.21708496457794,-33.9743994237088],[151.21709799374284,-33.97439470661251],[151.21711102560266,-33.97439004464303],[151.21712412842942,-33.974385437800514],[151.21713726808701,-33.974380906198846],[151.21715040954135,-33.9743764461133],[151.21716358513157,-33.974372043389515],[151.2171934424367,-33.97436220169948],[151.21881531924112,-33.973826645468165],[151.21982852366023,-33.97349209152238],[151.2220141427128,-33.97277096176499],[151.2220268448909,-33.9727357378136],[151.2217816263779,-33.97134278504225]],[[151.2201746157931,-33.97315355959763],[151.2203113097349,-33.97311069461915],[151.22034496062548,-33.97318643373389],[151.22020859726362,-33.97323000118253],[151.2201746157931,-33.97315355959763]]],"crs":null},"id":18,"type":"Feature","properties":{"owner":"DP World Logistics","hectares":38.59343619,"inlandrail":null,"operator":"DP World Logistics","locality_name":"Port Botany","imt":1,"kfr":"Y","name":"Port Botany IMT","location":"Sydney Metro","state":"NSW","SHAPE__Length":3450.6431213340925,"objectid":18,"SHAPE__Area":562581.38596139,"status":"Operational"}},{"geometry":{"type":"MultiPolygon","coordinates":[[[[151.22452833675018,-33.967741126273054],[151.2239878437999,-33.96791680176725],[151.22398306296594,-33.96792361048916],[151.2239782084702,-33.967930361844104],[151.22397328121082,-33.96793709606309],[151.2239683171206,-33.96794377515019],[151.22396324343586,-33.96795043561135],[151.2239580960893,-33.96795704019561],[151.2239529146067,-33.9679636261539],[151.22394762083474,-33.967970155490356],[151.2239422929268,-33.96797664981049],[151.22393685452607,-33.967983106134184],[151.2239313792944,-33.967989525206534],[151.22392579446833,-33.9679958891471],[151.22392017370956,-33.96800221583629],[151.22391447928894,-33.96800850750919],[151.2239087489358,-33.96801476044074],[151.22390290898815,-33.96802095675047],[151.22389699537857,-33.96802711804398],[151.2238910467348,-33.96803322346074],[151.22388502442914,-33.968039290881144],[151.2238789284616,-33.96804532179532],[151.2238727606289,-33.96805129683275],[151.22386655506688,-33.96805721748353],[151.22386027674136,-33.96806310013803],[151.22385392565235,-33.96806892840591],[151.22384750090143,-33.96807471793245],[151.22384104111617,-33.96808045307242],[151.22383450677083,-33.96808615096115],[151.22382790145855,-33.968091794463284],[151.22382125841702,-33.96809738134378],[151.22381450578104,-33.96810293097304],[151.223807753145,-33.9681084247257],[151.2238008909146,-33.96811386409179],[151.22379402958242,-33.968119248326325],[151.2237870568592,-33.96812457593928],[151.22378004999996,-33.96812986704611],[151.2237729685806,-33.968135102276335],[151.22376585122856,-33.96814028237506],[151.22375866021477,-33.968145406597245],[151.22375143416664,-33.96815047643293],[151.22374417038924,-33.96815548890207],[151.22373679791568,-33.968160446984726],[151.22372942364547,-33.968165349190905],[151.2237219784084,-33.96817019701059],[151.2237144595095,-33.9681749882088],[151.2237069028813,-33.96817972353054],[151.22369931121887,-33.96818440521088],[151.22369164589455,-33.968189030269734],[151.22368394553598,-33.96819359870716],[151.2236762074481,-33.96819809413276],[151.22366839569833,-33.968202553052365],[151.22366054891435,-33.96820693821519],[151.2236526644011,-33.96821126675658],[151.22364470892094,-33.96821554016657],[151.22363671481324,-33.9682197584452],[151.2236286847729,-33.968223902222064],[151.22362061790164,-33.968227989377546],[151.2236124791652,-33.968232023636745],[151.2236043386321,-33.968236000529544],[151.2235961262338,-33.96823990441065],[151.22358787700452,-33.968243753160436],[151.22357959274092,-33.968247527408494],[151.22357123301893,-33.968251245035205],[151.2235628741952,-33.968254908275675],[151.2235544435063,-33.96825849701442],[151.2235460128173,-33.96826202987688],[151.22353750756818,-33.9682655083531],[151.22352900411573,-33.96826891307264],[151.22352042520478,-33.9682722611709],[151.22351184809042,-33.96827553551256],[151.22350319731424,-33.96827873535255],[151.22349454653806,-33.968281881551334],[151.22348585982925,-33.968284969638844],[151.2234771003569,-33.968287986204786],[151.22346833998628,-33.9682909275241],[151.22345954368302,-33.968293831592575],[151.22345071054883,-33.96829664402411],[151.22239111623017,-33.96865217708635],[151.2223825373192,-33.96865485987399],[151.22237396020486,-33.9686574867856],[151.222365310327,-33.9686600578213],[151.22235665955083,-33.96866257447105],[151.22234797284204,-33.96866499799428],[151.222339248404,-33.96866738352181],[151.2223305257626,-33.96866969603816],[151.2223217653919,-33.968671953423566],[151.22231300502128,-33.968674137052744],[151.2223041718871,-33.968676264061],[151.22229537558383,-33.96867831656805],[151.22228650651704,-33.96868031617919],[151.22227763745022,-33.96868223979914],[151.22226876748508,-33.96868410754316],[151.2222598615874,-33.9686859209013],[151.22225091975702,-33.96868765975823],[151.22224197702838,-33.968689324859014],[151.22223303519806,-33.96869093557391],[151.22222405474014,-33.96869246955258],[151.22221507518057,-33.96869394989041],[151.2222060605867,-33.9686953564721],[151.2221970082636,-33.96869670643283],[151.22218799277138,-33.968697983382505],[151.22217894044826,-33.96869920371121],[151.22212875336996,-33.96870579035707],[151.22212028495179,-33.9687069183043],[151.222111780601,-33.96870797324039],[151.22210331308116,-33.96870895442034],[151.22209480783204,-33.968709859609135],[151.22208626754863,-33.96871071041206],[151.22207772636688,-33.96871146957861],[151.22206918608347,-33.968712172869324],[151.22206064490175,-33.96871278228856],[151.22205210372007,-33.968713338067005],[151.22204352660572,-33.968713837969595],[151.222034985424,-33.9687142261205],[151.22202640741136,-33.9687145762758],[151.22201783029703,-33.96871483628477],[151.22200925228432,-33.968715039672844],[151.22200067427173,-33.96871515142451],[151.22199209715737,-33.96871520581034],[151.22198352094134,-33.96871518793008],[151.22197494203039,-33.9687150769234],[151.22196636491606,-33.968714911530896],[151.22195778780176,-33.96871468877253],[151.2219492106874,-33.968714374377726],[151.22194066950567,-33.96871398548184],[151.22193209149304,-33.9687135407101],[151.2219235503113,-33.96871300430194],[151.2219149722987,-33.96871241276297],[151.2219064320153,-33.96871174672283],[151.22189792766446,-33.968710989046315],[151.22188938738103,-33.96871019262921],[151.22188088303022,-33.968709304575675],[151.22187237688286,-33.968708342766014],[151.22186387343032,-33.968707326570524],[151.22185540411382,-33.96870623363886],[151.221846936594,-33.968705049815775],[151.22183850590503,-33.96870381086182],[151.22183007521613,-33.968702516032],[151.2218216427305,-33.96870112807575],[151.22181324797418,-33.96869968498863],[151.22180485231956,-33.96869814952003],[151.22179649439417,-33.96869655892056],[151.22178813557045,-33.96869489381996],[151.22177985040855,-33.96869317284345],[151.2217715293141,-33.96869135948546],[151.22176324235562,-33.96868949174159],[151.22175499312632,-33.968687549496515],[151.22174674479538,-33.96868553275028],[151.221738569228,-33.968683460873095],[151.22173035593136,-33.96868131523976],[151.22172221629657,-33.968679095105166],[151.2217140766618,-33.96867680046939],[151.22170597475625,-33.968674468582954],[151.221697907885,-33.968672045805015],[151.22168987784465,-33.96866954852584],[151.22168184780435,-33.96866699611572],[151.22167385459497,-33.96866436920437],[151.22166593325076,-33.96866168567202],[151.22165801280488,-33.96865892912848],[151.22165012918998,-33.96865611819893],[151.22164228240598,-33.96865321339783],[151.22163447065623,-33.96865027134602],[151.2216266966358,-33.96864723840267],[151.2216189576496,-33.9686441667186],[151.2216112563927,-33.96864102202322],[151.22160359106834,-33.96863780357157],[151.22159596257498,-33.968634527753856],[151.2215883709125,-33.96863117966984],[151.22158081518265,-33.9686277757098],[151.22157333311463,-33.96862431587369],[151.22156588608098,-33.96862078302629],[151.22155844174222,-33.9686171935578],[151.2215510683703,-33.96861353033295],[151.2215437318294,-33.96860981197705],[151.22153646895035,-33.968606037745076],[151.2215292420039,-33.968602209127035],[151.22152205099,-33.96859830526257],[151.22151489680712,-33.968594346266975],[151.22150781538772,-33.96859033139532],[151.22150077079928,-33.96858624276724],[151.22149376304174,-33.96858209900801],[151.22148682804774,-33.96857791725296],[151.22147992898635,-33.968573644606174],[151.2214730676542,-33.96856935333386],[151.22146627818728,-33.968564968189746],[151.22145956238225,-33.96856054728479],[151.2214528834081,-33.968556070503624],[151.2214462394682,-33.968551536356294],[151.22143966919026,-33.96854693143251],[151.22143313664148,-33.96854228702276],[151.2214266768563,-33.96853758822681],[151.22142028893634,-33.968532833554676],[151.22141393784725,-33.96852802375129],[151.22140765952176,-33.96852315732666],[151.22140141802717,-33.968518236515784],[151.22139525019443,-33.96851327845397],[151.2213891533286,-33.96850826600595],[151.22138309598864,-33.968503196936595],[151.2213771096156,-33.96849807199098],[151.2213711600734,-33.96849290979437],[151.22136532012573,-33.96848767458615],[151.22135951521244,-33.968482420752274],[151.22135378575754,-33.96847709241672],[151.22134809133695,-33.96847172832021],[151.22134250651078,-33.96846630760232],[151.22133695851565,-33.96846086900376],[151.2213314841823,-33.96845535515849],[151.22132608171418,-33.96844980555224],[151.2213207538062,-33.9684442179499],[151.22131549596685,-33.96843857521614],[151.22131027765337,-33.96843289746641],[151.22130513120507,-33.9684271623502],[151.22130009435128,-33.968421388492935],[151.22129509343011,-33.968415579619595],[151.22129016617077,-33.96840973498519],[151.221285311675,-33.968403832984315],[151.22128053084106,-33.96839789447731],[151.2212758218723,-33.9683919187192],[151.22127118566715,-33.968385906454955],[151.2212666240221,-33.9683798569396],[151.22126213334403,-33.9683737701731],[151.22125771722608,-33.968367628275125],[151.22125337477,-33.96836146775128],[151.22124910417918,-33.96835527072134],[151.2212449063518,-33.9683490356952],[151.22124078128806,-33.96834276416285],[151.22123676671703,-33.96833645537936],[151.22123278807865,-33.968330110089646],[151.22122888310213,-33.968323745429075],[151.22122508682173,-33.96831734500732],[151.2212213633049,-33.96831090807936],[151.2212177143482,-33.968304450290525],[151.22121413635836,-33.968297938860104],[151.2212106329288,-33.96829142668414],[151.22120720226272,-33.968284860121635],[151.2212038434619,-33.96827827344316],[151.22120059425552,-33.96827166888384],[151.22119741960924,-33.96826502781826],[151.22119431682827,-33.96825836738176],[151.22117391339327,-33.9682144293482],[151.22116351090227,-33.96821755543395],[151.2211843527151,-33.968263620484464],[151.2217816263779,-33.97134278504225],[151.2220141427128,-33.97277096176499],[151.22407526784335,-33.97212491856261],[151.22422549490497,-33.97064192623774],[151.22452833675018,-33.967741126273054]]],[[[151.22011406305475,-33.964046436071186],[151.22004456848603,-33.96413486403486],[151.22003004003298,-33.964150554071225],[151.220016170045,-33.9641655564225],[151.21998963560813,-33.96419737680609],[151.2199650711766,-33.964230287931855],[151.21994251358157,-33.964264180276096],[151.21992039436432,-33.96432066028436],[151.2198425050393,-33.96451942443536],[151.21983297750737,-33.96451528047802],[151.2198277214647,-33.96454029322868],[151.21982304932683,-33.96456530522695],[151.21981925394476,-33.964590409603744],[151.2198162975892,-33.964615587732794],[151.21981418026004,-33.96464082173294],[151.21981293878832,-33.96466611160409],[151.2198125372414,-33.964691400722685],[151.21981297561925,-33.964716708459896],[151.21981428895623,-33.964741998308504],[151.2198164790489,-33.964767213644976],[151.2198194722354,-33.964792411092894],[151.21982334127932,-33.96481749677655],[151.21982805114635,-33.96484249081219],[151.21983359914154,-33.964867373083756],[151.2198399493323,-33.96489210782923],[151.21984717538044,-33.964916675677465],[151.2198552422517,-33.96494107662869],[151.21986411311516,-33.9649652749209],[151.21987378437746,-33.96498926906417],[151.21988462524635,-33.96501335633118],[151.21991189001352,-33.96507189067118],[151.22051775336698,-33.96637345779073],[151.2208653429915,-33.96712024757691],[151.22088341080678,-33.96715902389819],[151.22091954464076,-33.967236649500066],[151.22116011706711,-33.96715902389819],[151.2212826481702,-33.967119488396165],[151.22416684120515,-33.96618884690331],[151.224295386529,-33.966149903997184],[151.2236551105136,-33.965640469987086],[151.2233570153664,-33.965420522496544],[151.22302825982015,-33.965186554234116],[151.22238691840286,-33.96477026684295],[151.2213321426474,-33.964178284875395],[151.22026553877458,-33.963649166608704],[151.22020078820887,-33.963825489811356],[151.22011807852405,-33.96403640841315],[151.22011406305475,-33.964046436071186]]]],"crs":null},"id":12,"type":"Feature","properties":{"owner":"DP World Logistics","hectares":19.45196157,"inlandrail":null,"operator":"DP World Logistics","locality_name":"Port Botany","imt":1,"kfr":"Y","name":"Port Botany IMT & Empty Park","location":"Sydney Metro","state":"NSW","SHAPE__Length":3375.5844449280025,"objectid":12,"SHAPE__Area":283524.020567395,"status":"Operational"}},{"geometry":{"type":"Polygon","coordinates":[[[150.84307932995534,-34.03357374867901],[150.84404767340743,-34.03120362087709],[150.8425146741206,-34.03087065746154],[150.84198943995375,-34.03039711299937],[150.84164601042733,-34.03008746034581],[150.8416182713497,-34.03016109020554],[150.8416041462402,-34.030199126045936],[150.8415923199195,-34.03022972459451],[150.84131619666573,-34.03092332695131],[150.84065346636154,-34.032652096881755],[150.84032836067033,-34.03350015528083],[150.84029737148794,-34.03358107399431],[150.84007070677885,-34.03417394301401],[150.83989663842962,-34.034629301479136],[150.8398736792876,-34.03468023261794],[150.8393186983084,-34.03610467818688],[150.83859428249025,-34.0379640570212],[150.83848715390107,-34.03823900372438],[150.8386007791064,-34.038271840765915],[150.83870903867452,-34.037994082555876],[150.83925485863438,-34.03659341112568],[150.83956094699104,-34.03667939859087],[150.8408020935236,-34.0370279942019],[150.8409331649101,-34.036724927023876],[150.84093520947567,-34.036666022934135],[150.84090243264592,-34.036616220777695],[150.84084746293698,-34.036585363242374],[150.84091721442388,-34.03641531086514],[150.84098214824587,-34.0364190664524],[150.8410463149066,-34.036393203889645],[150.84111384036822,-34.03630519875977],[150.8413187514744,-34.0363627527255],[150.84180438341195,-34.035165710188174],[150.84236130026056,-34.03533130446262],[150.84237699472686,-34.03529267612542],[150.84307932995534,-34.03357374867901]]],"crs":null},"id":13,"type":"Feature","properties":{"owner":"QUBE Holdings","hectares":16.1184368,"inlandrail":null,"operator":"QUBE Logistics","locality_name":"Minto","imt":1,"kfr":"Y","name":"Macarthur Intermodal Shipping Terminal (MIST)","location":"Sydney Metro","state":"NSW","SHAPE__Length":2866.068743535485,"objectid":13,"SHAPE__Area":235294.968193875,"status":"Operational"}},{"geometry":{"type":"Polygon","coordinates":[[[151.0689433607808,-33.88903563590609],[151.06893733667843,-33.88901008792603],[151.06890985362065,-33.88883122948024],[151.0688944861411,-33.88865137364257],[151.06888879261882,-33.88847112667176],[151.06889054433364,-33.888394389732944],[151.06889291678428,-33.88829082637432],[151.0689101078439,-33.88811109915192],[151.06891872268744,-33.8880441464459],[151.0689332134113,-33.887931815253204],[151.06895708434337,-33.88775260554967],[151.06894868779037,-33.88757243423476],[151.06856003617426,-33.88759424434515],[151.06836483405965,-33.88825958016029],[151.0682767605343,-33.8890352660346],[151.06826099150777,-33.88917414594376],[151.06803261191476,-33.88916519223482],[151.0680250202523,-33.890401713136804],[151.06805816179806,-33.89071806316624],[151.068310485985,-33.89185048501598],[151.0683402741198,-33.8920022211311],[151.0683568408503,-33.89215595689357],[151.06837574769204,-33.89240744574645],[151.06837655078593,-33.89241788003355],[151.06837746347426,-33.892428294931776],[151.06837844892613,-33.89243871057439],[151.06837950714151,-33.8924491269614],[151.0683806758497,-33.89245952395952],[151.0683819164231,-33.89246992021067],[151.06838322976006,-33.89248031795192],[151.0683846176572,-33.892490696304286],[151.06838611425042,-33.89250107465535],[151.06838768360723,-33.892511435108894],[151.0683893257276,-33.89252179406982],[151.06839107744239,-33.89253213587888],[151.06839290281903,-33.8925424784324],[151.06839480095923,-33.89255280085135],[151.068396771863,-33.89256310537275],[151.06839885325945,-33.89257342853491],[151.06840100562292,-33.892583713666205],[151.06840323164818,-33.89259400028766],[151.06840556816624,-33.8926042488783],[151.0684079406169,-33.89261451685531],[151.06840812297492,-33.892615268498034],[151.06840819663677,-33.89261564506508],[151.06840832240087,-33.89261609470849],[151.06841042266203,-33.89262476544351],[151.0684129774707,-33.89263497674657],[151.06841564277215,-33.89264518953982],[151.0684183440062,-33.89265538294422],[151.06842119076737,-33.89266557709308],[151.0684240734611,-33.892675733211206],[151.06842703071501,-33.89268589007381],[151.0684300957668,-33.89269602680193],[151.06843323448038,-33.89270612773636],[151.06843605608867,-33.89271499681217],[151.06843666604476,-33.89271717344158],[151.06843744578245,-33.892719294890945],[151.0684397319948,-33.89272631245107],[151.06844312672828,-33.892736375352456],[151.06844659512362,-33.892746421847754],[151.0684501353841,-33.89275642956672],[151.0684537475099,-33.892766438775865],[151.06845743509413,-33.89277642859624],[151.06846123047617,-33.89278638262304],[151.06846509952015,-33.89279631651541],[151.0684690413276,-33.89280623251043],[151.0684730567969,-33.892816129862375],[151.06930405143535,-33.894923317276564],[151.06931365083247,-33.89494749595068],[151.06932332299309,-33.89497165672217],[151.06933306881564,-33.894995800336694],[151.06934292513094,-33.89501992455735],[151.06935281648052,-33.895044009997044],[151.0693628174246,-33.89506807977118],[151.0693728911322,-33.89509212940581],[151.0693830744342,-33.89511614175089],[151.06939329366895,-33.89514013693916],[151.0694036242947,-33.89516411273363],[151.06941402588734,-33.89518806988],[151.06942450204016,-33.89521199048256],[151.0694350859909,-33.895235893182665],[151.0694457085691,-33.89525975859342],[151.06945643894517,-33.895283622506156],[151.06946724298314,-33.895307451366506],[151.06947812068285,-33.89533124219185],[151.0694891079771,-33.895355014369244],[151.06950013030567,-33.89537876864431],[151.06951126222864,-33.89540248488448],[151.0695224678135,-33.89542618396802],[151.0695337461619,-33.895449864403695],[151.06954023020162,-33.89546332641303],[151.06954057245972,-33.8954640705741],[151.06954097310836,-33.89546486842214],[151.06954513410471,-33.895473507550136],[151.06955655887853,-33.89549711266179],[151.06956809234845,-33.895520699871284],[151.06957970037857,-33.89554426843296],[151.06959137937557,-33.89556780119682],[151.06960313203447,-33.89559131382161],[151.0696149960844,-33.89561479064868],[151.06962689427033,-33.89563824882801],[151.06963890294907,-33.89566166971835],[151.06965098349298,-33.895685054065396],[151.06966313769877,-33.89570843840603],[151.06967125667234,-33.89572388082125],[151.069673213203,-33.89572777087781],[151.069675404194,-33.89573176681648],[151.06968770302853,-33.89575507583367],[151.0697000764233,-33.8957783505446],[151.06971256031076,-33.895801604371],[151.06972511606352,-33.895824840295454],[151.06973774368143,-33.895848021035576],[151.06975044675787,-33.895871183128186],[151.06976325763216,-33.89589432657325],[151.06977610623562,-33.8959174334753],[151.06978906263703,-33.895940501597345],[151.06980209449685,-33.8959635533089],[151.06981516139095,-33.895986548345014],[151.0742852779577,-33.90392336358915],[151.07429144579044,-33.90393463002377],[151.07429765135248,-33.90394587856304],[151.07430392967797,-33.903957089821915],[151.07431031669967,-33.90396826380044],[151.0743167414506,-33.90397941913801],[151.07432327489758,-33.903990537195256],[151.07432988020992,-33.90400161871773],[151.07433656008234,-33.904012663705466],[151.07434331271833,-33.90402368930674],[151.0743501012869,-33.90403467911888],[151.0743570362809,-33.90404564879905],[151.0743640090042,-33.90405656405062],[151.07437105179602,-33.90406744202197],[151.0743781700463,-33.90407831924634],[151.07438536016187,-33.90408914204219],[151.07439265987188,-33.90409992755784],[151.07439999820943,-33.904110676538856],[151.0744074075139,-33.904121387494115],[151.07441492551445,-33.90413208055419],[151.07442248214264,-33.904142718440276],[151.0744301106361,-33.90415333768561],[151.074437811893,-33.9041639189052],[151.074445621846,-33.90417444569644],[151.07445347042665,-33.90418493446201],[151.0744613899742,-33.90419540533243],[151.07446938318364,-33.90420582177456],[151.07447748688577,-33.90421621883041],[151.07448562652064,-33.90422655996685],[151.07449383891895,-33.90423686456879],[151.07450212497912,-33.90424713263631],[151.0745104820062,-33.90425736267821],[151.07451887766086,-33.904267556185715],[151.07452738201164,-33.904277712413226],[151.074535959126,-33.904287813466965],[151.07454457396955,-33.90429787798634],[151.0745455585231,-33.90429900678708],[151.074553296611,-33.90430790448017],[151.07456205698162,-33.90431789518523],[151.0745708901158,-33.904327829970995],[151.07457979691182,-33.904337746116276],[151.0745887755731,-33.90434758770289],[151.07459782699792,-33.90435741064903],[151.0746069161519,-33.90436717916705],[151.07461611400214,-33.90437690965971],[151.07462534778497,-33.90438658497873],[151.07463465522963,-33.90439622301793],[151.07463839042458,-33.90440004632274],[151.07464878123744,-33.90441135742881],[151.07466185441976,-33.90442375707151],[151.07466298000884,-33.90442488139716],[151.074672542575,-33.90443435242348],[151.07468217970143,-33.90444374963693],[151.07469188779464,-33.90445312970117],[151.0747016327189,-33.904462453846314],[151.07471145310157,-33.90447172132687],[151.07472134355285,-33.90448095376444],[151.07473130766593,-33.90449012953745],[151.07474130861002,-33.90449926877637],[151.07474414369307,-33.904501811927126],[151.0747594851215,-33.904516362535446],[151.07477452291937,-33.90452878676673],[151.07478200588565,-33.904535306803396],[151.07479233561307,-33.904544205217384],[151.07480273810407,-33.904553049203656],[151.07481317742602,-33.90456183503432],[151.07482365268055,-33.90457058582212],[151.07483423842783,-33.90457926205182],[151.07484485920946,-33.90458790323867],[151.0748555536529,-33.90459650490932],[151.07486628402896,-33.904605033513015],[151.07487708896525,-33.90461352483722],[151.07493530608386,-33.90465997771142],[151.0754583510563,-33.90507731954659],[151.07562873271968,-33.90524376527473],[151.07591255723025,-33.90553935816559],[151.07611648288463,-33.9057514045839],[151.07644899698198,-33.90612499316695],[151.07711647308582,-33.90680111348127],[151.07739080689555,-33.90706172271012],[151.07823067149909,-33.90649404936949],[151.07823110987692,-33.906493754129336],[151.07836838682536,-33.90639466819733],[151.07840364570023,-33.90634825130956],[151.0784287931383,-33.906297487795555],[151.07844353988207,-33.90624393064509],[151.0784475176221,-33.90618907768016],[151.07844054669556,-33.90613444685652],[151.07840492220632,-33.90597786290489],[151.07782734680112,-33.90465960790774],[151.07779738079986,-33.9045911956872],[151.0775677211076,-33.90465960790774],[151.0775096135834,-33.9046769059213],[151.07750213241374,-33.90465971974352],[151.07735014555254,-33.90431192014729],[151.0769829933161,-33.90347161195922],[151.07673501248362,-33.90290410707298],[151.07701956642626,-33.90281722970235],[151.07584999675728,-33.90015500548794],[151.0758115255069,-33.90006727904631],[151.07573586130886,-33.89989537725004],[151.0749283360555,-33.898052814818016],[151.07475393892295,-33.89815432404593],[151.07470440851313,-33.89808176687061],[151.07450672345507,-33.89770092531648],[151.0741179263119,-33.89688783270388],[151.07437966753793,-33.89680064199908],[151.07387290273326,-33.89564470541856],[151.07379125126388,-33.89545844835494],[151.07299431085954,-33.89430134749782],[151.07247677705135,-33.89354591864167],[151.07238227877502,-33.89340946256837],[151.07212874994732,-33.893506661388585],[151.07169001994905,-33.8927105324473],[151.07160052259394,-33.89259949518481],[151.07000047305428,-33.889620791427575],[151.0696057254707,-33.88976829070107],[151.06951261329485,-33.88959494608701],[151.0691622496728,-33.889725852779314],[151.06897898437168,-33.88918702132638],[151.0689433607808,-33.88903563590609]]],"crs":null},"id":14,"type":"Feature","properties":{"owner":"NSW Ports/LINX Cargo Care Group","hectares":59.03418662,"inlandrail":null,"operator":"LINX Cargo Care Group","locality_name":"Strathfield South","imt":1,"kfr":"Y","name":"Enfield Intermodal Logisics Centre (ILC)","location":"Sydney Metro","state":"NSW","SHAPE__Length":6108.129363596998,"objectid":14,"SHAPE__Area":859047.53434251,"status":"Operational"}},{"geometry":{"type":"Polygon","coordinates":[[[150.9885425591222,-33.88236813655638],[150.98856964153143,-33.882321275536434],[150.9866460862,-33.8820764837874],[150.98662586332637,-33.88216187508904],[150.98605345862393,-33.882103400838844],[150.98551177540597,-33.88249716158511],[150.9853118760007,-33.882596167896175],[150.98527491751327,-33.88278543087994],[150.9850718928692,-33.88294583246626],[150.98517248262146,-33.88305577334889],[150.98560975375565,-33.88343831052459],[150.98591662993485,-33.8834198925492],[150.98619216748693,-33.88316610710531],[150.98752458824225,-33.88326933885643],[150.98836021549258,-33.88370993213217],[150.9885425591222,-33.88236813655638]]],"crs":null},"id":15,"type":"Feature","properties":{"owner":"Toll Resources NSW","hectares":3.66618122,"inlandrail":null,"operator":"Toll Group/LOGOS","locality_name":"Villawood","imt":1,"kfr":null,"name":"Villawood IMT","location":"Sydney Metro","state":"NSW","SHAPE__Length":1071.9618485919389,"objectid":15,"SHAPE__Area":53330.75484201,"status":"Operational"}},{"geometry":{"type":"Polygon","coordinates":[[[151.17559345696245,-33.91680990091044],[151.17527806116112,-33.916466280042776],[151.1750668708311,-33.916603365662546],[151.17477834004671,-33.91679132613974],[151.17476720722533,-33.916799521045505],[151.17472807930656,-33.91682688261725],[151.1745388994976,-33.91664066213886],[151.17447308891988,-33.9165761710038],[151.1743718389059,-33.91665087429307],[151.17418751269446,-33.916786738542754],[151.17417627117698,-33.916795470184326],[151.17416265810718,-33.916805071038084],[151.17365541719545,-33.917162177450194],[151.17319496952692,-33.91748675870751],[151.1731616456231,-33.91751025335991],[151.17234229315082,-33.91821027578081],[151.1719745552128,-33.91849941133485],[151.17195203444865,-33.91851759660793],[151.17178964599472,-33.91864504399151],[151.17170576939836,-33.9187107560972],[151.17159079492345,-33.918801183493294],[151.17077859573573,-33.91943974923548],[151.16971622831775,-33.92027533793441],[151.1696727561462,-33.92030954446603],[151.1696667697732,-33.920314261579016],[151.16960486596867,-33.92036282442136],[151.1695055122982,-33.920441080110685],[151.16942667255563,-33.92050307335499],[151.16921500971176,-33.92066920271286],[151.16897086199057,-33.92061070566763],[151.16889647340022,-33.92057968150923],[151.1689469892619,-33.92063031501112],[151.16906141756112,-33.92078973077067],[151.16932691823658,-33.92100536650471],[151.16970268711316,-33.92132047664518],[151.16999610922431,-33.92154060818081],[151.17081816203242,-33.922135475570606],[151.17084053547288,-33.92211865965949],[151.17094521974616,-33.92203907270022],[151.17096872506394,-33.922021756593175],[151.17105128832338,-33.92208234357147],[151.171453517975,-33.92177602030507],[151.1717902667306,-33.92152455099438],[151.17242423567436,-33.92104540050449],[151.17249522683636,-33.92099206506881],[151.17343331413136,-33.920282719980605],[151.17370038416362,-33.92008075522555],[151.17373381856018,-33.92011126223244],[151.17374265169437,-33.92010410156616],[151.17438260611289,-33.919619661637604],[151.1743924606316,-33.91961190979514],[151.1766299115777,-33.91791449872354],[151.17659994467812,-33.91788184476135],[151.17659596603977,-33.917877701515074],[151.17653362385735,-33.917809547395436],[151.1764906628272,-33.917842033657564],[151.1764959188699,-33.91779367437917],[151.1759292570971,-33.917176699060605],[151.175730514722,-33.91695952767113],[151.17559345696245,-33.91680990091044]]],"crs":null},"id":16,"type":"Feature","properties":{"owner":"Maritime Container Services (MCS)","hectares":17.28958974,"inlandrail":null,"operator":"Maritime Container Services (MCS)","locality_name":"St Peters","imt":1,"kfr":"Y","name":"Cooks River IMT","location":"Sydney Metro","state":"NSW","SHAPE__Length":2393.0397440737956,"objectid":16,"SHAPE__Area":251719.22794962,"status":"Operational"}},{"geometry":{"type":"Polygon","coordinates":[[[151.21439356527432,-33.964059052039055],[151.2143664101016,-33.964062363050424],[151.21428162081688,-33.96407932788399],[151.2142145687674,-33.9641005842122],[151.21238183131464,-33.96455387097993],[151.21220878524824,-33.96459640276507],[151.2121815564136,-33.96452273542884],[151.211723154209,-33.96463538214469],[151.2115949376685,-33.96426518162366],[151.2057782680504,-33.96566014197425],[151.20581303375022,-33.96581956506847],[151.20506833307462,-33.96589070709945],[151.2036796849691,-33.96613750216418],[151.20357337205013,-33.96548417125331],[151.2013888372641,-33.96591660454819],[151.201642141513,-33.96718928755039],[151.2020017461044,-33.96707067581621],[151.20214949651074,-33.96774036262773],[151.2028559819558,-33.967598384079146],[151.2036721660701,-33.97090974907389],[151.2078099158633,-33.96986768130538],[151.20781838248482,-33.969865553581926],[151.20781455027176,-33.96985436142791],[151.20782520878268,-33.96985941104667],[151.20791945103912,-33.96983663858972],[151.20792751701205,-33.96982470590031],[151.20825003196197,-33.96974341650445],[151.21839892944573,-33.967185201090025],[151.21842703323938,-33.96719887229217],[151.21849211348677,-33.96738011646346],[151.21905096530645,-33.96726227162513],[151.21912578868142,-33.9672464912698],[151.219113780901,-33.96721476366492],[151.21910469354358,-33.9671907135276],[151.21913498832822,-33.967183720725934],[151.21915772738305,-33.96717219593788],[151.21953677870368,-33.96708785387207],[151.21954433533188,-33.967094328888905],[151.21955849637396,-33.967091202016846],[151.2195620384312,-33.96708254407483],[151.21982520258862,-33.96702487981899],[151.21983235766984,-33.96703131833436],[151.21984564285458,-33.967028210085616],[151.21984819676493,-33.967019237736125],[151.21996320896903,-33.96699429947207],[151.2199709470569,-33.96700127366363],[151.21998510899735,-33.966998091656215],[151.21998817494745,-33.966988156729414],[151.2200608827899,-33.966972136424715],[151.22012063423105,-33.966957502611635],[151.22008062865817,-33.96686792577003],[151.2200436548994,-33.96681494237939],[151.22002989540417,-33.96675881270073],[151.22008263729114,-33.96674514217291],[151.2199586464257,-33.96647209994511],[151.2198951373318,-33.966283362536345],[151.21983513076913,-33.9661911408612],[151.21982936358498,-33.96618207454922],[151.2198234877047,-33.96617304697797],[151.21981753726425,-33.96616403803162],[151.21981155178952,-33.96615508347178],[151.21980545582204,-33.96614614753685],[151.21979928888763,-33.96613726747851],[151.21979308242726,-33.966128406790126],[151.21978676816914,-33.96611958260751],[151.21978038024918,-33.96611079418558],[151.21977392046398,-33.96610204524958],[151.2197673870169,-33.96609333058425],[151.2197607808063,-33.96608467254064],[151.2197541009339,-33.96607603386703],[151.21974738423046,-33.96606743095424],[151.21974055883098,-33.96605888391809],[151.2197336615662,-33.96605037338784],[151.21972672567387,-33.96604190085348],[151.21971968108545,-33.966033464079985],[151.21971256373342,-33.96602508467332],[151.2197054104488,-33.96601672165658],[151.21969818260402,-33.96600841526168],[151.21969084606314,-33.9660001453727],[151.2196834726913,-33.965991914224766],[151.21967602745423,-33.96598373671854],[151.21966850855523,-33.965975596463295],[151.21966095192712,-33.96596751282997],[151.21965328750107,-33.96595946495755],[151.21964558624416,-33.96595145433617],[151.21963777539273,-33.96594349959172],[151.21962992771043,-33.96593558135324],[151.21962200726455,-33.965927699620785],[151.21961405088612,-33.96591987451032],[151.21960598491322,-33.965912104531796],[151.2195978803127,-33.965904371059295],[151.2195897047453,-33.96589669495388],[151.21958145551608,-33.9658890732354],[151.21957317035418,-33.965881467907046],[151.21956477469953,-33.965873937826665],[151.21955634311226,-33.965866446487475],[151.21954783876149,-33.965859009535315],[151.21953929847808,-33.96585162846018],[151.21953068453283,-33.96584428389125],[151.2195219969257,-33.965836995199375],[151.21951327428428,-33.9658297430137],[151.21950447708272,-33.965822564586006],[151.21949560711758,-33.96581542415459],[151.21948670211822,-33.96580833885532],[151.2194777234569,-33.96580130868816],[151.21946867203212,-33.96579431577227],[151.21945958197978,-33.96578739661449],[151.2194504209605,-33.965780514707944],[151.2194412231103,-33.96577370730458],[151.2194319524966,-33.965766917036504],[151.2194226441536,-33.96576020201665],[151.21941322801274,-33.96575354138399],[151.2194038100753,-33.96574693662859],[151.2193943202727,-33.96574040563138],[151.21938479274075,-33.9657338947497],[151.21937519424196,-33.96572745688118],[151.2193655220813,-33.9657210733999],[151.2193558121914,-33.96571474654101],[151.21934606726722,-33.96570847555949],[151.21933624868115,-33.965702258220205],[151.21932639416244,-33.96569609899339],[151.2193164650836,-33.96568999340888],[151.2193065018688,-33.96568396232768],[151.21929650002645,-33.965677968497985],[151.21928642631886,-33.965672048426626],[151.21927631667867,-33.965666184977735],[151.21926616930918,-33.96566037517115],[151.2192559500745,-33.96565462124206],[151.21924569221227,-33.965648923190436],[151.21923539931572,-33.96564329964227],[151.21922503365568,-33.965637730481475],[151.21921463026638,-33.965632218688306],[151.2192041909445,-33.965626760537525],[151.21919371658828,-33.96562137763526],[151.2191831676719,-33.96561604912048],[151.21917258372125,-33.96561079585424],[151.21916196204128,-33.96560559697548],[151.21915130353045,-33.96560043460334],[151.219140609087,-33.965595366850756],[151.21912984188,-33.965590333369654],[151.21911903694377,-33.96558537662724],[151.2191081969732,-33.96558049140825],[151.21909732017176,-33.96557566355699],[151.2190864433703,-33.965570890838315],[151.2190754569744,-33.96556619187823],[151.21906447057842,-33.965561548795804],[151.21905344735157,-33.96555697872691],[151.21904235225955,-33.965552464535726],[151.21903125447247,-33.965548024848204],[151.21902012254952,-33.96554364029335],[151.2190089537956,-33.96553931087115],[151.21899771137979,-33.96553507457862],[151.21898646986233,-33.96553087479282],[151.21897519061562,-33.96552674951073],[151.21896387633458,-33.96552269873234],[151.21895248749345,-33.96551870234165],[151.21894113638152,-33.965514780454704],[151.21892971250605,-33.96551093232648],[151.21891825179966,-33.965507140076],[151.21890675426235,-33.96550340221328],[151.21889525492836,-33.96549975897038],[151.21888372235676,-33.96549616862512],[151.218872115225,-33.965492635647784],[151.21886050809317,-33.96548917568415],[151.21884890006308,-33.96548579096938],[151.2188372219644,-33.96548246064235],[151.2188255402724,-33.96547920481918],[151.21881382444448,-33.96547602200977],[151.21880207178566,-33.96547291444927],[151.21879031822846,-33.9654698627666],[151.21877852873865,-33.96546688335269],[151.21876670241792,-33.965463960561706],[151.21875487699555,-33.96546113015554],[151.2187430147422,-33.96545833625623],[151.218731115658,-33.965455654112844],[151.2187192165737,-33.96545300847626],[151.21870728065855,-33.96545043659861],[151.2186953097091,-33.96544793922483],[151.21868333606466,-33.96544551635499],[151.21867136511517,-33.96544314861805],[151.2186593196055,-33.96544087252094],[151.21864731092683,-33.965438633675774],[151.2186352663155,-33.965436488705606],[151.2186231848732,-33.96543441674926],[151.21861110343096,-33.965432399925874],[151.2185989851578,-33.965430475487395],[151.21858686778293,-33.965428588300874],[151.21857474950977,-33.96542679424433],[151.21856259530395,-33.965425073946726],[151.2185504410982,-33.96542340803702],[151.2185382491631,-33.9654218173763],[151.21852609405897,-33.96542031910058],[151.21851386708965,-33.96541885807681],[151.21850167695126,-33.965417487947896],[151.21848944908365,-33.96541619381312],[151.21847722121595,-33.96541495481122],[151.2184649574157,-33.96541378807827],[151.21845269361546,-33.96541269733939],[151.21844042981516,-33.965411679614434],[151.2184281651166,-33.96541073713855],[151.21841590131635,-33.9654098661865],[151.21829859032337,-33.965400653763275],[151.21804057261429,-33.96538063676239],[151.21766841766,-33.96536071139673],[151.2176046893771,-33.965358047876265],[151.2175968416948,-33.96535778934712],[151.2175889949108,-33.965357604577044],[151.21758114722846,-33.96535747419491],[151.21757329954613,-33.96535743768792],[151.2175654509655,-33.96535743768792],[151.21755760507986,-33.965357547953964],[151.2175497564992,-33.96535769621704],[151.21754187288428,-33.96535793761023],[151.21753406113453,-33.965358251272384],[151.2175262134522,-33.96535860293158],[151.21751836666826,-33.96535906560186],[151.21751051898593,-33.96535958340512],[151.21750270723618,-33.96536017496742],[151.21749489728313,-33.96536084177885],[151.21748704960078,-33.96536156372327],[151.2174792387494,-33.96536235868169],[151.21747146383058,-33.9653632281441],[151.21746368891183,-33.9653641713656],[151.21745591578969,-33.965365189091095],[151.21744814087089,-33.96536628057565],[151.21744040188466,-33.96536740856716],[151.21743266469514,-33.96536864831475],[151.21742496253992,-33.965369925314356],[151.2174172621813,-33.9653712939539],[151.21740959685704,-33.96537273784255],[151.217401932431,-33.9653742353741],[151.21739426710667,-33.965375788783675],[151.21738663681666,-33.96537743681332],[151.21737904605246,-33.96537915636688],[151.21737145528832,-33.96538091466247],[151.21736389866012,-33.965382764598026],[151.21735637976124,-33.9653846689215],[151.217348859964,-33.96538664923904],[151.21734137789596,-33.96538870257049],[151.21733393176063,-33.96539081103492],[151.21732648742181,-33.96539299400331],[151.21731907632076,-33.965395233594705],[151.2173117038472,-33.96539756408098],[151.21730436640797,-33.9653999504452],[151.21729706669794,-33.965402392687395],[151.21729593571905,-33.96540279947943],[151.21729487750363,-33.96540326214945],[151.21729385522087,-33.96540381720448],[151.21729290570158,-33.96540440876646],[151.21729195708068,-33.96540503832553],[151.21729108032497,-33.96540574089853],[151.21729027812935,-33.965406479978476],[151.21728954779906,-33.96540729505256],[151.2172888920289,-33.96540812800757],[151.2172882703947,-33.96540899746957],[151.21728775925328,-33.965409903438506],[151.21728732177377,-33.965410828778495],[151.21728695615948,-33.96541179062543],[151.2172866651053,-33.965412771098386],[151.21728648274728,-33.96541375157131],[151.21728633542364,-33.96541475067022],[151.217286299491,-33.965415730398085],[151.21728637315283,-33.96541674886805],[151.21728651867988,-33.96541774722188],[151.21728673786885,-33.965418709068764],[151.21728702892298,-33.96541969028665],[151.21728743136822,-33.96542063350752],[151.2172879056787,-33.96542154022137],[151.21728845365104,-33.96542242681913],[151.21730257876055,-33.96544379605777],[151.21721078171828,-33.96547963023684],[151.217117195232,-33.965508490087394],[151.21703324587205,-33.96554330726088],[151.21698083097186,-33.965456061649604],[151.21688983612515,-33.96536738994114],[151.2168802744573,-33.965313870676226],[151.21682139977187,-33.96525220956309],[151.21670339438123,-33.965124652379835],[151.21669284546485,-33.9651183254766],[151.21668222468324,-33.965112052961004],[151.21667156707073,-33.96510583781325],[151.21666090855982,-33.96509967630812],[151.21665014225115,-33.96509357291592],[151.21663937324755,-33.965087522421335],[151.2166285341753,-33.965081527804564],[151.21661765647553,-33.96507558981065],[151.2166067428432,-33.965069707694525],[151.21659575644722,-33.96506389859226],[151.2165847323221,-33.96505814387778],[151.2165736740609,-33.965052427905164],[151.21656257807055,-33.965046785691435],[151.21655144614752,-33.965041197865524],[151.2165402396644,-33.965035667407605],[151.21652899814694,-33.96503020921853],[151.21651771890015,-33.9650248069074],[151.21650644145012,-33.96501946121923],[151.2164950535073,-33.96501417066396],[151.21648366466607,-33.96500895386772],[151.2164722398923,-33.96500377357826],[151.21646074325332,-33.96499866704788],[151.21644924661427,-33.96499361639544],[151.21643767451678,-33.964988658873175],[151.2164261042159,-33.96498371997678],[151.21641446115152,-33.96497885334935],[151.21640278125622,-33.96497406122606],[151.2163911004626,-33.964969325725825],[151.21637934780372,-33.96496464535857],[151.21636755831395,-33.9649600387505],[151.21635573199322,-33.96495548802044],[151.21634390567252,-33.964951011049564],[151.21633200658823,-33.964946571330636],[151.21632010840233,-33.96494222325194],[151.21630813745278,-33.9649379317964],[151.21629616380844,-33.96493367610276],[151.21628415602802,-33.96492951279442],[151.21627211141669,-33.96492540685435],[151.21626002997445,-33.96492135530227],[151.21624791080296,-33.96491737825446],[151.2162357574955,-33.964913456339815],[151.21622360149303,-33.964909608184364],[151.21595094753295,-33.96482887436464],[151.2159374431593,-33.96482463729173],[151.21592393788728,-33.96482034508517],[151.21591046854792,-33.96481596123785],[151.21589703693778,-33.96481152076684],[151.21588364126026,-33.96480702516223],[151.21587028151535,-33.964802455797866],[151.215856960398,-33.96479781267374],[151.21584363838232,-33.964793112925896],[151.2158303873336,-33.9647883401633],[151.21581713897982,-33.96478351226709],[151.21580396249118,-33.96477860912094],[151.21579078600263,-33.964773651586185],[151.21577768227755,-33.96476861880149],[151.21576461448512,-33.964763531628165],[151.215751547591,-33.96475836994994],[151.21573855435872,-33.96475315313797],[151.21572556022818,-33.96474786256614],[151.21571263886113,-33.96474251611553],[151.21569975522328,-33.964737077278855],[151.2156869066198,-33.96473160118954],[151.21567405891457,-33.96472606922137],[151.2156612830746,-33.964720464983394],[151.21564858179485,-33.964714803376445],[151.21563587961666,-33.96470906875458],[151.2156232133712,-33.96470327676375],[151.21561062168587,-33.96469741250303],[151.21559806503478,-33.96469149310846],[151.21558550838375,-33.964685517089926],[151.2155730262929,-33.96467946805641],[151.21556061696558,-33.96467336388899],[151.21554820584163,-33.964667202352544],[151.21553586927783,-33.9646609685461],[151.21552356864663,-33.964654678115664],[151.2155113048464,-33.96464833180623],[151.21549907697872,-33.964641913226764],[151.2154869227729,-33.96463545590435],[151.21547480449973,-33.964628926311924],[151.21546275988837,-33.9646223214692],[151.21545071437876,-33.96461566149248],[151.21543874253098,-33.96460896426289],[151.21542680841242,-33.96460219327305],[151.21541494526082,-33.96459527476331],[151.21540308210913,-33.964588318255586],[151.21539129261936,-33.96458130735883],[151.21537953996045,-33.9645742405829],[151.2153678241325,-33.964567117927835],[151.21535614333894,-33.9645599580198],[151.2153445362071,-33.96455274223257],[151.21533292997367,-33.96454549142749],[151.2153213956054,-33.96453818250804],[151.21520050841934,-33.9644548965443],[151.21512714211173,-33.964393716855284],[151.215114039285,-33.964394474570256],[151.21510093555992,-33.964395307535206],[151.21508786866582,-33.96439621426],[151.21507476494077,-33.96439717611844],[151.21506169804667,-33.96439821248175],[151.21504863115254,-33.96439930397868],[151.21503556425844,-33.96440046998053],[151.21502253329692,-33.96440169037094],[151.2150094673011,-33.96440300389244],[151.21499643544126,-33.96440437329263],[151.21498344220896,-33.96440579708136],[151.21497041124746,-33.964407296120044],[151.2149574180152,-33.964408868173464],[151.21494442388465,-33.96441049610557],[151.21493142885575,-33.96441217842621],[151.2149184715561,-33.96441395611308],[151.21490551515475,-33.96441578669837],[151.21487682565953,-33.96429642530129],[151.21488938231056,-33.96429463122088],[151.21490193806326,-33.964292872902796],[151.21491452974863,-33.9642911905798],[151.2149271232306,-33.964289562645426],[151.21493971581427,-33.964288008470994],[151.2149523434322,-33.964286491549025],[151.21496493601583,-33.96428504764193],[151.2149776022613,-33.96428366035863],[151.2149902316759,-33.964282310327796],[151.21486434356865,-33.96418031886469],[151.21483390146028,-33.964157433874476],[151.2148056503429,-33.96413882472811],[151.214775867598,-33.96412237697215],[151.21477170480497,-33.96412012021106],[151.21476750787593,-33.96411789995741],[151.2147632381834,-33.96411575420888],[151.2147589298633,-33.96411366433915],[151.21475458740724,-33.964111646739376],[151.2147502072219,-33.96410966862731],[151.21474575427303,-33.96410774415891],[151.2147413004258,-33.964105912076846],[151.21473681154438,-33.96410409862106],[151.21473228583193,-33.964102379786816],[151.2147277232886,-33.9641007138512],[151.2147231239144,-33.964099103794425],[151.21471848770918,-33.96409756898784],[151.21471381736802,-33.96409608782495],[151.21470914523027,-33.964094664031016],[151.2147044362615,-33.96409331399721],[151.21469969136018,-33.96409203697845],[151.21469491052625,-33.964090815838524],[151.21469012879402,-33.964089651322574],[151.2146853102308,-33.96408855982165],[151.21468049256595,-33.96408754133578],[151.21467560123924,-33.96408657947388],[151.21467074674345,-33.96408567274578],[151.2146658545184,-33.96408484052286],[151.21466092815737,-33.964084082060054],[151.21465600089803,-33.96408339735742],[151.21465107274042,-33.96408276778858],[151.21464610954845,-33.96408219484366],[151.21464114545816,-33.96408171354017],[151.21463618136795,-33.96408128960564],[151.21463121727763,-33.96408093719609],[151.2145832939539,-33.96407779158697],[151.21458263638706,-33.96408189905808],[151.21457164909285,-33.96408132611319],[151.21457201470722,-33.96407703312409],[151.21451156976664,-33.964072870518876],[151.2145048539616,-33.96407242721296],[151.21449817498745,-33.96407205692215],[151.2144914582841,-33.96407174325526],[151.21448474247904,-33.964071483977186],[151.21447802667393,-33.96407127983292],[151.21447134680153,-33.964071151684],[151.21446463189477,-33.96407105780746],[151.2144579151914,-33.9640710399262],[151.21445645542903,-33.96407109580509],[151.21445503249765,-33.964071225444144],[151.21445360866792,-33.964071447469635],[151.2144521848382,-33.96407170600265],[151.21445079873772,-33.96407203904089],[151.21444941173888,-33.964072446584325],[151.21444809750366,-33.96407292714283],[151.21444678326836,-33.964073482206565],[151.2144455049657,-33.9640740737778],[151.2144443003249,-33.96407472048291],[151.2144194080084,-33.9640890955139],[151.21439356527432,-33.964059052039055]]],"crs":null},"id":17,"type":"Feature","properties":{"owner":"Patrick Services","hectares":69.09340108,"inlandrail":null,"operator":"Patrick Services","locality_name":"Banksmeadow","imt":1,"kfr":"Y","name":"Port Botany IMT","location":"Sydney Metro","state":"NSW","SHAPE__Length":5316.114501814468,"objectid":17,"SHAPE__Area":1007044.469847535,"status":"Operational"}},{"geometry":{"type":"Polygon","coordinates":[[[150.84793810173147,-34.01319403726549],[150.84798244886213,-34.01310899326521],[150.84808198399227,-34.01291798108151],[150.84812260940265,-34.01284000329178],[150.84834489392645,-34.012499510383535],[150.84858823945208,-34.01211415508864],[150.84889867206147,-34.01172289979646],[150.8491464705359,-34.01137650636987],[150.8494362445887,-34.01101264673226],[150.84969667157944,-34.010668232649344],[150.85013076716916,-34.01019048809129],[150.84676546611237,-34.00906896295929],[150.8452052739236,-34.008851976158596],[150.8450884372411,-34.00883573289923],[150.84492039119755,-34.008830868782304],[150.84340589720557,-34.00878698597539],[150.84085954976914,-34.00871317076869],[150.84061018103955,-34.00870591926225],[150.83953138613003,-34.00867548571512],[150.83833659625938,-34.007964696318595],[150.8383223247245,-34.008000364384806],[150.8394535327376,-34.00867413489996],[150.84491904102964,-34.011925029799635],[150.84567499310424,-34.01237465412814],[150.8459999155391,-34.01256788652244],[150.84650449204767,-34.012867938621106],[150.847722604878,-34.013592287421154],[150.84793810173147,-34.01319403726549]]],"crs":null},"id":19,"type":"Feature","properties":{"owner":"Patrick Services","hectares":24.20210493,"inlandrail":null,"operator":null,"locality_name":"Ingleburn","imt":1,"kfr":null,"name":"Ingleburn IMT","location":"Sydney Metro","state":"NSW","SHAPE__Length":3200.0471214363533,"objectid":19,"SHAPE__Area":353107.54210444,"status":"Proposed"}},{"geometry":{"type":"Polygon","coordinates":[[[150.8175859380994,-33.79624488485099],[150.8160345431121,-33.79602778720395],[150.8152905278511,-33.79592366840651],[150.81460436409435,-33.79582767239348],[150.81366587615076,-33.79570274177228],[150.81164173286376,-33.79543327098987],[150.81168856203954,-33.795640027054255],[150.81180528822927,-33.79595249160071],[150.81196358934858,-33.796110759952725],[150.8123202303979,-33.7961134235359],[150.81263230512755,-33.796180929815],[150.81311604072155,-33.796306601030956],[150.8133238354198,-33.79654079170096],[150.81322371548643,-33.7967408690116],[150.81304661711974,-33.79701653844668],[150.8127775034202,-33.79733257374814],[150.81280520566696,-33.79744723675547],[150.81318473309466,-33.79739761931949],[150.8134362173568,-33.79749113665862],[150.81357805684857,-33.7977260870168],[150.81363320801714,-33.7980311886525],[150.81366229905927,-33.79803044886779],[150.8140958089474,-33.798019644725926],[150.8143861669051,-33.79812139530769],[150.8145337367501,-33.79826882119996],[150.81431115937553,-33.79856334152387],[150.81412457030788,-33.79877311333972],[150.81410581078975,-33.79920255392686],[150.8141574216978,-33.79960058083206],[150.81410142970614,-33.80016708837103],[150.81414548578263,-33.80056328340487],[150.81416128984344,-33.80099821953401],[150.81423739241936,-33.80118788055478],[150.81436244150018,-33.80128200959445],[150.8142253100788,-33.80154966744393],[150.81397663574688,-33.80189554330036],[150.81394327591047,-33.80217607653543],[150.81416212886992,-33.80233719308958],[150.81468061040073,-33.80241513377351],[150.81506039384834,-33.80261543323482],[150.8149931612376,-33.80300143596887],[150.8148493140111,-33.80334486952273],[150.81450183487945,-33.803499233679375],[150.8143717480465,-33.80393651964673],[150.81418005025984,-33.804365551397666],[150.81415961089212,-33.804651525587985],[150.81431648638517,-33.80492800854598],[150.81423640517087,-33.80526977652462],[150.8146226133694,-33.805482730390494],[150.8152843573234,-33.80571527469312],[150.81545032286877,-33.80586092591799],[150.8152118327373,-33.80606518385985],[150.81494450578677,-33.80617914471802],[150.81479938205436,-33.80625549424297],[150.81475704265839,-33.80631132580699],[150.81508729389955,-33.806452869907275],[150.81529618364414,-33.80668706192508],[150.81513441502779,-33.806898700793504],[150.8152167959292,-33.80714972792539],[150.81571783127896,-33.80729167893182],[150.81570531056047,-33.80747571665222],[150.81578871374472,-33.80774659458582],[150.81552200932674,-33.8079850585359],[150.8154705807768,-33.80800646351624],[150.81522113928364,-33.80810730652614],[150.81496111294146,-33.80818883594106],[150.81484591927764,-33.80825569525809],[150.81477109410605,-33.80835772327831],[150.81476901450617,-33.808439511459724],[150.814776387878,-33.80855593231329],[150.8147739776981,-33.808650633209446],[150.81473010397963,-33.80875319742729],[150.81458724400167,-33.8088927983189],[150.81443923667717,-33.809032287768034],[150.81430287241704,-33.80912031078471],[150.81407478387823,-33.809163620264144],[150.81389429167635,-33.80916041967462],[150.81375913115872,-33.809201101039],[150.81368781121336,-33.80936778597819],[150.81350855958493,-33.80951965150852],[150.81348957908125,-33.80965712539724],[150.81347443168895,-33.80984632535813],[150.81349297381476,-33.80992848233066],[150.8135691123233,-33.80997721324364],[150.81367237097024,-33.80997473370606],[150.81386965358308,-33.80992655885928],[150.81399539616325,-33.809851265034254],[150.81419209397285,-33.809824605857116],[150.8143301362859,-33.80987442657314],[150.8144202193426,-33.80998368750849],[150.81445314259776,-33.810109172756235],[150.8144343821814,-33.8102380255621],[150.81424315780686,-33.81045427209945],[150.81413113878918,-33.81059870162136],[150.81404467145157,-33.81075221524007],[150.81396886082806,-33.810892980971886],[150.8139822196747,-33.81097410393515],[150.81464173850182,-33.810614131068384],[150.8156111778985,-33.81072681401501],[150.8168999926333,-33.811125064229884],[150.81828173628753,-33.81135179974181],[150.818805145976,-33.81139620005527],[150.81889851327338,-33.81140132474578],[150.81896673223437,-33.81139546113249],[150.8192609583377,-33.81131054542818],[150.81984196530726,-33.8113922039011],[150.81990215422792,-33.811505997191226],[150.8201945549546,-33.811627080268906],[150.82188326461954,-33.81156684476939],[150.8231222560937,-33.81137531391543],[150.8242564563951,-33.81105248906432],[150.82482746331888,-33.81097667599616],[150.82546701619043,-33.81089178002871],[150.8260052085553,-33.810820333209456],[150.82624391787573,-33.81079339593012],[150.82654471515536,-33.810811914657485],[150.82692909618055,-33.81091274092571],[150.82742549173187,-33.81118728020905],[150.8283934408235,-33.81118345123616],[150.8301482134928,-33.8119012694458],[150.83156094543114,-33.812390964948094],[150.83292440208112,-33.81264058621413],[150.83388749218543,-33.81263764400072],[150.83464092179068,-33.81258298539018],[150.83544447199878,-33.81251643248382],[150.83764793967777,-33.81213455537248],[150.83845502834987,-33.81192889080856],[150.84018352170378,-33.81159248608098],[150.84285353301877,-33.8113311181012],[150.8468961620031,-33.810998600461964],[150.84565713369807,-33.8075341613841],[150.83665692993443,-33.80629454902225],[150.83324388791192,-33.80582910763043],[150.8265546801668,-33.804930450907655],[150.8271702165793,-33.80172837800714],[150.82585198201897,-33.80153292555633],[150.8260146264927,-33.80017036319888],[150.82264830584816,-33.79964929299269],[150.82376195718732,-33.79423454583861],[150.82441135379779,-33.79161719573499],[150.8224896768437,-33.791554616884],[150.8213140121055,-33.79153643218085],[150.81474864880036,-33.791775192143014],[150.8150982452612,-33.79232625079498],[150.81366660648106,-33.7926642646775],[150.81623667932243,-33.794119938250816],[150.81763554217105,-33.796251822249914],[150.8175859380994,-33.79624488485099]]],"crs":null},"id":20,"type":"Feature","properties":{"owner":null,"hectares":326.25089223,"inlandrail":null,"operator":null,"locality_name":"Eastern Creek","imt":1,"kfr":"Y","name":"Eastern Creek IMT","location":"Sydney Metro","state":"NSW","SHAPE__Length":14340.000734508883,"objectid":20,"SHAPE__Area":4737265.419719105,"status":"Proposed"}},{"geometry":{"type":"Polygon","coordinates":[[[153.02949073523197,-27.56938494012298],[153.0292672469657,-27.569351344490247],[153.0290612030839,-27.56932035756854],[153.0292823925614,-27.57285729816226],[153.02929399969318,-27.57304305670037],[153.02935210811563,-27.573971904394607],[153.0294102156398,-27.574900733873935],[153.02946828633304,-27.5758295634526],[153.02950391082229,-27.576399567194116],[153.0295714713181,-27.57729650203479],[153.029595999817,-27.577695454561653],[153.02965308595668,-27.578624636306724],[153.02971002567097,-27.57955368756051],[153.0297555046788,-27.58029372522517],[153.02939765809046,-27.580239260464165],[153.02937422553623,-27.580420486292024],[153.02973364058315,-27.580473692916485],[153.02925899414322,-27.584115583331414],[153.02897677671857,-27.586304263724244],[153.02877372692163,-27.58788926926455],[153.02872510830187,-27.58824859503146],[153.02871262621102,-27.58834102062515],[153.02866437320552,-27.588702270852444],[153.02862093786484,-27.589068977632376],[153.02860808926135,-27.58915994236069],[153.0285639972523,-27.589522005960468],[153.0284919838075,-27.590120443535607],[153.02863053726205,-27.590306627446903],[153.02871163896245,-27.59041183683766],[153.0287898229349,-27.590515381358774],[153.02886804283995,-27.59061900062099],[153.02894633461025,-27.59072267472014],[153.02902466321143,-27.590826421967698],[153.02907054376627,-27.590599186626314],[153.02942718571384,-27.59109639205224],[153.0294493049311,-27.59109944530616],[153.02988193896184,-27.591555286009655],[153.03000300940425,-27.591564220421997],[153.03010239900723,-27.59148935190285],[153.03022252172704,-27.591367066863477],[153.03022478368493,-27.591368860595963],[153.0302557360364,-27.59118008700636],[153.0302674159317,-27.591113172607443],[153.03022197285642,-27.59096295243158],[153.03050229303912,-27.591001783334157],[153.03052627446397,-27.591098779720692],[153.0305060524886,-27.591214738023496],[153.030606135591,-27.591228465310326],[153.03072877628853,-27.59124526256456],[153.03124842652764,-27.591316987241097],[153.03173628538872,-27.591384308349703],[153.032237393502,-27.591453461363432],[153.03274164122718,-27.591534620301847],[153.03314211916398,-27.59159909264775],[153.03345160135575,-27.59164889587688],[153.03363140275314,-27.590629601468926],[153.03368764806973,-27.5903108455058],[153.03374159549583,-27.590005003969797],[153.03382339249234,-27.58954130184561],[153.03392497128965,-27.58896559973724],[153.03400753454915,-27.5884975317776],[153.03406410954742,-27.588176889844448],[153.0341967502907,-27.58819544472653],[153.03421459981536,-27.58809415836018],[153.0345314922099,-27.588138501411652],[153.03590075377335,-27.58833970852892],[153.03678343118503,-27.5884694117131],[153.03737166510103,-27.588555844324116],[153.03742090445667,-27.588598745319572],[153.03742732920765,-27.588564021820115],[153.03743032149583,-27.588564465288645],[153.0374653980127,-27.58837487716105],[153.0374780624616,-27.588306389400405],[153.0375873074816,-27.58771607330521],[153.03764238588664,-27.587418333641363],[153.03776962506012,-27.58673057867911],[153.03793657605735,-27.585828296519278],[153.0379368320772,-27.585826927067085],[153.0379945021218,-27.585515165254613],[153.0380368064835,-27.58520325525926],[153.03805914488964,-27.58503843903205],[153.03838859303698,-27.583122116515465],[153.03842980145396,-27.582896527704214],[153.0385116343831,-27.582448401388266],[153.03855273320568,-27.5822233486393],[153.038593942521,-27.58199776036808],[153.03863449337123,-27.581775705268623],[153.03868256491705,-27.581512468201606],[153.0387237724358,-27.58128689837394],[153.03890671075007,-27.58028493879017],[153.03900807125692,-27.579730641115006],[153.03904066572866,-27.57955231962246],[153.0390745016721,-27.57936741134259],[153.03910768004886,-27.579186001435602],[153.03920736160438,-27.578640843881313],[153.03924053998105,-27.578459432772735],[153.03927371835778,-27.578278095415214],[153.0393241614559,-27.578002129862227],[153.0393171168674,-27.57795521400891],[153.0392853982531,-27.57791764134002],[153.0392363053228,-27.57789890078517],[153.03925889435894,-27.57760539919985],[153.03881166450145,-27.57759921948144],[153.03889670980607,-27.577133019599216],[153.0389945668832,-27.57659657407642],[153.03905318554874,-27.576275339965616],[153.0391305664273,-27.575851171713282],[153.03922886008573,-27.575895183690864],[153.03935047850047,-27.575678974372796],[153.03931277351305,-27.575662102274006],[153.03938708844152,-27.575254769575103],[153.03837614777697,-27.574802703931322],[153.03814528524057,-27.574699473436247],[153.0377770370595,-27.574570306582412],[153.0373414817075,-27.574417569810468],[153.03735243217076,-27.57436410544019],[153.03724442862247,-27.5743130083746],[153.0371180284755,-27.57426609253619],[153.03698502301626,-27.57423719563765],[153.0365261815354,-27.57417070566869],[153.03601419572237,-27.574096502908137],[153.0357453739753,-27.5740575425967],[153.03547651449892,-27.574018580678906],[153.03520765592094,-27.57397962033981],[153.03493883417383,-27.573940640079883],[153.03466997469752,-27.57390167891682],[153.03440115205214,-27.5738627185362],[153.03417251554094,-27.57382958452439],[153.0336702387195,-27.57375676865425],[153.03340273120764,-27.57371801127383],[153.03313525962847,-27.573679234769013],[153.03283358738975,-27.57363550060105],[153.03252669504096,-27.57359100835523],[153.03252574641996,-27.573551863126852],[153.03239219209007,-27.573313916214435],[153.03090773776117,-27.570702954397433],[153.03093306845554,-27.570626493364],[153.03111075072715,-27.570619981990248],[153.03118145263156,-27.570267372648114],[153.0312688694885,-27.569831623537524],[153.031118124099,-27.569808960573994],[153.03118959136808,-27.569451355749653],[153.030747867285,-27.56938494012298],[153.03073742886139,-27.569383368202097],[153.0305799317342,-27.56935966914326],[153.03011893699167,-27.56942062765767],[153.0297016327112,-27.569442919619927],[153.02962523818286,-27.569462102775987],[153.02949073523197,-27.56938494012298]]],"crs":null},"id":21,"type":"Feature","properties":{"owner":"Pacific National","hectares":172.30246922,"inlandrail":"Y","operator":"QUBE Holdings, Pacific National","locality_name":"Acacia Ridge","imt":1,"kfr":"Y","name":"Acacia Ridge IMT","location":"Brisbane Metro","state":"QLD","SHAPE__Length":7735.5223755982815,"objectid":21,"SHAPE__Area":2201637.601717865,"status":"Operational"}},{"geometry":{"type":"Polygon","coordinates":[[[153.1687509868692,-27.383121069973246],[153.16574651750255,-27.387381953779446],[153.16484517669255,-27.38888418875212],[153.16413502971437,-27.39071418361607],[153.16500905634985,-27.39123313778821],[153.1719193367915,-27.381618835692436],[153.17205590317258,-27.38172808940551],[153.17276605015073,-27.38066286867841],[153.177436633858,-27.383148385034875],[153.1784199144966,-27.381564210390795],[153.17967632879575,-27.38006197570735],[153.18090543161523,-27.37929720108787],[153.18625884902448,-27.371922594063665],[153.1790208110649,-27.367934844217608],[153.1763987284635,-27.371458266566094],[153.1687509868692,-27.383121069973246]]],"crs":null},"id":22,"type":"Feature","properties":{"owner":"Port of Brisbane Corporation","hectares":146.87233071,"inlandrail":null,"operator":"DP World Logistics, QUBE Holdings, Patrick, Australian Container Services","locality_name":"Port of Brisbane Corporation","imt":1,"kfr":"Y","name":"Brisbane Multimodal Terminal (BMT)","location":"Brisbane Metro","state":"QLD","SHAPE__Length":8312.840621208281,"objectid":22,"SHAPE__Area":1869831.53184362,"status":"Operational"}},{"geometry":{"type":"Polygon","coordinates":[[[138.27309057750458,-34.160674611829975],[138.2730457551651,-34.164900048463],[138.27306754380237,-34.17054365831161],[138.27327033937604,-34.17114834987709],[138.27336965531723,-34.17144455309194],[138.27447283140188,-34.17226127269755],[138.27364136155472,-34.16989375310273],[138.27331727814627,-34.167986866871054],[138.27414002445377,-34.16798035516009],[138.274142469668,-34.16860989057509],[138.27452630361918,-34.17004336359521],[138.27955337566215,-34.17003755366435],[138.27950862518793,-34.167260075512615],[138.2795345784148,-34.165330969501554],[138.27932868095843,-34.1650768341983],[138.27763887804375,-34.16505544834926],[138.27763880438192,-34.166060332116274],[138.27659709552057,-34.166045716294676],[138.2766234844304,-34.16587409243637],[138.2766193961975,-34.16513311139249],[138.276526831994,-34.16505672531624],[138.27448129982005,-34.165061219972145],[138.2744803503008,-34.164888005705],[138.27360683301015,-34.16489089115057],[138.27361884079056,-34.160698532784735],[138.27309057750458,-34.160674611829975]]],"crs":null},"id":23,"type":"Feature","properties":{"owner":"Bowmans Rail (Patrick Portlink/Balco Australia)","hectares":34.28686233,"inlandrail":null,"operator":"Bowmans Rail","locality_name":"Bowmans","imt":1,"kfr":"Y","name":"Bowmans IMT","location":"SA Regional","state":"SA","SHAPE__Length":5365.054607397248,"objectid":23,"SHAPE__Area":502083.902780625,"status":"Operational"}},{"geometry":{"type":"Polygon","coordinates":[[[138.51481693205616,-34.83548284569116],[138.52169681081364,-34.82295827700136],[138.52266085403045,-34.82120327026514],[138.52231625759248,-34.82066556717947],[138.52091078853329,-34.82321397915852],[138.51970515779382,-34.82535550232335],[138.5184290811698,-34.827621659694145],[138.51819084615983,-34.82804501236032],[138.51748924305832,-34.82931844265115],[138.5171613265386,-34.82991353141324],[138.5169142574961,-34.830364469451304],[138.51668167917745,-34.83078935871719],[138.51615232084512,-34.83174556888826],[138.51565143102246,-34.83265027379519],[138.51539775756606,-34.83310848190874],[138.51469243004937,-34.83438250266559],[138.51447131333543,-34.83478348951184],[138.5142109591082,-34.83525559116096],[138.51481693205616,-34.83548284569116]]],"crs":null},"id":24,"type":"Feature","properties":{"owner":"Aurizon","hectares":10.16481327,"inlandrail":null,"operator":"Aurizon/Australian Container Freight Services (ACFS) Port Logistics","locality_name":"Gillman","imt":1,"kfr":"Y","name":"Port of Adelaide - Gillman Terminal","location":"Adelaide Metro","state":"SA","SHAPE__Length":4455.406531048169,"objectid":24,"SHAPE__Area":151198.471662995,"status":"Operational"}},{"geometry":{"type":"Polygon","coordinates":[[[138.5150589480752,-34.82362077242001],[138.51774080816878,-34.818745592099255],[138.5175027483303,-34.81865646647964],[138.51730298277403,-34.81858167082769],[138.51579765069962,-34.818017976249266],[138.51524934779624,-34.81781266404442],[138.515182552665,-34.81789297166308],[138.51511177979367,-34.818041564114026],[138.51506086238504,-34.818206566142656],[138.51501585858594,-34.81835116158797],[138.51497227681995,-34.81849455467835],[138.51485036645272,-34.818699867396234],[138.5147822579845,-34.81881345747962],[138.51463855718345,-34.81898776497224],[138.51452095513636,-34.81916356991667],[138.5144033503943,-34.819338358241474],[138.51431765021783,-34.81944356749531],[138.5142727542166,-34.81949877130733],[138.51415277882052,-34.819683660112716],[138.5140345560376,-34.81984486971476],[138.51390797263423,-34.82007066233376],[138.51379628329832,-34.820326461213746],[138.51368448436793,-34.820580059436324],[138.51357735577875,-34.82081315905214],[138.51350756746098,-34.82098776246097],[138.51329426159847,-34.8214449713139],[138.51315757035152,-34.82169246511373],[138.51304467457823,-34.821881775200666],[138.51300175127733,-34.821978659773656],[138.51340398092896,-34.82212995278174],[138.51313336973777,-34.82265365028153],[138.51471637464326,-34.823249554881194],[138.51491526344378,-34.82332433154597],[138.5148039747565,-34.823525833671184],[138.5150589480752,-34.82362077242001]]],"crs":null},"id":25,"type":"Feature","properties":{"owner":"Flinders Port Holdings Group","hectares":14.03107642,"inlandrail":null,"operator":"Flinders Port Holdings Group","locality_name":"Port Adelaide","imt":1,"kfr":null,"name":"Flinders Adelaide Container Terminal","location":"Adelaide Metro","state":"SA","SHAPE__Length":2056.8069023132543,"objectid":25,"SHAPE__Area":208680.55893644,"status":"Operational"}},{"geometry":{"type":"Polygon","coordinates":[[[139.1059450124226,-35.12752901632833],[139.10567162723387,-35.12913191107702],[139.12606536137534,-35.12521660647999],[139.1286252697793,-35.125514921333156],[139.1287615819371,-35.12334560716748],[139.1059450124226,-35.12752901632833]]],"crs":null},"id":26,"type":"Feature","properties":{"owner":null,"hectares":34.69448891,"inlandrail":null,"operator":null,"locality_name":"Monarto South","imt":1,"kfr":"Y","name":"South Monarto IMT","location":"SA Regional","state":"SA","SHAPE__Length":5738.662371260628,"objectid":26,"SHAPE__Area":519861.16317914,"status":"Proposed"}},{"geometry":{"type":"Polygon","coordinates":[[[142.1963516047315,-36.706732952522245],[142.19635496263405,-36.70737712220212],[142.20197361122416,-36.70730304751881],[142.20190296142204,-36.70720618195793],[142.2015889876538,-36.70688663248005],[142.2014233140609,-36.706804954346644],[142.20124012152334,-36.70675280367761],[142.2006055695729,-36.706711771181105],[142.1963516047315,-36.706732952522245]]],"crs":null},"id":27,"type":"Feature","properties":{"owner":"Wimmera Container Lines/QUBE Logistics","hectares":3.267674,"inlandrail":null,"operator":"Wimmera Container Lines, QUBE Logistics","locality_name":"Horsham","imt":1,"kfr":null,"name":"Horsham Container Terminal","location":"Vic Regional","state":"VIC","SHAPE__Length":1374.7769731907845,"objectid":27,"SHAPE__Area":50938.08708544,"status":"Operational"}},{"geometry":{"type":"Polygon","coordinates":[[[142.29936776945055,-36.636151814063865],[142.296384843481,-36.63648485027692],[142.28604691351205,-36.6413124431889],[142.2781243332549,-36.64497681145068],[142.27812659790771,-36.645248446914415],[142.27812929734512,-36.64543115359248],[142.27814335058946,-36.64652731464675],[142.28058921607143,-36.6454162785814],[142.28097750207317,-36.6452326118155],[142.2860561481932,-36.6428860534654],[142.29453498773225,-36.63898604997389],[142.2947304081374,-36.63889615879606],[142.2967390033835,-36.6379721751772],[142.30332487971813,-36.63486312251614],[142.30321461331363,-36.634393481192866],[142.29936776945055,-36.636151814063865]]],"crs":null},"id":28,"type":"Feature","properties":{"owner":"Specialised Container Transport (SCT) Logistics","hectares":34.35952289,"inlandrail":null,"operator":"Specialised Container Transport (SCT) Logistics","locality_name":"Dooen","imt":1,"kfr":"Y","name":"Wimmera Intermodal Freight Terminal (WIFT)","location":"Vic Regional","state":"VIC","SHAPE__Length":6695.795897947379,"objectid":28,"SHAPE__Area":534712.47715261,"status":"Operational"}},{"geometry":{"type":"MultiPolygon","coordinates":[[[[145.33762184598135,-36.42542091009372],[145.33818125475656,-36.425420742401364],[145.33898927677825,-36.42542558451758],[145.33925862044651,-36.42492833396424],[145.33938293380712,-36.42453467631275],[145.33939838572832,-36.424132913810965],[145.3394036516525,-36.4239959884541],[145.3393000588322,-36.423581612692395],[145.33915502672795,-36.423187956164206],[145.3454949739822,-36.41226915852148],[145.34551569272588,-36.41197909580094],[145.34607509970442,-36.411730470162944],[145.34652291885675,-36.4115142821102],[145.34667594506877,-36.41144040759973],[145.34694528963536,-36.4111917816835],[145.3471317583288,-36.41088100033802],[145.34617877427138,-36.41093036026203],[145.3456088489192,-36.410930767281044],[145.34352637891914,-36.410932265949505],[145.34286704245005,-36.4109327279124],[145.3423095057639,-36.41093311685773],[145.3395690494626,-36.41093498422893],[145.3360798321006,-36.41093720439808],[145.33345223384345,-36.410938869344136],[145.33189609305657,-36.410939848936785],[145.3313879035239,-36.41094016414148],[145.32420090873714,-36.41094436301525],[145.3242442982637,-36.416973921899185],[145.32906515304995,-36.41697404985081],[145.329065116219,-36.41711727672505],[145.32910902587014,-36.42542313057158],[145.33030180800606,-36.425422649178934],[145.33060881084765,-36.42541824580932],[145.33085204677886,-36.42541833760644],[145.33762184598135,-36.42542091009372]]],[[[145.352452925321,-36.41728655331472],[145.35249088632824,-36.40577459534338],[145.35248964575484,-36.405419451596885],[145.35220355838803,-36.405420228096695],[145.35220954386276,-36.40678069953615],[145.35198725933898,-36.407295054886056],[145.3496387406911,-36.407312981909016],[145.34129995030148,-36.42212213796141],[145.35243679247682,-36.42215767722877],[145.352452925321,-36.41728655331472]]]],"crs":null},"id":29,"type":"Feature","properties":{"owner":"GVLink","hectares":322.41089363,"inlandrail":null,"operator":null,"locality_name":"Mooroopna","imt":1,"kfr":"Y","name":"Goulburn Valley Freight and Logistic Centre (GVFLC)","location":"Vic Regional","state":"VIC","SHAPE__Length":14824.268865126553,"objectid":29,"SHAPE__Area":4988666.40601131,"status":"Proposed"}},{"geometry":{"type":"Polygon","coordinates":[[[145.34760790854853,-36.41091960932104],[145.3471317583288,-36.41088100033802],[145.34694528963536,-36.4111917816835],[145.34667594506877,-36.41144040759973],[145.34637754988418,-36.411584460155176],[145.34591169974752,-36.41180309299087],[145.34551569272588,-36.41197909580094],[145.3454949739822,-36.41226915852148],[145.33915502672795,-36.423187956164206],[145.33924770591577,-36.423439512344494],[145.33938415192262,-36.423917987637786],[145.33938293380712,-36.42453467631275],[145.33925862044651,-36.42492833396424],[145.33898927677825,-36.42542558451758],[145.33948652752565,-36.42544630391422],[145.34129995030148,-36.42212213796141],[145.34760790854853,-36.41091960932104]]],"crs":null},"id":30,"type":"Feature","properties":{"owner":null,"hectares":18.8703446,"inlandrail":null,"operator":null,"locality_name":"Mooroopna","imt":1,"kfr":"Y","name":"Goulburn Valley IMT","location":"Vic Regional","state":"VIC","SHAPE__Length":4582.933387681352,"objectid":30,"SHAPE__Area":291990.99907314,"status":"Proposed"}},{"geometry":{"type":"Polygon","coordinates":[[[145.35366052965915,-36.399963541202226],[145.3537755786942,-36.3998762597707],[145.35395701951697,-36.39975343741549],[145.35428091966907,-36.39957173022531],[145.35462814547583,-36.39942071408053],[145.3549942026659,-36.39930233417776],[145.3552209778678,-36.399247611195186],[145.35552943867512,-36.399194201966615],[145.3558322068585,-36.39916417561855],[145.36036675419066,-36.39887287453851],[145.36036675419066,-36.39875531808968],[145.35773984224633,-36.39894865034989],[145.35772746885166,-36.398824034787616],[145.35580965016172,-36.39898154370571],[145.3553248195214,-36.399040299366476],[145.35500865655882,-36.39910771358732],[145.35470099884535,-36.39919714263488],[145.35453090913452,-36.39925763780377],[145.35433187390862,-36.399338852779536],[145.3541203565918,-36.39943917725686],[145.35385178996623,-36.399589934513045],[145.3537238572934,-36.399672279270995],[145.35354059109395,-36.399804016964225],[145.35366052965915,-36.399963541202226]]],"crs":null},"id":31,"type":"Feature","properties":{"owner":"Patrick","hectares":1.10919177,"inlandrail":null,"operator":"Patrick PortLink","locality_name":"Mooroopna","imt":1,"kfr":"Y","name":"Shepparton IMT","location":"Vic Regional","state":"VIC","SHAPE__Length":1627.5073813186998,"objectid":31,"SHAPE__Area":17154.297741795,"status":"Operational"}},{"geometry":{"type":"Polygon","coordinates":[[[138.4970273869739,-34.77103755891017],[138.49399427662107,-34.76987915834796],[138.49244282054838,-34.77089190716489],[138.4957136960923,-34.77196224639258],[138.4954538700745,-34.77210206683566],[138.49563987523723,-34.772289157587444],[138.49562286563733,-34.77243055288774],[138.49558067176838,-34.7724591530516],[138.49549048091387,-34.77252016679978],[138.4952598743973,-34.77250137109317],[138.49351667023225,-34.77368056021616],[138.4923656786217,-34.77445915204359],[138.4918591689386,-34.77480177085106],[138.49078687244184,-34.77634206215487],[138.49137455838556,-34.776624057968085],[138.491767006282,-34.776814312733784],[138.49284598354959,-34.77608630090288],[138.49728076847788,-34.773086063733345],[138.49741198628976,-34.7729973373825],[138.49846377065532,-34.77228571602757],[138.49893425520054,-34.77219092254356],[138.49960694961794,-34.77223611814581],[138.500227633377,-34.77246229796954],[138.50141545232097,-34.77303668622444],[138.50141683842142,-34.772884709833704],[138.50141734956281,-34.77282896934522],[138.50021365289615,-34.77224440622955],[138.500213578336,-34.772244373761986],[138.4970273869739,-34.77103755891017]]],"crs":null},"id":32,"type":"Feature","properties":{"owner":"QUBE Holdings","hectares":19.42955948,"inlandrail":null,"operator":"QUBE Logistics","locality_name":"Outer Harbor","imt":1,"kfr":null,"name":"Outer Harbour IMT","location":"Adelaide Metro","state":"SA","SHAPE__Length":3871.8244564969705,"objectid":32,"SHAPE__Area":288640.844135755,"status":"Operational"}},{"geometry":{"type":"Polygon","coordinates":[[[130.88078059714192,-12.487573596197452],[130.87983747299313,-12.48880097913334],[130.88141723048884,-12.489970751237239],[130.88220708947378,-12.488942466351197],[130.88297614437502,-12.489512618183998],[130.88302720820903,-12.489375033307553],[130.88229290104132,-12.48883063339416],[130.8823593682875,-12.488744036031774],[130.88078059714192,-12.487573596197452]]],"crs":null},"id":33,"type":"Feature","properties":{"owner":"Darwin Port Landbridge","hectares":3.81535918,"inlandrail":null,"operator":"FreightLinks/QUBE Logistics/LINX Stevedoring","locality_name":"East Arm","imt":1,"kfr":"Y","name":"East Arm IMT","location":"Darwin Metro","state":"NT","SHAPE__Length":1002.0407297624953,"objectid":33,"SHAPE__Area":40269.843258475,"status":"Operational"}},{"geometry":{"type":"Polygon","coordinates":[[[130.90434634004376,-12.472041228837236],[130.904559710585,-12.47263788570244],[130.90508873833733,-12.472442252283646],[130.90518752517082,-12.472405723948118],[130.90724853352043,-12.471643579042011],[130.9080091218001,-12.47136230477116],[130.90888395242774,-12.471038796003267],[130.9118018358791,-12.469959727657724],[130.91354905461515,-12.469313429843817],[130.91511702082448,-12.46873343688691],[130.91512413817648,-12.468732585196031],[130.915271051353,-12.46867815942276],[130.9161831863194,-12.468340164150884],[130.91667582781108,-12.468157605488623],[130.91797380266678,-12.467678123056086],[130.91799276700078,-12.467671117409363],[130.92015219656957,-12.466873390798993],[130.9203200593568,-12.467311822295649],[130.9222178042934,-12.466610135593069],[130.9223216100144,-12.466591987673759],[130.9224389946692,-12.46657145306909],[130.92253436790463,-12.466334411635804],[130.9224803117824,-12.466041260433634],[130.92247053002728,-12.46601567523174],[130.92452157426376,-12.465259710273719],[130.92449905439793,-12.465168597407342],[130.92439948243685,-12.464766858359438],[130.92436776382246,-12.464638886961367],[130.92366575917404,-12.464898460179182],[130.91665980366307,-12.467488904742803],[130.9131076602138,-12.46880220104997],[130.90781530668434,-12.470758798163564],[130.90594316014003,-12.471450906023998],[130.90434634004376,-12.472041228837236]]],"crs":null},"id":34,"type":"Feature","properties":{"owner":"FreightLinks/Aurizon Bulk Central","hectares":17.60461828,"inlandrail":null,"operator":"Aurizon","locality_name":"East Arm","imt":1,"kfr":"Y","name":"Berrimah Freight Terminal","location":"Darwin Metro","state":"NT","SHAPE__Length":4998.524329570521,"objectid":34,"SHAPE__Area":185787.171264355,"status":"Operational"}},{"geometry":{"type":"Polygon","coordinates":[[[132.24912051959876,-14.511744774217618],[132.24971410657557,-14.511162546788292],[132.25118448699888,-14.512495614542367],[132.2513266310196,-14.512424543029669],[132.252159184235,-14.513135259738565],[132.25233178743204,-14.513013422576618],[132.25205388551404,-14.512748517244221],[132.25222095419056,-14.512569095839227],[132.24736114665694,-14.50827523909461],[132.24710294209817,-14.508535906668277],[132.247846768713,-14.509241090874289],[132.2470966251451,-14.509923884234864],[132.24912051959876,-14.511744774217618]]],"crs":null},"id":35,"type":"Feature","properties":{"owner":"Aurizon Bulk Central","hectares":7.06701915,"inlandrail":null,"operator":"Aurizon Bulk Central","locality_name":"Manbulloo","imt":1,"kfr":"Y","name":"Katherine IMT","location":"NT Regional","state":"NT","SHAPE__Length":1866.700802229362,"objectid":35,"SHAPE__Area":75850.599357225,"status":"Operational"}},{"geometry":{"type":"Polygon","coordinates":[[[134.17610167511228,-19.697546210988545],[134.17651414016822,-19.697660394010757],[134.1768139528943,-19.697988759395205],[134.17711376382377,-19.69803158976015],[134.1773279158993,-19.697831714907558],[134.17731363897448,-19.6975319025835],[134.17718514754952,-19.69730347538011],[134.1768428328324,-19.696790000980705],[134.17674805338336,-19.69531860832095],[134.1760239393992,-19.693516319695355],[134.17560889707661,-19.69350531874322],[134.17569072641248,-19.69479787850332],[134.1753006150341,-19.694819316949825],[134.17544338248555,-19.698045865982092],[134.1761341608879,-19.698018202417938],[134.17610167511228,-19.697546210988545]]],"crs":null},"id":36,"type":"Feature","properties":{"owner":"Aurizon Bulk Central","hectares":6.44763742,"inlandrail":null,"operator":"Aurizon Bulk Central","locality_name":"Warumungu (Tennant Creek)","imt":1,"kfr":"Y","name":"Tennant Creek Freight Terminal","location":"NT Regional","state":"NT","SHAPE__Length":1463.7750762420912,"objectid":36,"SHAPE__Area":73117.71283854,"status":"Operational"}},{"geometry":{"type":"Polygon","coordinates":[[[138.5922309404979,-34.696278140137984],[138.59312223814302,-34.694834004877706],[138.59073593455767,-34.6937631013126],[138.59044121168594,-34.69423133042787],[138.5899349544295,-34.693963604440064],[138.58891530908986,-34.692986492773954],[138.5887251653886,-34.69312915092921],[138.58949676881036,-34.69402664970096],[138.5918157580382,-34.696536267497926],[138.59275910137595,-34.697582755853134],[138.59353034636985,-34.69847377200944],[138.59439495776283,-34.69939966029167],[138.59546152390644,-34.700560350552244],[138.59598201047694,-34.70109568364919],[138.59595292302805,-34.70114204515689],[138.59609472568894,-34.70130645529814],[138.59718647699978,-34.70244242926065],[138.59744734236844,-34.70271384183694],[138.59882671267368,-34.704332463176684],[138.59940819575039,-34.70494616446159],[138.60027923009767,-34.70597851955689],[138.6026656720236,-34.70857083189679],[138.6033287984848,-34.709528024953606],[138.6036425350978,-34.70934924814492],[138.6028653225954,-34.70847411467966],[138.60045703364182,-34.70581290240227],[138.6003928597946,-34.70564584042153],[138.6028867141773,-34.70170837057125],[138.60056755516786,-34.70072470645897],[138.6005390327593,-34.70077453487033],[138.59752466036488,-34.69953057628481],[138.5973713565735,-34.69976330670031],[138.59725014060396,-34.699927449273545],[138.59683293783317,-34.69982170504204],[138.59679023012797,-34.699695891394235],[138.59741770425228,-34.698713961859305],[138.5987510880015,-34.69661523225685],[138.59842665514844,-34.69646867082741],[138.59843378507688,-34.69631331563563],[138.59566897724486,-34.695123225397445],[138.59440214428514,-34.69714382779096],[138.5942619127777,-34.69716141461912],[138.5922309404979,-34.696278140137984]]],"crs":null},"id":37,"type":"Feature","properties":{"owner":"Specialised Container Transport (SCT) Logistics","hectares":46.71106223,"inlandrail":null,"operator":"Specialised Container Transport (SCT) Logistics","locality_name":"Penfield","imt":1,"kfr":"Y","name":"Penfield IMT","location":"Adelaide Metro","state":"SA","SHAPE__Length":7145.2597320212335,"objectid":37,"SHAPE__Area":692712.133181645,"status":"Operational"}},{"geometry":{"type":"Polygon","coordinates":[[[138.57798670448224,-34.84991949064998],[138.57795389082156,-34.84998351899775],[138.57787180277091,-34.85014369175171],[138.5779335592517,-34.8546760995728],[138.57797597230956,-34.854558531105866],[138.5780241893824,-34.85433503349415],[138.5780463822615,-34.85409919510936],[138.57804484883732,-34.85387060904997],[138.57808963524414,-34.85357007595026],[138.57809700771767,-34.853407110084525],[138.5781393839446,-34.8531693295329],[138.57821953792242,-34.85280302950299],[138.5784826302146,-34.85175522664084],[138.57852683091986,-34.8516103345256],[138.57869170141893,-34.85114354231825],[138.57872798257657,-34.851001684154575],[138.57895815161368,-34.850047991091785],[138.5789897615319,-34.849894755980095],[138.57892234476645,-34.84989203495954],[138.57798670448224,-34.84991949064998]]],"crs":null},"id":38,"type":"Feature","properties":{"owner":"Specialised Container Transport (SCT) Logistics","hectares":2.40364188,"inlandrail":null,"operator":"Specialised Container Transport (SCT) Logistics","locality_name":"Regency Park","imt":1,"kfr":null,"name":"Regency Park IMT","location":"Adelaide Metro","state":"SA","SHAPE__Length":1420.3274216492525,"objectid":38,"SHAPE__Area":35775.3276415,"status":"Operational"}},{"geometry":{"type":"Polygon","coordinates":[[[136.80205724243388,-31.246931482048982],[136.80242946566005,-31.243580721984156],[136.80380183090273,-31.244061480755413],[136.80419086789612,-31.243322959136997],[136.8057532690422,-31.244170656739673],[136.8058288865279,-31.243950259382107],[136.80318755931822,-31.242580755900764],[136.802916799905,-31.241706936549203],[136.80266158853283,-31.241491341432933],[136.8029007595873,-31.23933838862062],[136.80321500374842,-31.238461148225234],[136.80268053130723,-31.238390112084616],[136.80167751558014,-31.247058243552104],[136.80205724243388,-31.246931482048982]]],"crs":null},"id":39,"type":"Feature","properties":{"owner":"BHP Billiton Qlympic Dam","hectares":6.02303685,"inlandrail":null,"operator":"BHP Billiton Qlympic Dam","locality_name":"Arcoona","imt":1,"kfr":"Y","name":"Pimba IMT","location":"SA Regional","state":"SA","SHAPE__Length":3086.94225192633,"objectid":39,"SHAPE__Area":82653.768417655,"status":"Operational"}},{"geometry":{"type":"Polygon","coordinates":[[[146.99859591873712,-35.98337982706401],[146.99924884482832,-35.98205663358523],[146.99875075056283,-35.98186991220704],[146.99843783680672,-35.98252786527099],[146.9981993457769,-35.98245294082632],[146.9973038907286,-35.984335648171665],[146.99459289018552,-35.98404210930852],[146.99346726699852,-35.986560531905646],[146.99198726472014,-35.989642669415524],[146.99308890738064,-35.990869811495905],[146.99339656599236,-35.99096517892363],[146.9937107571529,-35.99106256320237],[146.99433385019356,-35.9912557214643],[146.99433392295708,-35.991255740361964],[146.99373776859517,-35.992527947895816],[146.99420847232932,-35.99259319678702],[146.9977488253905,-35.98517401288919],[146.9981037892851,-35.98442224695781],[146.99859591873712,-35.98337982706401]]],"crs":null},"id":40,"type":"Feature","properties":{"owner":"Colin Rees (CRT) Group","hectares":26.14686306,"inlandrail":"Y","operator":"Regional Connect, Pacific National","locality_name":"Ettamogah","imt":1,"kfr":"Y","name":"Ettamogah Freight Hub (EFH)","location":"NSW Regional","state":"NSW","SHAPE__Length":3743.7593325505795,"objectid":40,"SHAPE__Area":400193.750563285,"status":"Operational"}},{"geometry":{"type":"Polygon","coordinates":[[[147.41467391343457,-35.07080365809839],[147.41492875559914,-35.070212971781515],[147.41583348126113,-35.068133441249934],[147.41584848222809,-35.068098939938245],[147.4165079282916,-35.06658319708193],[147.41476457859955,-35.06638574637401],[147.41445483948954,-35.0679212835019],[147.41444764937404,-35.067956859817095],[147.41406531111775,-35.06985225791716],[147.4139750106688,-35.070870443205955],[147.41406863308768,-35.071597715571535],[147.41427595347545,-35.07112045254335],[147.41442720910803,-35.07100003572922],[147.4144318084823,-35.070996297882125],[147.4144811556358,-35.07088259784409],[147.414499260282,-35.0708409726858],[147.41459459848315,-35.07086679872572],[147.41467391343457,-35.07080365809839]]],"crs":null},"id":41,"type":"Feature","properties":{"owner":"Austrak","hectares":5.85215419,"inlandrail":null,"operator":"Vossloh","locality_name":"Bomen","imt":null,"kfr":"Y","name":"Wagga Wagga Austrak Manufacturing Facility","location":"NSW Regional","state":"NSW","SHAPE__Length":1660.3726035068037,"objectid":41,"SHAPE__Area":87560.81055508,"status":"Operational"}},{"geometry":{"type":"MultiPolygon","coordinates":[[[[148.12366568421587,-33.13549152165372],[148.12513068822224,-33.13494595954883],[148.1251503631236,-33.134938097175954],[148.12568118211655,-33.13476552949858],[148.12886124427348,-33.134397175966534],[148.1296355911501,-33.13439595583182],[148.1311007379886,-33.13458698644574],[148.13147117626227,-33.13273289795388],[148.1243300251994,-33.13189220216715],[148.1189699647486,-33.13126118418877],[148.1186812866405,-33.131227200486435],[148.1183636998482,-33.13122969726402],[148.11685088480743,-33.13824558151372],[148.1210555006988,-33.13877240678623],[148.12137480327328,-33.13773866489128],[148.12186116464278,-33.136887442346335],[148.12255572405422,-33.13614453740832],[148.12369248006252,-33.13535612364031],[148.12366568421587,-33.13549152165372]]],[[[148.12366448316837,-33.135491968479236],[148.12365203790839,-33.135560474927196],[148.12366568421587,-33.13549152165372],[148.12366448316837,-33.135491968479236]]]],"crs":null},"id":42,"type":"Feature","properties":{"owner":"Specialised Container Transport (SCT) Logistics","hectares":58.19454435,"inlandrail":"Y","operator":"Specialised Container Transport (SCT) Logistics","locality_name":"Parkes","imt":1,"kfr":"Y","name":"Parkes National Logistics Hub (PNLH)","location":"NSW Regional","state":"NSW","SHAPE__Length":4591.001131316562,"objectid":42,"SHAPE__Area":832158.56997967,"status":"Operational"}},{"geometry":{"type":"Polygon","coordinates":[[[142.45693501823158,-38.36569293171611],[142.45654330156373,-38.36528206425601],[142.45550524076074,-38.36416460892944],[142.45545790134187,-38.36411366097031],[142.45544559981238,-38.364099544322904],[142.45494054989172,-38.36352103199639],[142.45484831357325,-38.364052758344435],[142.45484130671403,-38.36409312555105],[142.45489831919184,-38.36409926610337],[142.45540961240377,-38.36463554533596],[142.45596941194617,-38.36522269737528],[142.45613559578211,-38.365392564833236],[142.45645164915018,-38.365718239272816],[142.45673415942565,-38.36601640305409],[142.4568421638722,-38.366125313533686],[142.45695002009685,-38.36623405621821],[142.45667097821672,-38.36640499611149],[142.45644091877412,-38.36654605795033],[142.4564698624926,-38.366570663696834],[142.4564796083151,-38.36657750836816],[142.4564885501455,-38.36658503835106],[142.45649661791504,-38.36659304868558],[142.45650380713226,-38.36660170629751],[142.45651001269422,-38.366610734385404],[142.45651508637894,-38.366620225216145],[142.4565191746118,-38.36662997453428],[142.45652227649452,-38.366639945714596],[142.4565242114656,-38.36665010213195],[142.45652497862687,-38.366660369127416],[142.45652461391083,-38.366670748109634],[142.45652311641928,-38.3666809228352],[142.4565227885342,-38.36668138628313],[142.45652038015092,-38.36669096937159],[142.45651683809376,-38.366700848276565],[142.45651202042893,-38.36671044967496],[142.45650614454865,-38.3667196073456],[142.45649935418336,-38.36672845018059],[142.45649158106124,-38.36673664503305],[142.45648296621766,-38.36674441517511],[142.456473476415,-38.36675146408497],[142.45646332904553,-38.36675790234227],[142.45645237948057,-38.36676363627165],[142.45644095560507,-38.36676853979863],[142.4564289837573,-38.36677264673115],[142.45641657263332,-38.36677595777361],[142.45641555035058,-38.36677605074481],[142.4565149408519,-38.36710991940401],[142.45660757692065,-38.367119114353265],[142.45688475749145,-38.36714782681618],[142.45702042915048,-38.36716208936832],[142.45716150058266,-38.36717692734983],[142.45743787985623,-38.36720610112143],[142.45771389261722,-38.36723547913483],[142.45794876972462,-38.36726097209334],[142.45814944617257,-38.36745962528639],[142.458844187942,-38.36814917510975],[142.45892014319418,-38.36770341840767],[142.4589743825727,-38.367385200394835],[142.45897679185435,-38.367370714616754],[142.45901449594345,-38.367145846962416],[142.45922389682937,-38.36589757888493],[142.45927963369957,-38.365565169658446],[142.45857755538924,-38.36549253958946],[142.45832566958018,-38.3654664726753],[142.45796537687932,-38.36542919547147],[142.4578316788189,-38.365415375608],[142.45761099958455,-38.36539254652039],[142.45738050086578,-38.36560618471744],[142.45710258996468,-38.365863815131846],[142.45693501823158,-38.36569293171611]]],"crs":null},"id":43,"type":"Feature","properties":{"owner":"Westvic Container Export Services","hectares":5.54009726,"inlandrail":null,"operator":"Wettenhalls Regional Express (WRX)","locality_name":"Warrnambool","imt":1,"kfr":"Y","name":"Dennington IMT","location":"Vic Regional","state":"VIC","SHAPE__Length":2007.3075656338126,"objectid":43,"SHAPE__Area":90259.49412998,"status":"Operational"}},{"geometry":{"type":"Polygon","coordinates":[[[142.3589606498413,-35.72701626536396],[142.35783897744494,-35.725285589110044],[142.3562819608006,-35.72340737664717],[142.3560493842786,-35.72345764022224],[142.35603523221963,-35.72346063688453],[142.35603523221963,-35.72362775113171],[142.35839319305947,-35.72724507904522],[142.3589606498413,-35.72701626536396]]],"crs":null},"id":44,"type":"Feature","properties":{"owner":"Iluka Resources","hectares":2.36016044,"inlandrail":null,"operator":"Iluka Resources","locality_name":"Hopetoun","imt":1,"kfr":"Y","name":"Hopetoun IMT","location":"Vic Regional","state":"VIC","SHAPE__Length":1261.6515797870093,"objectid":44,"SHAPE__Area":35887.86357028,"status":"Operational"}},{"geometry":{"type":"Polygon","coordinates":[[[145.55582055518235,-35.80836552079136],[145.55717161867472,-35.80895571206938],[145.55841899502371,-35.80222410965253],[145.5578518095331,-35.80217683851909],[145.55747477852353,-35.80302512894622],[145.55674405383715,-35.80321773024419],[145.55641763660557,-35.80499227207076],[145.55582055518235,-35.80836552079136]]],"crs":null},"id":45,"type":"Feature","properties":{"owner":"Pacific National","hectares":8.86171873,"inlandrail":null,"operator":"Pacific National","locality_name":"Tocumwal","imt":1,"kfr":"Y","name":"Tocumwal IMT (Greys Container Terminal)","location":"NSW Regional","state":"NSW","SHAPE__Length":2091.995424769959,"objectid":45,"SHAPE__Area":135018.5274688,"status":"Operational"}},{"geometry":{"type":"MultiPolygon","coordinates":[[[[142.0652480738404,-34.169461998391554],[142.06354067742092,-34.16946320171027],[142.06354111490043,-34.16991769002639],[142.06242877689817,-34.16991844887862],[142.06094125661923,-34.16991946637982],[142.06094081824136,-34.16946497733003],[142.05874038057988,-34.16946643781255],[142.05874034374892,-34.17001102211236],[142.05874030781632,-34.170191379569054],[142.05874019732354,-34.17101313185048],[142.05958612106366,-34.17098044141887],[142.06047832780388,-34.17108317275208],[142.06130413916307,-34.171228896259606],[142.0621158263111,-34.17114590612599],[142.06294966860892,-34.170938446414496],[142.06385789770053,-34.170830147323784],[142.06476601809598,-34.17091950283527],[142.06561978951842,-34.171091423390784],[142.06644958041434,-34.17121015564809],[142.0672736400588,-34.171181055851505],[142.06811273839938,-34.170990246914556],[142.06882660619948,-34.170934154231475],[142.0691519670122,-34.17064642362212],[142.06886241214838,-34.170522049389426],[142.06876535906338,-34.17048197840315],[142.06866757564805,-34.17044323928306],[142.06856902507155,-34.17040577703117],[142.06846978189387,-34.17036962732479],[142.06836984521684,-34.17033482955732],[142.068269250973,-34.170301343595405],[142.06816803599332,-34.17026922815671],[142.0680662011761,-34.17023844385095],[142.0679637824539,-34.170209028584914],[142.06786081665769,-34.17018096526551],[142.06775733882185,-34.17015428733992],[142.06765334984453,-34.170128997782456],[142.06754888745513,-34.170105077270094],[142.06744394895858,-34.17008258080389],[142.0673386475426,-34.17006145487153],[142.0672329059522,-34.1700417515011],[142.06712680144244,-34.17002343724757],[142.06702036725096,-34.17000656488217],[142.066913641107,-34.169991098730065],[142.0668065861796,-34.169977056629875],[142.06669931296165,-34.16996444081205],[142.06659182055475,-34.16995326688536],[142.06658671003913,-34.16995276668227],[142.0652480738404,-34.169461998391554]]],[[[142.05841271918166,-34.170282510616076],[142.058413084796,-34.169493503930916],[142.05838052715512,-34.169466475718174],[142.05382952448355,-34.16946936100725],[142.05282391352358,-34.16992335057345],[142.05281355055845,-34.17028467493356],[142.05393858624723,-34.17028426763756],[142.0541583536916,-34.170284174732465],[142.05415795124637,-34.17111691556261],[142.05415784165194,-34.171329683739536],[142.05446940703683,-34.17117091740958],[142.05519692383936,-34.1707095460337],[142.05616114402432,-34.170565690130886],[142.05702575721395,-34.17079166700975],[142.05788036676446,-34.17087834022452],[142.0584123912966,-34.17096245959506],[142.05841250089102,-34.17077779227098],[142.05841271918166,-34.170282510616076]]]],"crs":null},"id":46,"type":"Feature","properties":{"owner":"Wakefield Transport Group/Pacific National","hectares":19.97541,"inlandrail":null,"operator":"Wakefield Transport Group/Pacific National","locality_name":"Merbein","imt":1,"kfr":"Y","name":"Merbein (Iron Horse) IMT","location":"Vic Regional","state":"VIC","SHAPE__Length":4398.581334894875,"objectid":46,"SHAPE__Area":292534.043541385,"status":"Operational"}},{"geometry":{"type":"Polygon","coordinates":[[[146.44474223991912,-38.19350943748163],[146.4455988455263,-38.19358082213639],[146.44619371080577,-38.193402361074256],[146.44825194515778,-38.185383577948286],[146.4476689762676,-38.18532409134194],[146.4461818135181,-38.187263352424196],[146.44474223991912,-38.19350943748163]]],"crs":null},"id":47,"type":"Feature","properties":{"owner":"QUBE Holdings/Australian Paper","hectares":11.21075128,"inlandrail":null,"operator":"QUBE","locality_name":"Maryvale","imt":1,"kfr":"Y","name":"Maryvale IMT","location":"Vic Regional","state":"VIC","SHAPE__Length":2610.5664752720722,"objectid":47,"SHAPE__Area":181767.045391,"status":"Operational"}},{"geometry":{"type":"Polygon","coordinates":[[[142.99070370309147,-36.37017905459241],[142.9894160444885,-36.36894744386753],[142.98914066683645,-36.369158224767055],[142.98775153813222,-36.36795234323355],[142.987538700292,-36.36811804871016],[142.99012486914654,-36.370591534350666],[142.99070370309147,-36.37017905459241]]],"crs":null},"id":48,"type":"Feature","properties":{"owner":"Pea Growers Co-operative","hectares":1.79518854,"inlandrail":null,"operator":"Pea Growers Co-operative","locality_name":"Donald","imt":1,"kfr":"Y","name":"Donald IMT","location":"Vic Regional","state":"VIC","SHAPE__Length":1058.2638231351389,"objectid":48,"SHAPE__Area":27743.377327595,"status":"Operational"}},{"geometry":{"type":"Polygon","coordinates":[[[147.23954669302523,-42.713005728255894],[147.2375933971698,-42.711734888367346],[147.2355989647625,-42.711084890654696],[147.2357533950413,-42.710451617689664],[147.23335187848664,-42.710133787344716],[147.23279153097198,-42.710063912847346],[147.23264695431354,-42.710692598312235],[147.23192567810725,-42.71085715585239],[147.23168952359546,-42.71091104654831],[147.22879156926874,-42.711572180667766],[147.22781833359156,-42.71189759564042],[147.22771255696688,-42.71193298664681],[147.22538728761683,-42.712710447736264],[147.22484562775506,-42.71289154535006],[147.22286360557342,-42.713554177126916],[147.2222537267506,-42.71429595369558],[147.22208706770584,-42.71449863959539],[147.22201078367019,-42.714591416760264],[147.2218692370292,-42.71466967182977],[147.22276377759252,-42.71535994415596],[147.2228240024458,-42.715406434745226],[147.2230078157192,-42.71554825465405],[147.22308373683543,-42.7156068445726],[147.2246221376921,-42.716793897937634],[147.2222592738475,-42.718752880919034],[147.22214108699708,-42.71885089398112],[147.22638526918513,-42.720405005463114],[147.22708541252427,-42.72066136092894],[147.226951164695,-42.72083548262613],[147.2277163146197,-42.72142313438448],[147.23063423310535,-42.72155568664336],[147.2312422865515,-42.72202273822676],[147.23156209847073,-42.72163565475292],[147.23155578600927,-42.720851317786796],[147.23154695287508,-42.71966261950221],[147.22810288663592,-42.71934160770897],[147.2289227125204,-42.71828144614364],[147.2289408899302,-42.71825796961356],[147.2289669500566,-42.71822426255167],[147.2289851274663,-42.71820072990065],[147.22902462010117,-42.71814967030034],[147.22957157373492,-42.717442341619844],[147.2303019381969,-42.71650579786525],[147.23104124538753,-42.71555782097844],[147.23180738076414,-42.714575415654615],[147.23247613337398,-42.713718550849634],[147.23472486177025,-42.71466900652052],[147.23519782836058,-42.71486889994823],[147.2352825448818,-42.71490471629744],[147.2366428268856,-42.71562982379153],[147.2372289075399,-42.71590334620129],[147.23727507914884,-42.715896575097844],[147.23773731446485,-42.71609051058635],[147.23827674830136,-42.71570395309916],[147.23833120686888,-42.715671115214164],[147.23912343830443,-42.71523843734692],[147.23946394830614,-42.71505636050425],[147.23993123844218,-42.71484737580739],[147.2402127138584,-42.71470663806382],[147.24045580605906,-42.71461707739539],[147.24109290473334,-42.71442771264138],[147.24263084026265,-42.714098907133895],[147.2428407082726,-42.71403344085936],[147.2430831770425,-42.71393977511084],[147.24214038347375,-42.712916236417975],[147.24118003143442,-42.71325847546844],[147.24023858803352,-42.71328855696753],[147.23954669302523,-42.713005728255894]]],"crs":null},"id":49,"type":"Feature","properties":{"owner":"Toll Group/TasRail","hectares":90.83947722,"inlandrail":null,"operator":"Toll Group/TasRail","locality_name":"Bridgewater","imt":1,"kfr":"Y","name":"Brighton Transport Hub (BTH)","location":"Hobart Metro","state":"TAS","SHAPE__Length":8104.642298691782,"objectid":49,"SHAPE__Area":1683643.06719155,"status":"Operational"}},{"geometry":{"type":"Polygon","coordinates":[[[145.91051370836357,-41.04874870875763],[145.91047085782623,-41.04875583095177],[145.90978184820668,-41.04885003312568],[145.9097620646092,-41.04884995928205],[145.90968293201584,-41.04883569526693],[145.909633219248,-41.04884274428549],[145.90924876456089,-41.04896998757822],[145.90898519885656,-41.0490572325856],[145.90886113432927,-41.04909828407812],[145.9086973966058,-41.049161332714675],[145.90854336517896,-41.04923797792321],[145.90845510839725,-41.0492957164959],[145.90825640285303,-41.0495109261667],[145.9082058869914,-41.049525079609865],[145.90818449720618,-41.049527281346656],[145.90812646334382,-41.04970340175844],[145.90820672691615,-41.049717127685774],[145.90827490904624,-41.049719291478624],[145.90849763104953,-41.04980568664184],[145.9086461863464,-41.04985787569043],[145.90878371841643,-41.04992382851927],[145.9089103736849,-41.05000223082901],[145.90901877878017,-41.05008611024255],[145.9090617398103,-41.05012912163715],[145.90912879006314,-41.05020395557064],[145.90918529139955,-41.05028093490222],[145.90918689758732,-41.05028313525878],[145.90921412642186,-41.05032975529652],[145.90923518652534,-41.05036581252003],[145.90923898280573,-41.05037511727895],[145.9092434725856,-41.05037678244793],[145.90924339892368,-41.050385903616714],[145.90924719520407,-41.0503951900817],[145.90925204969986,-41.05040719582329],[145.90927124849418,-41.05045450135041],[145.90927971691232,-41.05049163022752],[145.90932289623308,-41.05068057007176],[145.9093017265351,-41.05076239664046],[145.90963175948565,-41.05030590772565],[145.90974111410011,-41.05034174343638],[145.90974078441843,-41.050342187842965],[145.9094625447339,-41.050727986503325],[145.90948776763042,-41.05073860477688],[145.9095144844253,-41.050749870686005],[145.90951981323155,-41.05074781870548],[145.9096669096644,-41.05069135635945],[145.90970388342322,-41.05067557594274],[145.90980046219767,-41.050653709348936],[145.90998226863476,-41.05063950127539],[145.9099906265602,-41.05063883534599],[145.91007165729377,-41.05051440397715],[145.91008738948932,-41.05049022384647],[145.9100877173744,-41.05048948475118],[145.91014440106886,-41.05035486088144],[145.9101991147579,-41.05022473161896],[145.91019710792148,-41.050224305502745],[145.91018520883725,-41.050221752192606],[145.91022075876634,-41.05013622742304],[145.91052491394842,-41.050250760608314],[145.9105267384268,-41.050251444832824],[145.91056203413262,-41.05019790661493],[145.91056207725177,-41.050197834805154],[145.91064693301186,-41.05023052178621],[145.91242590719315,-41.05090055457565],[145.91245014284124,-41.05083685996923],[145.91247061814147,-41.050803965991435],[145.9124345561727,-41.050789813500806],[145.9127826578369,-41.05049684792821],[145.91286857810056,-41.05045444579968],[145.91293785617526,-41.05041069348927],[145.91313700009732,-41.050262249482],[145.91348506313398,-41.04997041155171],[145.9136741333484,-41.049714057457386],[145.91365183177317,-41.04970784044766],[145.91368077638992,-41.04964873377508],[145.9122073812205,-41.04922713720041],[145.91142668325486,-41.04899385189239],[145.91092207081365,-41.04885835848554],[145.91051370836357,-41.04874870875763]]],"crs":null},"id":50,"type":"Feature","properties":{"owner":"Toll Group/TasRail/TasPorts","hectares":6.38110375,"inlandrail":null,"operator":"TasRail/TasPorts","locality_name":"Burnie","imt":1,"kfr":null,"name":"Burnie IMT (Northern Marshalling Yard)","location":"Tas Regional","state":"TAS","SHAPE__Length":1743.5991735169844,"objectid":50,"SHAPE__Area":112304.71059044,"status":"Operational"}},{"geometry":{"type":"Polygon","coordinates":[[[151.70129284152648,-32.86450938831688],[151.70149990499607,-32.86353158935033],[151.69907736516876,-32.86316369834809],[151.69953664412913,-32.86423606889468],[151.70075059686138,-32.86707036237569],[151.70168682105046,-32.869256118822676],[151.70172149691876,-32.869337111886864],[151.70311444615788,-32.86709032405159],[151.7034768903239,-32.86606590459957],[151.701856875727,-32.86584059344889],[151.70129284152648,-32.86450938831688]]],"crs":null},"id":78,"type":"Feature","properties":{"owner":"Toll Group/Crawfords Freightlines Pty Ltd","hectares":10.91123661,"inlandrail":null,"operator":"Toll Group/Crawfords Freightlines Pty Ltd","locality_name":"Sandgate","imt":1,"kfr":"Y","name":"Sandgate IMT","location":"NSW Regional","state":"NSW","SHAPE__Length":2122.61538038213,"objectid":78,"SHAPE__Area":155087.917740415,"status":"Operational"}},{"geometry":{"type":"Polygon","coordinates":[[[146.84293357356722,-41.13818697387822],[146.84239265571387,-41.13789381259536],[146.84226613519257,-41.13782524183468],[146.8421638970318,-41.138112066231464],[146.8415482159906,-41.13775510885241],[146.8408514305539,-41.13751507112892],[146.8402969229869,-41.13731856397427],[146.83977968292777,-41.13703819518451],[146.83946596517941,-41.136716203979454],[146.83930040207932,-41.136338470557625],[146.83923425912496,-41.136270358234185],[146.8390420906211,-41.13607245836141],[146.83881133767906,-41.136022269353575],[146.83870358925233,-41.13594268145114],[146.83864183187316,-41.13588795866534],[146.83859591448746,-41.13584712983408],[146.83856178748977,-41.13582315293937],[146.83850272954808,-41.13578034510465],[146.83846214186687,-41.13574547204325],[146.8383938878716,-41.13567667035616],[146.83835585410077,-41.13564375861617],[146.83830858654716,-41.1356029296329],[146.8382731453143,-41.13556609577503],[146.83824693786417,-41.13554524588894],[146.83823073315472,-41.13553022465725],[146.83817065293024,-41.135466085001134],[146.83814437451323,-41.13543444984717],[146.83811794697587,-41.13541025156244],[146.83809042529055,-41.13539188194204],[146.83806414597518,-41.13537935655215],[146.83803658835723,-41.13537016260453],[146.83800027216523,-41.13536598138427],[146.83797165543356,-41.13536420538045],[146.8379484771026,-41.1353658886938],[146.8379309222253,-41.13536918157389],[146.83791212407962,-41.135376581927254],[146.8378804054653,-41.13539232509712],[146.83782280908255,-41.13542473697636],[146.83777426232794,-41.13545796343221],[146.83774225265944,-41.135482069009015],[146.83770053220272,-41.135504121182635],[146.83765366709434,-41.13552939179812],[146.83756822114117,-41.135572607768765],[146.8375316848619,-41.135591884619636],[146.83749255604477,-41.13560933066548],[146.83745831945268,-41.1356221875309],[146.83743145443574,-41.135638764176136],[146.83740444658673,-41.135658965202005],[146.83737761750248,-41.135674598023215],[146.8373481985752,-41.135684736419314],[146.8373140706793,-41.13570218108728],[146.83725906593608,-41.13572234691202],[146.8372187324781,-41.13574436111703],[146.83713923606712,-41.135794348720104],[146.83707992390217,-41.13582332005172],[146.83699564486048,-41.135858543533814],[146.836940456861,-41.13588202043218],[146.8368509595059,-41.13593840893081],[146.83681029906123,-41.135966601470535],[146.83677387147813,-41.13599960709129],[146.8367425912416,-41.136029317818895],[146.83672375716338,-41.136056069234506],[146.83671123734325,-41.13608043236298],[146.83668820633596,-41.136132917587894],[146.83667451780767,-41.13615337826244],[146.83665159549662,-41.13617452293736],[146.83662473227633,-41.13619245054205],[146.83657516503555,-41.13621524196144],[146.8364852293026,-41.13626258384197],[146.83643244968636,-41.1362897235098],[146.8363694149029,-41.13631331053362],[146.8362886042566,-41.13634544592019],[146.83622450946103,-41.13636993951776],[146.83615599944594,-41.13639189802731],[146.83611369598253,-41.136407383859876],[146.83605518601314,-41.136434430778834],[146.83601514540598,-41.13644911961167],[146.8359710533969,-41.13645910904451],[146.83588078977883,-41.13647357663623],[146.8357956717107,-41.13648968962183],[146.83570642947714,-41.13650966982672],[146.83557309433616,-41.1365390670757],[146.8354323498907,-41.13656822142627],[146.83533285248978,-41.13658429853092],[146.83523908274717,-41.136598912908575],[146.8351452788686,-41.13662229752981],[146.83505147319335,-41.136650177205055],[146.83495372660897,-41.136683995029536],[146.83489704201628,-41.13670151385328],[146.83482480848426,-41.13671329951178],[146.83473297461106,-41.13672926427214],[146.8346137654779,-41.1367585876778],[146.83457353352964,-41.13676866772232],[146.83428876399128,-41.136840752275084],[146.83981125152349,-41.13814158792297],[146.8399192972926,-41.13844411548753],[146.84240434818562,-41.13896273565904],[146.84389537908066,-41.139243655715205],[146.84564760322945,-41.139113804571494],[146.84566512307245,-41.1391208161718],[146.8456846506501,-41.13911992855898],[146.84570600360442,-41.139114378272524],[146.84572498320978,-41.13910250171329],[146.84574940211417,-41.139089606291016],[146.8458018520486,-41.13907264151045],[146.84582984804442,-41.13906810940468],[146.84587802828642,-41.13906453933103],[146.8459286169116,-41.1390549934253],[146.84598862347426,-41.13903760309527],[146.84604107251045,-41.13902211856017],[146.84609210041185,-41.13901590255479],[146.84615133981322,-41.13900661507846],[146.8461982785835,-41.138999493190674],[146.84623828325803,-41.13898696848966],[146.8462879960259,-41.13897044884299],[146.84635150601815,-41.138945491436296],[146.84639986771975,-41.138922681346],[146.84643852132814,-41.13890706756535],[146.84652261801173,-41.13888225829604],[146.84664138876704,-41.13885534092845],[146.84677260657892,-41.138825463699625],[146.84694700371156,-41.13878877845997],[146.84709048532372,-41.13875126038154],[146.847208196067,-41.13872957733634],[146.84726068373064,-41.13872032770561],[146.8472914537241,-41.1388127353276],[146.84777956770674,-41.13870841454199],[146.8477740197116,-41.13869231901488],[146.84774792275425,-41.13861663595461],[146.8478624956822,-41.13859038486954],[146.84798155838996,-41.13857020030689],[146.848091350484,-41.13856054337664],[146.8482215469114,-41.13855619660749],[146.84835951646093,-41.13855182954182],[146.8484774472914,-41.13854848134519],[146.8486168766033,-41.13854986960535],[146.84875784113606,-41.138557102494495],[146.84893267574822,-41.138563355753085],[146.84913703978035,-41.13857286519719],[146.8491825906535,-41.138577175432125],[146.84922631884487,-41.1385846863761],[146.84937297600152,-41.1386041666567],[146.84946875168222,-41.13861645058283],[146.84954492612334,-41.13862357318874],[146.84968709439855,-41.13862209292078],[146.8498148797477,-41.13862196370179],[146.84988043430556,-41.138628142534856],[146.85002782089418,-41.13864497753492],[146.85014527831257,-41.13866168398827],[146.8502162335419,-41.13867324536026],[146.85032960272738,-41.138680756969705],[146.8504096839417,-41.138685474473824],[146.85047994746827,-41.13869096864388],[146.8505766717699,-41.13870040365028],[146.85068201181332,-41.138708802875016],[146.85078161970702,-41.13871688818493],[146.8508118776607,-41.13872265973304],[146.85086027709158,-41.13873855093821],[146.85090853009706,-41.13875076109654],[146.85098525251053,-41.13876232245283],[146.8510648603127,-41.13876898296757],[146.8511994719597,-41.138776087966946],[146.85127385785512,-41.13878089814983],[146.85136313691967,-41.13882927463355],[146.8513916440569,-41.1388888443796],[146.85153362907573,-41.13940856581005],[146.85159064245184,-41.13951688242182],[146.85163706918237,-41.13952474573026],[146.85168619894355,-41.13968003420899],[146.851618673482,-41.13969224486858],[146.85164367629127,-41.1397713127076],[146.85046406884732,-41.139984507805984],[146.85050454783234,-41.14011249001989],[146.85416505864765,-41.139450875379914],[146.85421542898223,-41.1396079033899],[146.8542455773415,-41.13963766998809],[146.8542598857073,-41.13963491245657],[146.85426415719652,-41.13961436018355],[146.8547155875762,-41.13953684546788],[146.85491319897238,-41.13962858623505],[146.85499247799117,-41.139879243100296],[146.85731559318114,-41.13945888550342],[146.8573397919983,-41.13945198556685],[146.857372021754,-41.13943707482779],[146.85729617519794,-41.139197370025265],[146.85730821980928,-41.139111437378205],[146.85734818675462,-41.139066259758806],[146.8574153106693,-41.13902868703979],[146.8575154665352,-41.139008706925665],[146.85759770011296,-41.13899762527643],[146.8576709927587,-41.138990188122136],[146.8577362912967,-41.138981362716],[146.85779779445267,-41.13896795107315],[146.85786718032517,-41.138949414668204],[146.85795594914663,-41.13893318998182],[146.8580412486744,-41.13891456020503],[146.85815622314934,-41.13889230486393],[146.85820593681544,-41.13887807865275],[146.85824258358747,-41.13886028100059],[146.8582949239275,-41.13883345630958],[146.85835642708344,-41.13879871341347],[146.85841661510577,-41.138773923722766],[146.85849410468046,-41.138740531841705],[146.8585653527606,-41.138706102133675],[146.85864181915423,-41.13866205405501],[146.85874774220432,-41.13858670381735],[146.85877873138668,-41.13856831411382],[146.8587966159457,-41.13855978497541],[146.8588084422664,-41.13855390381348],[146.8588180057309,-41.13855175579893],[146.85882640048723,-41.13855157245662],[146.85883461288557,-41.13855199732374],[146.8588436283778,-41.13855369949839],[146.85885085532422,-41.138556197960575],[146.85886337424606,-41.1385618389506],[146.85887771944275,-41.13856859217167],[146.85889250211912,-41.13857392059928],[146.8589055321823,-41.13857889654924],[146.85891633622018,-41.13858098773356],[146.85893020710648,-41.13858246664935],[146.85894166781293,-41.13858213446838],[146.8589534573027,-41.13858172583838],[146.85896254555843,-41.138580968790436],[146.85897400626484,-41.13857826736731],[146.85901390044663,-41.13861856003249],[146.85904802834253,-41.13859797023132],[146.8590022942131,-41.138554106098944],[146.85900911961267,-41.13854585569318],[146.8590152515128,-41.13853501413751],[146.85901784225408,-41.13852615349001],[146.85902090910244,-41.13851662577255],[146.85902251439185,-41.13850868927685],[146.85902178495988,-41.138501473972426],[146.85902178495988,-41.13849370458045],[146.85902058031903,-41.13848513889912],[146.8590195589346,-41.138477552847746],[146.85901886453684,-41.13847105873245],[146.85902065308258,-41.13846206953355],[146.85902496050434,-41.138456760040015],[146.85903346395688,-41.13845023006597],[146.8590546713841,-41.138440054211024],[146.85908270421083,-41.1384271228018],[146.8591106624774,-41.138417390754434],[146.859145191022,-41.13840408994907],[146.85917315018693,-41.13839593153411],[146.85920260504676,-41.13838964172632],[146.85921888431633,-41.13838721903049],[146.85923987165634,-41.138387477469415],[146.8592760809488,-41.13838982709874],[146.859323931509,-41.13840505199114],[146.85946186512592,-41.13854271045828],[146.85943343165061,-41.13855908340347],[146.85945635306342,-41.13858187535366],[146.8592311858458,-41.13871104221708],[146.85929232248913,-41.13877142594544],[146.85933254545432,-41.13876069537927],[146.85934805846094,-41.13874263925775],[146.8593793377991,-41.138734370609214],[146.85981857893876,-41.13848227171956],[146.85981620738642,-41.13847834778317],[146.85991942920242,-41.13842405130419],[146.86004732504438,-41.13835236494512],[146.86003739686385,-41.13834207812207],[146.86005090213584,-41.13833723205024],[146.86006655977124,-41.13832605692471],[146.86004042598302,-41.13830570585124],[146.85999618844687,-41.13833810073046],[146.8600053144318,-41.13834514827042],[146.85989993845575,-41.13840314685016],[146.8597977748551,-41.1384573885466],[146.85974747728403,-41.13840743815308],[146.85963432728747,-41.13847205933638],[146.85961140497636,-41.13844913677562],[146.85956866403345,-41.138473611997576],[146.85941335789724,-41.13831858316099],[146.859412590736,-41.13830544876507],[146.8594131369117,-41.138296548847116],[146.85941346659337,-41.13828480203599],[146.8594163133545,-41.13827445972583],[146.85942357623355,-41.138262102669],[146.85943098643637,-41.13825779173681],[146.85944343259462,-41.13825608955448],[146.85945949267526,-41.138254721584374],[146.85947664690397,-41.13825268654277],[146.85949113852615,-41.13824987415302],[146.8595031103739,-41.13824611866199],[146.8595130017235,-41.13824160408924],[146.85951949833964,-41.13823414858256],[146.85952603268498,-41.13822395510396],[146.8595360695617,-41.13820991479727],[146.85954311415014,-41.13819787029144],[146.85955293273622,-41.13818488268136],[146.85956432067908,-41.138172155538115],[146.85957676683734,-41.13816038908495],[146.8595897969005,-41.13815210209632],[146.85960421486087,-41.13814629193498],[146.85961925355699,-41.13815128686061],[146.8596333068013,-41.138158797853315],[146.85964743101255,-41.13816543948612],[146.8596660090709,-41.1381688810654],[146.8596817771991,-41.13816714234737],[146.85969155895424,-41.138163497128275],[146.85970134070934,-41.138157578044336],[146.85971477321777,-41.13815038164455],[146.8597519679621,-41.1381840877424],[146.85978262746278,-41.13816575475563],[146.8597428060445,-41.13812533191574],[146.85974857233035,-41.13811730336268],[146.85975850140917,-41.13810616608615],[146.85976751600307,-41.13809462288093],[146.859777772967,-41.13807793590296],[146.85978540146033,-41.138056567905195],[146.85979262840686,-41.138035716781076],[146.85979956340086,-41.13801448069592],[146.8598066079893,-41.13799424115583],[146.859815878603,-41.137972281153026],[146.8598280328088,-41.13795463209528],[146.85984708607597,-41.137935669856255],[146.8599153769022,-41.13785776617171],[146.8599232982464,-41.137845204719085],[146.85996534568986,-41.13780946406824],[146.86004546373513,-41.137755480277406],[146.86011722385499,-41.13771359516303],[146.86022033517824,-41.13766172145026],[146.86028537769636,-41.13762394428524],[146.86034093131016,-41.13758616845155],[146.86050916061006,-41.13747912733286],[146.8605574118189,-41.137441109886936],[146.8606362515615,-41.13736960715231],[146.8607215537843,-41.137303043852604],[146.8608327679114,-41.13722760139555],[146.86099869842246,-41.13712524077411],[146.8610561852107,-41.13708940568983],[146.8611071753829,-41.13705527347607],[146.8611690791874,-41.13701202059509],[146.86121444949922,-41.136980422720704],[146.86125992850708,-41.136955430052396],[146.86131635707994,-41.136932987993454],[146.86139045192118,-41.13690473971484],[146.861481045221,-41.13688327999965],[146.86148330807717,-41.13688305808886],[146.86177873882133,-41.13715389692008],[146.8631811419305,-41.13627758866843],[146.86284019624586,-41.13596469896501],[146.86288322914123,-41.135939224194026],[146.86288326507383,-41.1359282543363],[146.86288706135423,-41.13592105769192],[146.8629027207863,-41.13590710755232],[146.8629714131594,-41.13586489109259],[146.86304890183587,-41.13582417252757],[146.86310985701945,-41.13580014217557],[146.86320851719043,-41.135765990347025],[146.8633246226443,-41.135723848219065],[146.86341298991877,-41.13568577360046],[146.86348259498027,-41.135648941142236],[146.8636256013836,-41.13556472842539],[146.86362768278013,-41.13556339625742],[146.8639327497523,-41.13541682108032],[146.8643752751326,-41.135200222173005],[146.86467402784663,-41.13500700910075],[146.86471972604343,-41.134930696630775],[146.86473491026672,-41.134919283446166],[146.86491584084638,-41.13490949607552],[146.86491992907924,-41.13494111253849],[146.86500106761068,-41.13493365733325],[146.864983731024,-41.13472971225024],[146.86500033728038,-41.13472862160415],[146.86592232766378,-41.13468594160536],[146.8659212694484,-41.13467506422952],[146.8659569289719,-41.13467280715861],[146.86595711222822,-41.13467711629666],[146.86623053334955,-41.134659764724134],[146.86622856244585,-41.13462681593857],[146.86619582244694,-41.13461714083669],[146.86612731333014,-41.134617548138216],[146.86612873536325,-41.13463092278209],[146.8660150023601,-41.13463349514095],[146.86601536617775,-41.13464403829299],[146.8659532072517,-41.13464864580483],[146.86595477660848,-41.13466337224945],[146.86592035676003,-41.13466503663654],[146.8658922520681,-41.134368259513955],[146.8659880277487,-41.134359768394624],[146.86622100761426,-41.13435344031115],[146.86646698161042,-41.13433492289962],[146.86647245684208,-41.134401190161604],[146.86645471601352,-41.1344017260152],[146.866456651883,-41.134434768282205],[146.86649877209004,-41.13443336166721],[146.86649687484817,-41.13440033834382],[146.86648402624462,-41.13440176322726],[146.8664799389101,-41.1343339425301],[146.86662805493077,-41.13432293451528],[146.86682650535343,-41.13430822829174],[146.866838587694,-41.13438674173372],[146.86683657906102,-41.13438690817314],[146.8668382948432,-41.13440033834382],[146.86686089016757,-41.134398378283336],[146.866858845602,-41.13438494675909],[146.86685136263563,-41.13438561319333],[146.86683935395698,-41.13430726483641],[146.86696542532056,-41.13429786776341],[146.86698721575442,-41.134293890126564],[146.8670456888929,-41.13428315950446],[146.86712138902357,-41.134260423570254],[146.86722888143046,-41.13424347783818],[146.86726158549672,-41.13423539265346],[146.86738429895775,-41.13442437123839],[146.86743156651136,-41.134409589260315],[146.8674105046112,-41.134371127549926],[146.86737714477485,-41.134380341258456],[146.86727998119707,-41.134230693773674],[146.86739389835486,-41.13420146395986],[146.86744087305775,-41.13418096614089],[146.86752277875036,-41.13413075674144],[146.86758793176134,-41.13410111957834],[146.86766972875782,-41.134076107545184],[146.8677953985745,-41.13404317808747],[146.86821613441927,-41.13391092220402],[146.8684750657151,-41.13384894740112],[146.86851408314118,-41.133853405442736],[146.86850988531378,-41.13384691222278],[146.86843885732097,-41.13375705714297],[146.86825427688623,-41.133447700086016],[146.86823894623762,-41.133334757728875],[146.86812313093958,-41.133238872134825],[146.86823467474844,-41.13318555508845],[146.86820960007393,-41.13299935307313],[146.86811334918443,-41.13223250946543],[146.8670502505379,-41.13301276458317],[146.86564138764354,-41.13320052137624],[146.86512190988103,-41.13335343780517],[146.86511472874864,-41.13335555216027],[146.86383912733342,-41.134250599565775],[146.8637044060919,-41.134803397122504],[146.86370009867008,-41.1348155159987],[146.86344153298862,-41.134881782098624],[146.8636177554979,-41.13415865439026],[146.86498515395542,-41.133199189160244],[146.86500901859927,-41.13319216542486],[146.8648130268655,-41.13291217683787],[146.86085855494994,-41.135332401034056],[146.8559964971365,-41.137990325308785],[146.85485121162452,-41.138249634656745],[146.853662709961,-41.13816319809583],[146.85303262353585,-41.13802786479538],[146.85238924114623,-41.13812867404509],[146.85212757268368,-41.13812372782891],[146.85069646570628,-41.13809667484107],[146.850156884546,-41.137992575500135],[146.85015414827768,-41.13799203899931],[146.84867202956852,-41.13758313344828],[146.84777657541852,-41.13722388170334],[146.84636019272693,-41.137382075331836],[146.845671766114,-41.13796724900373],[146.84468042758724,-41.13842812070022],[146.8443301358304,-41.13851236898035],[146.84354370661325,-41.13843000757388],[146.84293357356722,-41.13818697387822]]],"crs":null},"id":51,"type":"Feature","properties":{"owner":"TasRail/TasPorts","hectares":45.36217793,"inlandrail":null,"operator":"TasRAil/QUBE Holdings","locality_name":"Bell Bay","imt":1,"kfr":null,"name":"Bell Bay IMT","location":"Tas Regional","state":"TAS","SHAPE__Length":10835.289961709896,"objectid":51,"SHAPE__Area":800463.937639265,"status":"Operational"}},{"geometry":{"type":"Polygon","coordinates":[[[133.87723609045216,-23.699690057961725],[133.87769501457797,-23.698768599074004],[133.87809801228917,-23.697624854429193],[133.87803023080772,-23.697595846541798],[133.87729263850096,-23.697281420864254],[133.87707904068597,-23.697190622996285],[133.87661738927497,-23.696994374585245],[133.87626155042125,-23.69684313793666],[133.87590571336412,-23.69669186245185],[133.87554896092377,-23.696540200181257],[133.8754722753412,-23.696507602332535],[133.87515925109227,-23.696272301870852],[133.8748297283848,-23.696024586627107],[133.87457083481826,-23.69582998491345],[133.87459098223343,-23.69577143283479],[133.87438643584326,-23.695602897528655],[133.87429836231783,-23.695581455297276],[133.87467197613606,-23.694824435418806],[133.87416769157997,-23.694612148750593],[133.8740985976599,-23.69511126025836],[133.8736664747706,-23.695052391984742],[133.87347437364036,-23.695026215686088],[133.87323445967908,-23.69499091773446],[133.8729434091203,-23.694948052809192],[133.87285197679407,-23.6949345846155],[133.87265151863667,-23.694879398979662],[133.87267133816684,-23.694750065368826],[133.87188808449415,-23.694623451927036],[133.871847314455,-23.69461686629069],[133.870949341429,-23.69432510153794],[133.8709694520133,-23.69426420029036],[133.87046254078328,-23.694163856629505],[133.87036307841672,-23.69413310983904],[133.87037333538066,-23.69407920052565],[133.87000118042639,-23.694041311978204],[133.86999103395524,-23.694039406856866],[133.86897618741585,-23.693845582001753],[133.86899188278053,-23.69379165447264],[133.8682914843198,-23.69353470912573],[133.8682310510574,-23.693796215749757],[133.86879617221945,-23.693968726506146],[133.87009297836698,-23.694646873461167],[133.8721988009712,-23.695693836339682],[133.87454851886994,-23.69659208329833],[133.8759999897566,-23.697493303423187],[133.87670787926842,-23.69804057997304],[133.87701126010288,-23.698421294243474],[133.87709454111618,-23.69871872634043],[133.87709454111618,-23.699188669843792],[133.87699341417138,-23.699587230238684],[133.87723609045216,-23.699690057961725]]],"crs":null},"id":52,"type":"Feature","properties":{"owner":"Aurizon Bulk Central","hectares":9.95305859,"inlandrail":null,"operator":"Aurizon Bulk","locality_name":"Ciccone (Alice Springs)","imt":1,"kfr":"Y","name":"Alice Springs IMT","location":"NT Regional","state":"NT","SHAPE__Length":3050.0480386115587,"objectid":52,"SHAPE__Area":119243.95878396,"status":"Operational"}},{"geometry":{"type":"Polygon","coordinates":[[[151.86401509143002,-27.501839218095764],[151.85465299326935,-27.500578854060674],[151.85446666111983,-27.500545701132147],[151.85428467232478,-27.50049708367154],[151.85410859534255,-27.500433406438912],[151.8539371922948,-27.500337909246035],[151.85379024318567,-27.500214163329726],[151.85367355203024,-27.500067014823017],[151.85359168227018,-27.499902234971277],[151.85354580261367,-27.499726689073892],[151.85358522248498,-27.499552122186635],[151.85370483226677,-27.49940682301021],[151.85386258631212,-27.499294972577644],[151.85405234912764,-27.499234514603003],[151.85425386639872,-27.499231924934925],[151.85429664417256,-27.498979342762937],[151.85407136556393,-27.498974384931497],[151.85385170861232,-27.49901934007181],[151.8530889679692,-27.499268276697443],[151.8528718676229,-27.49924516889515],[151.85278025204033,-27.49919264882652],[151.85275229377376,-27.49916295687289],[151.85265100513217,-27.49906518365048],[151.85248971172462,-27.49893512865179],[151.85189523182245,-27.498689863838603],[151.84644534882642,-27.497871508105643],[151.8462636789332,-27.497848443835803],[151.84587752193866,-27.500141100257384],[151.85212674024754,-27.500998509017393],[151.85116372111014,-27.506741016155623],[151.8591748069824,-27.507820034397724],[151.85929804416128,-27.50708100628847],[151.8613207492455,-27.507379997992093],[151.860756014359,-27.51071229285566],[151.86435535259838,-27.511198015029468],[151.86425271289062,-27.51051303332622],[151.86439729134577,-27.50987052975198],[151.86532785884347,-27.508344371329006],[151.86572180243493,-27.508007597625845],[151.86295378851565,-27.507600598049972],[151.86366681728927,-27.50373433893647],[151.86371638453002,-27.50346557074207],[151.86401509143002,-27.501839218095764]]],"crs":null},"id":53,"type":"Feature","properties":{"owner":"Freight Terminals Pty Ltd","hectares":137.07366623,"inlandrail":"Y","operator":null,"locality_name":"Charlton","imt":null,"kfr":"Y","name":"InterLinkSQ (Industrial Estate)","location":"QLQ Regional","state":"QLD","SHAPE__Length":7574.8677898245,"objectid":53,"SHAPE__Area":1449202.633456595,"status":"Under Construction"}},{"geometry":{"type":"Polygon","coordinates":[[[121.43217931083825,-30.773804169213598],[121.43165103317915,-30.773144258702636],[121.42763820490615,-30.77542126676895],[121.4272102519963,-30.774872814911284],[121.42048266732394,-30.77882421732814],[121.41687336586975,-30.78083630994947],[121.4171901325002,-30.78127249904479],[121.42110572443195,-30.779128006778123],[121.42161771114331,-30.77981548586395],[121.42386260552988,-30.778536877603944],[121.43217931083825,-30.773804169213598]]],"crs":null},"id":54,"type":"Feature","properties":{"owner":"Aurizon","hectares":18.49889609,"inlandrail":null,"operator":"Aurizon/Sadliers Logistics","locality_name":"West Kalgoorlie","imt":1,"kfr":"Y","name":"Kalgoorlie Container Terminal","location":"WA Regional","state":"WA","SHAPE__Length":4210.37344632149,"objectid":54,"SHAPE__Area":251409.88547201,"status":"Operational"}},{"geometry":{"type":"Polygon","coordinates":[[[121.42593077435063,-30.770257391174606],[121.41685551005686,-30.7751909239917],[121.4187436537997,-30.777870868420806],[121.42775800872397,-30.77278506502279],[121.42593077435063,-30.770257391174606]]],"crs":null},"id":55,"type":"Feature","properties":{"owner":null,"hectares":34.87159764,"inlandrail":null,"operator":null,"locality_name":"Karlkurla","imt":1,"kfr":null,"name":"West Kalgoorlie","location":"WA Regional","state":"WA","SHAPE__Length":3187.3728963817102,"objectid":55,"SHAPE__Area":473898.36145996,"status":"Proposed"}},{"geometry":{"type":"Polygon","coordinates":[[[121.40232658714788,-30.80279239415519],[121.41038859671696,-30.813138962561933],[121.423440812368,-30.803892402907643],[121.41430161497546,-30.794289127372213],[121.40232658714788,-30.80279239415519]]],"crs":null},"id":56,"type":"Feature","properties":{"owner":null,"hectares":213.41929922,"inlandrail":null,"operator":null,"locality_name":"Yilkari","imt":1,"kfr":null,"name":"West Kalgoorlie (ANZAC Dr)","location":"WA Regional","state":"WA","SHAPE__Length":6834.094233510497,"objectid":56,"SHAPE__Area":2902088.68001084,"status":"Proposed"}},{"geometry":{"type":"Polygon","coordinates":[[[151.04162343074583,-33.8898456542846],[151.04040729870067,-33.89122655179811],[151.04061604201988,-33.89135823523062],[151.04181262133451,-33.89005855478172],[151.0420094296369,-33.890245034670876],[151.04271917147483,-33.890291968145284],[151.042754832795,-33.8903988988776],[151.04915247794165,-33.888942061358364],[151.0493712590358,-33.88890953798214],[151.04985984822727,-33.88888917041095],[151.05018703531502,-33.88884484391348],[151.0503833944597,-33.888806988669664],[151.05059105261407,-33.88875865244146],[151.05075669027434,-33.88871597389835],[151.05086403535748,-33.88867769652452],[151.0509687914961,-33.888634776330136],[151.05106938484158,-33.88858473381412],[151.05116527101504,-33.88852884562459],[151.0513794904642,-33.888366322537536],[151.0522355364209,-33.88764386238142],[151.0524929944797,-33.88743658755447],[151.05275999174842,-33.887276747738426],[151.05294190777994,-33.88719542053564],[151.05322996605054,-33.887103882782746],[151.05371256976727,-33.887026830663274],[151.04352969081296,-33.88768084191989],[151.04242775530176,-33.88893244096076],[151.04162343074583,-33.8898456542846]]],"crs":null},"id":57,"type":"Feature","properties":{"owner":"Pacific National","hectares":19.88351436,"inlandrail":null,"operator":"Pacific National","locality_name":"Chullora","imt":1,"kfr":"Y","name":"Sydney Freight Terminal (Chullora IMT)","location":"Sydney Metro","state":"NSW","SHAPE__Length":3431.1271814337997,"objectid":57,"SHAPE__Area":289284.2919746,"status":"Operational"}},{"geometry":{"type":"Polygon","coordinates":[[[115.99052982984182,-31.942225320175034],[115.99048351180747,-31.942009091361488],[115.9898812246471,-31.94251317954408],[115.9902445832981,-31.942463932431146],[115.99022757369819,-31.94247814079458],[115.99004846849512,-31.94262793564301],[115.99001886631157,-31.94265270628092],[115.98994816620379,-31.942711832573675],[115.98960948247704,-31.942995104495402],[115.98951217337223,-31.943522780706846],[115.98950717334934,-31.943904379761833],[115.98950242844799,-31.94432044434703],[115.9895331616105,-31.94477069805135],[115.9895531634986,-31.94519717817695],[115.98955455049743,-31.945226722977303],[115.98955374740355,-31.945357240157815],[115.98955174056721,-31.945687113421343],[115.98952184643119,-31.946146746919602],[115.9894649435478,-31.946604528881082],[115.98937621155733,-31.94705772284124],[115.98928266280026,-31.94750557195325],[115.98911957994866,-31.948285994126852],[115.98892240693031,-31.9492297897859],[115.98891313631657,-31.949274190027126],[115.98891207810115,-31.94927924060084],[115.98878567795416,-31.94988431958055],[115.98883984456917,-31.94989255243352],[115.98882871174784,-31.949945813280284],[115.98877454603117,-31.949937581956576],[115.98874494384762,-31.95007938334478],[115.98873567323386,-31.9501237648819],[115.9885417134893,-31.95105229876834],[115.98795734771888,-31.95400369669567],[115.98801158709743,-31.954011503873833],[115.98800687902701,-31.95403523866699],[115.98800279079416,-31.95405597726143],[115.98794855141563,-31.954048170849244],[115.98792559227358,-31.954164146535557],[115.98776783912653,-31.954960682738953],[115.98774670715781,-31.95506737306584],[115.9877414133858,-31.95509405039188],[115.98771498764513,-31.95522745291173],[115.98757365929471,-31.95594107223452],[115.9875502995041,-31.95608518671567],[115.98758698310704,-31.956089496838953],[115.98757888030319,-31.95613953998508],[115.98754219759853,-31.956135210809663],[115.98751325298176,-31.956313903452713],[115.98750317837585,-31.956375988108483],[115.98747554889265,-31.956809572693043],[115.98749394369472,-31.957243342724496],[115.98749967494624,-31.95728189630304],[115.98755424131157,-31.957275977296298],[115.98755759921407,-31.957298343152335],[115.98756092118401,-31.95732069071084],[115.98750635302206,-31.957326629531114],[115.98755818491564,-31.957673911896585],[115.98766615163304,-31.958102611752107],[115.98777462859347,-31.958451836214646],[115.98785197264111,-31.95876857470207],[115.9878856612609,-31.958906658380972],[115.98789734205452,-31.95899066772659],[115.98795037679227,-31.95937169417993],[115.98795851552873,-31.95963148854082],[115.98799552701679,-31.95963063798167],[115.98799713410283,-31.959681125055727],[115.98796012171648,-31.959681956560708],[115.98796508670506,-31.959839817372345],[115.98801735428155,-31.960037693656066],[115.9878402927458,-31.96077034892979],[115.98746218914776,-31.962334745985604],[115.98706693132108,-31.96397009054835],[115.98679474987483,-31.96509622181045],[115.98668503144263,-31.96556135048738],[115.98630944672065,-31.96715360709396],[115.98595806171414,-31.96864319150318],[115.98588517061533,-31.968952639908593],[115.98555090390484,-31.970373069397255],[115.98512513300292,-31.972182073738207],[115.98482035708489,-31.9734769995447],[115.98444123300071,-31.97508770304165],[115.98424394948958,-31.97592580777228],[115.98376350083122,-31.976910064640848],[115.98322731530276,-31.977708986715072],[115.98252917969825,-31.97855789542455],[115.98252593049183,-31.978561873788117],[115.9824558511199,-31.978647103386105],[115.98238642841642,-31.978699199235],[115.9823763538105,-31.97870674676039],[115.98141337509732,-31.97942932057317],[115.98074776120102,-31.979823758433398],[115.98008236649363,-31.980218030010715],[115.98004958966388,-31.980240119775697],[115.98000790693641,-31.980268202496156],[115.97999797875588,-31.980274918574047],[115.97996691680997,-31.980295841736663],[115.97977518219234,-31.980467706527687],[115.97977394072062,-31.98046881596587],[115.97973740444138,-31.980501561150827],[115.9797072192512,-31.980528608265455],[115.97961812254471,-31.980608474014407],[115.98021000811238,-31.980934942656383],[115.9805315358138,-31.981222081035845],[115.98088952792924,-31.981639217811598],[115.98108243035672,-31.981864012300896],[115.98085098391536,-31.982280688219415],[115.98055686650818,-31.982578926420782],[115.97992143690374,-31.98264284487599],[115.98047120226437,-31.98322017310215],[115.98150604889528,-31.982185763737647],[115.9815157947178,-31.982176015188394],[115.98159306420524,-31.982124252005345],[115.98162901747787,-31.9821001838754],[115.98163493018907,-31.982096206427173],[115.98163584287741,-31.982095595332595],[115.98188685282906,-31.981927467217613],[115.98258203297628,-31.981461859135827],[115.98262189032712,-31.98143516432582],[115.98388347622729,-31.980590121067443],[115.9841896023132,-31.98038506629621],[115.98525306477745,-31.9796726877278],[115.98605383829307,-31.978991091802385],[115.9862044372572,-31.97886290534041],[115.98684066995551,-31.97832133602168],[115.98724501513959,-31.977811458854976],[115.98758044965999,-31.977065611340056],[115.98774900684492,-31.976358467926737],[115.98855996366261,-31.972956170109658],[115.98937081178413,-31.969553889445027],[115.99028396813507,-31.965722225201592],[115.99040390670024,-31.96521889539046],[115.99117690340898,-31.961975199515603],[115.99129454228701,-31.96148152598563],[115.99134184667156,-31.9612829836575],[115.99170673695005,-31.95975157201854],[115.99215134372689,-31.957885569729253],[115.99220353764152,-31.95766647468026],[115.99228095535103,-31.95719465074502],[115.9923561443403,-31.95669712921318],[115.99240308400886,-31.956192486241193],[115.99240852151127,-31.956119059477537],[115.99250218076111,-31.954847555598274],[115.9925907294953,-31.953645461367174],[115.99259959946039,-31.953524991092248],[115.99260850535812,-31.95340450007988],[115.99264807165481,-31.952867204415607],[115.99266095619093,-31.95269202722754],[115.99267300080226,-31.95252900541078],[115.99265559055374,-31.952276739133747],[115.99264219577454,-31.952082175473297],[115.99252627088207,-31.95154119895149],[115.99236902887642,-31.95140744274452],[115.99249988197228,-31.951418044434313],[115.99246013241931,-31.95123256232503],[115.99217353480935,-31.949895012913803],[115.99214137871547,-31.949744886145563],[115.99211794526295,-31.949635514200075],[115.99206578638261,-31.94939209104764],[115.99201450425797,-31.949152737594474],[115.99195457135716,-31.948873147214105],[115.99176499089961,-31.947988476886902],[115.99165362855045,-31.947468811658585],[115.99155347178618,-31.947001464659774],[115.99104163329683,-31.944613392957525],[115.99052982984182,-31.942225320175034]]],"crs":null},"id":58,"type":"Feature","properties":{"owner":"Intermodal Group/Specialised Container Transport (SCT) Logistics","hectares":146.34539809,"inlandrail":null,"operator":"Specialised Container Transport (SCT) Logistics","locality_name":"Forrestfield","imt":1,"kfr":"Y","name":"Forrestfield IMT (FIT)","location":"Perth Metro","state":"WA","SHAPE__Length":11853.836645855308,"objectid":58,"SHAPE__Area":2039283.48638749,"status":"Operational"}},{"geometry":{"type":"Polygon","coordinates":[[[115.97345360189242,-31.982398847837572],[115.97205050618214,-31.982260208209237],[115.97176847111554,-31.98223234782942],[115.96907239877581,-31.981965893088486],[115.96880273620562,-31.981939253286555],[115.96764784051679,-31.981825088823896],[115.96733572805785,-31.98179423150053],[115.96730631002895,-31.981791327648864],[115.96223814006174,-31.98129016231628],[115.9617164452571,-31.981200511933235],[115.96121949724194,-31.981038266126657],[115.96076120283513,-31.98080795978075],[115.96071754920388,-31.980776657884363],[115.96035368120818,-31.980515622664488],[115.96017672926689,-31.98036543927792],[115.95998937483458,-31.980270109728213],[115.95976413395519,-31.980079188972507],[115.95961346132924,-31.980079448045732],[115.95947735219063,-31.98019592423884],[115.95861777854978,-31.9809314109118],[115.9583674243683,-31.981143310011575],[115.95811020885468,-31.981360998827604],[115.95640189974684,-31.98280690358978],[115.95640113348391,-31.982999358582653],[115.95681726995443,-31.983356408080848],[115.9575840979321,-31.983432332837722],[115.95782350165027,-31.983456049358363],[115.95778671024952,-31.98372635371378],[115.95666955548072,-31.983615816074064],[115.95651665682945,-31.983484669794464],[115.95617454064002,-31.98319120360854],[115.95594871675402,-31.983190594045162],[115.95558145312651,-31.983501633886682],[115.95516995286116,-31.98385022989548],[115.95513991229974,-31.983875666787867],[115.95450419253949,-31.98441448013757],[115.95398424944965,-31.984855242364915],[115.95396176551644,-31.984874316016153],[115.95369192148651,-31.985103105041553],[115.95364377807552,-31.985143935020663],[115.9532099753366,-31.985512048611913],[115.95352252437677,-31.985542961068056],[115.9544344042217,-31.985633129132943],[115.95470381167034,-31.985659770148168],[115.95586779561489,-31.985774840349087],[115.95712930785322,-31.985899512269384],[115.95739871530186,-31.9859261326351],[115.9574505445005,-31.98593127643436],[115.95932587916573,-31.986116608448615],[115.95969007504654,-31.986152592104574],[115.95995951842782,-31.98617923144507],[115.9606637122706,-31.98624886490591],[115.96305767399377,-31.986485534922647],[115.96422395762546,-31.98660080828394],[115.96479419828636,-31.986657177828356],[115.96513536315986,-31.986690885401984],[115.9652975701541,-31.986828562882604],[115.96552777512375,-31.986632943263853],[115.96607140588931,-31.987094407678875],[115.9663982273627,-31.98681553855319],[115.96805978005833,-31.986979781048262],[115.96819475642134,-31.98699312079033],[115.96924194141265,-31.987096645443103],[115.96950977860618,-31.98732434395256],[115.96972089437602,-31.98714413525174],[115.9699931117549,-31.98717105316748],[115.97138109600544,-31.98730819353582],[115.97277273190764,-31.98744568494374],[115.97304235674858,-31.98747232467069],[115.97411801204619,-31.98757858863893],[115.97445921375069,-31.987612277588017],[115.97460557895486,-31.987736709293387],[115.97472081034793,-31.98763841744884],[115.97480016123194,-31.987646261386633],[115.97549968293694,-31.987715396964308],[115.97748535587188,-31.987911644378602],[115.9774440746913,-31.98833577556462],[115.97724201034623,-31.98883401706873],[115.97687438200275,-31.98926129370046],[115.97663771634959,-31.989464109213312],[115.9767917819124,-31.989595070946237],[115.97772110883673,-31.988801920193335],[115.9780838817861,-31.988492432808314],[115.97879263907058,-31.985468609168343],[115.9788546884022,-31.985258891577995],[115.97892101012131,-31.985034708099818],[115.97900780714069,-31.98481809243085],[115.97910573608306,-31.984573781923146],[115.97931791096664,-31.984188148956385],[115.97981511410336,-31.983394517904966],[115.97976167781867,-31.983337759283778],[115.97963622629261,-31.983204522566755],[115.97946938578818,-31.983027311688154],[115.97937992436567,-31.98295096142459],[115.97916836931962,-31.982770420301275],[115.97849133154786,-31.982192646544974],[115.97834084217823,-31.982064239014118],[115.97835186540506,-31.98205489581661],[115.97795500049232,-31.98171756628073],[115.97762453006222,-31.981928170510997],[115.97743867222319,-31.982079519429792],[115.97735037950886,-31.982151373314046],[115.97701165805287,-31.982352228018147],[115.97663271542837,-31.98247419810691],[115.97652080600524,-31.98249758266069],[115.97627873878224,-31.98254819888407],[115.97620409686698,-31.982563775621365],[115.97585709024912,-31.982636314127365],[115.97345360189242,-31.982398847837572]]],"crs":null},"id":59,"type":"Feature","properties":{"owner":"Pacific National","hectares":126.98709075,"inlandrail":null,"operator":"Aurizon, Pacific National, Transwa","locality_name":"Kewdale","imt":1,"kfr":"Y","name":"Kewdale IMT (KIT)","location":"Perth Metro","state":"WA","SHAPE__Length":7818.960268123965,"objectid":59,"SHAPE__Area":1770333.845927135,"status":"Operational"}},{"geometry":{"type":"Polygon","coordinates":[[[149.42377012476499,-30.227754050925846],[149.42390337456604,-30.22964810107954],[149.42420794566812,-30.22986701213192],[149.42522635492594,-30.229971709258542],[149.42935830070402,-30.230305595732077],[149.42962237754975,-30.230397410607416],[149.42983466202784,-30.230471227236823],[149.43201437016583,-30.23124543309856],[149.4332426303656,-30.23081898876685],[149.43476113892862,-30.23029177634211],[149.43476749001772,-30.230289575174307],[149.4348095024269,-30.230274645108054],[149.43457046342473,-30.229873288125972],[149.4329166497153,-30.229509042304272],[149.43040110640834,-30.228954965297724],[149.42991693333482,-30.228307780766787],[149.4284847106498,-30.227990543351833],[149.42805430264437,-30.227895212502247],[149.42734857447905,-30.227738868994727],[149.42683545858537,-30.227625203913224],[149.42673263741793,-30.22760170914447],[149.42607866658605,-30.227452360056706],[149.42497246228058,-30.227199685382786],[149.42392750331453,-30.227490653402672],[149.42377012476499,-30.227754050925846]]],"crs":null},"id":79,"type":"Feature","properties":{"owner":"Namoi Cotton Co-Operative Ltd","hectares":23.20772629,"inlandrail":null,"operator":"Namoi Cotton Co-Operative Ltd","locality_name":"Wee Waa","imt":1,"kfr":null,"name":"Wee Waa IMT","location":"NSW Regional","state":"NSW","SHAPE__Length":2885.0360192288335,"objectid":79,"SHAPE__Area":311909.45734147,"status":"Operational"}},{"geometry":{"type":"Polygon","coordinates":[[[115.7869417147822,-32.228708082001425],[115.78695850339655,-32.22863574630054],[115.78699212015111,-32.22849105724812],[115.78703070099591,-32.22832505700938],[115.78700500468723,-32.228324797879566],[115.78681494991919,-32.22832291101924],[115.78534418232195,-32.22924195401703],[115.78485960859983,-32.22946922729515],[115.78481113640541,-32.229491981796194],[115.78479861658529,-32.22946709956969],[115.78473080006954,-32.22933229058157],[115.78470897280478,-32.229342687575034],[115.78461024076853,-32.22938788203511],[115.78460582375227,-32.229389843343746],[115.78454110911919,-32.22941888757678],[115.78448833129964,-32.229441606375026],[115.78444058853721,-32.22946210397403],[115.78442449252397,-32.22946874627722],[115.78430962674521,-32.229701494827786],[115.78313217256297,-32.229997846227455],[115.78307950343952,-32.23001111023782],[115.783082533457,-32.23018107101449],[115.78314480197754,-32.233653039395925],[115.78314494840295,-32.233662973136155],[115.78314527628801,-32.23368010433334],[115.78314732085359,-32.233795248386436],[115.78364886734471,-32.233798078886394],[115.7836497072695,-32.23384928774446],[115.78366302928515,-32.23464523178313],[115.78410062830449,-32.23465303781085],[115.784111832991,-32.235221246136476],[115.78400751612863,-32.235312766686974],[115.78317469611358,-32.235323293690925],[115.78317633823391,-32.235415532958825],[115.78317684937528,-32.235442562418044],[115.78323306055592,-32.23544184131851],[115.78323400827851,-32.235495046899956],[115.78317779799625,-32.235495787755205],[115.78318564657687,-32.23593455157602],[115.78320192494813,-32.23684412216973],[115.783209663036,-32.23727715259054],[115.78322732930438,-32.23826429357437],[115.78324287914195,-32.23913199978309],[115.78326474144102,-32.24035373913104],[115.78327605662034,-32.24098756739127],[115.78421589563015,-32.24098865999178],[115.78421647953508,-32.24102112647969],[115.78422994797613,-32.24176921026075],[115.78422283062415,-32.241815257112634],[115.78418764451278,-32.24204262202931],[115.78407237718709,-32.24254565626129],[115.78373763526783,-32.24376291940703],[115.78330649783038,-32.24368440573867],[115.78299059088769,-32.245361134987476],[115.7826096773594,-32.247382777356734],[115.78275691842101,-32.24725603313967],[115.78339669048154,-32.2473405784347],[115.78333066161322,-32.24817385517401],[115.78342541501104,-32.24817357786689],[115.7834268756717,-32.24853782420479],[115.78342818900865,-32.24887191653886],[115.78342851869037,-32.24895866205302],[115.78342866421741,-32.24899473748971],[115.78362393909556,-32.24899420187398],[115.7839422562182,-32.248993349447204],[115.78533812498199,-32.24898952036432],[115.78586956471081,-32.2489880768608],[115.78641107904554,-32.24898517313948],[115.78730218894277,-32.24898038146725],[115.78730113162568,-32.248925343695674],[115.78726809877605,-32.24716886129673],[115.78722141422905,-32.24468743692716],[115.78715527666459,-32.241172641415424],[115.78702252542853,-32.24117245602326],[115.78713490916213,-32.24101515137033],[115.78715202835652,-32.2409911741885],[115.78715184510017,-32.24098810381403],[115.78695116775393,-32.23780726932096],[115.78692299029841,-32.237360790051945],[115.78674833714594,-32.23736043900774],[115.7867088445111,-32.23736034706759],[115.78649199838802,-32.23437999589064],[115.78627515136664,-32.231399664736074],[115.78627219501104,-32.23135924260173],[115.78628672166752,-32.2313592973135],[115.7863257759245,-32.23135944549129],[115.7869417147822,-32.228708082001425]]],"crs":null},"id":60,"type":"Feature","properties":{"owner":"Aurizon","hectares":73.46304427,"inlandrail":null,"operator":"Toll Intermodal","locality_name":"Kwinana Beach","imt":1,"kfr":"Y","name":"Kwinana IMT","location":"Perth Metro","state":"WA","SHAPE__Length":6739.00903170282,"objectid":60,"SHAPE__Area":1029837.97697452,"status":"Operational"}},{"geometry":{"type":"Polygon","coordinates":[[[115.7414112460037,-32.04128793844983],[115.74057499083098,-32.041163389067954],[115.73993445610083,-32.04123456005529],[115.73954301880903,-32.04150145019385],[115.73813739973113,-32.04292486102391],[115.73902703189968,-32.04368994465113],[115.73888469024969,-32.0438322856876],[115.7379416801869,-32.043120580576044],[115.73774596154101,-32.04313837351875],[115.73696308516078,-32.04390345764577],[115.7358599414155,-32.04502439441011],[115.73575318562712,-32.04529128339795],[115.73582435645214,-32.045611551288154],[115.73642930621897,-32.04594961121539],[115.73785271732936,-32.04673248769315],[115.73689191433579,-32.047995766251525],[115.73740790214339,-32.04831603305387],[115.73769258274851,-32.04868967890509],[115.73840428920204,-32.049419177358374],[115.74829699884481,-32.04013141609851],[115.7479055606547,-32.03968659972666],[115.7461618830775,-32.04018479361331],[115.74589499270829,-32.04014920733776],[115.74543238369316,-32.03973997750079],[115.74518686514286,-32.03927468586084],[115.74511060805672,-32.03914618618033],[115.74509603199292,-32.03902958079587],[115.74516162248338,-32.038861959914804],[115.74591227270108,-32.03806029469318],[115.74637869686124,-32.037593870539816],[115.74685969528853,-32.0372804921073],[115.746750377505,-32.03708371985192],[115.74649530177837,-32.037214902163996],[115.74626209014745,-32.03737523466119],[115.7459122718028,-32.03768861276939],[115.74578837795545,-32.03764488583299],[115.74575193959254,-32.037732340446425],[115.74493569888438,-32.038534006255105],[115.74468791029132,-32.038723490193604],[115.74393780175772,-32.03936633166677],[115.74222970824559,-32.04112780393427],[115.74193094205684,-32.04133696576849],[115.7414112460037,-32.04128793844983]]],"crs":null},"id":61,"type":"Feature","properties":{"owner":"Intermodal Group/Aurizon","hectares":54.31311428,"inlandrail":null,"operator":"Patrick, DP World,QUBE","locality_name":"North Fremantle","imt":1,"kfr":"Y","name":"North Quay Rail Terminal (NQRT)","location":"Perth Metro","state":"WA","SHAPE__Length":5226.510675361439,"objectid":61,"SHAPE__Area":758138.12432117,"status":"Operational"}},{"geometry":{"type":"Polygon","coordinates":[[[147.80460654239891,-31.729130332065154],[147.80537059637902,-31.730164740404987],[147.80641785323556,-31.73144592314625],[147.80652157271822,-31.731491300082563],[147.8067419752715,-31.73149778217277],[147.80697534320927,-31.731439440288383],[147.80717629903327,-31.731309790675965],[147.80802879664466,-31.730792713913498],[147.8065242146635,-31.728991342437464],[147.8062298636943,-31.728580682684097],[147.80641137099244,-31.72830842134949],[147.80628172253736,-31.728100982513727],[147.80650212598894,-31.727977815915096],[147.80633173713915,-31.727726947482633],[147.80437725910073,-31.72880239995015],[147.80460654239891,-31.729130332065154]]],"crs":null},"id":62,"type":"Feature","properties":{"owner":"Namoi Cotton Cooperative Ltd","hectares":6.44116464,"inlandrail":null,"operator":"Namoi Cotton","locality_name":"Red Hill","imt":1,"kfr":"Y","name":"Namoi IMT","location":"NSW Regional","state":"NSW","SHAPE__Length":1373.5646991186707,"objectid":62,"SHAPE__Area":89306.81920946,"status":"Operational"}},{"geometry":{"type":"Polygon","coordinates":[[[149.6076964619598,-33.42183318804819],[149.60753370609493,-33.421678955363795],[149.60806365012883,-33.421678881886365],[149.60731733428233,-33.42119316414134],[149.60718856258302,-33.42107574426286],[149.60716607954802,-33.4210552469212],[149.60698270285582,-33.42115679336463],[149.60715655201616,-33.42132157252782],[149.60667599286504,-33.42141490491104],[149.6065469157385,-33.42142440451818],[149.60572772316627,-33.4214846868864],[149.60481317981655,-33.42146041529251],[149.60423325262198,-33.42149303108874],[149.59941227476642,-33.421764165118866],[149.5995075770349,-33.42229866758195],[149.5995531970783,-33.422478215650905],[149.60463480314718,-33.422095649224794],[149.60716257522017,-33.421925930564335],[149.60731437792674,-33.42191273990718],[149.6074272000382,-33.421896349240114],[149.60753863425253,-33.42187442678368],[149.6076119987635,-33.42185679524352],[149.6076964619598,-33.42183318804819]]],"crs":null},"id":63,"type":"Feature","properties":{"owner":"Grainforce Pty Ltd","hectares":5.47094751,"inlandrail":null,"operator":"Grainforce Logistics","locality_name":"Kelso","imt":1,"kfr":"Y","name":"Grainforce Rail Terminal","location":"NSW Regional","state":"NSW","SHAPE__Length":2143.5463171025253,"objectid":63,"SHAPE__Area":78743.77607285,"status":"Operational"}},{"geometry":{"type":"Polygon","coordinates":[[[149.62732451347557,-33.42558956119956],[149.62888481525889,-33.42343407064742],[149.6316304925686,-33.423637589708484],[149.63259982237085,-33.421358001717735],[149.63043989872867,-33.42128577688068],[149.6295973688237,-33.421257601162864],[149.62935891462476,-33.42124962807562],[149.62716946156254,-33.4211764231941],[149.62621082620373,-33.420891115809],[149.6253408491736,-33.4206322079403],[149.62502968623392,-33.420539597502945],[149.6241202165689,-33.42026892376353],[149.62324658968376,-33.42000892460359],[149.62278975593756,-33.419872949694934],[149.622622804042,-33.41982325842749],[149.62245607223372,-33.419773624115386],[149.62239383964575,-33.419755104401915],[149.62228434040256,-33.419740600539356],[149.62093559186863,-33.41956192705984],[149.6209389497712,-33.419975680680515],[149.62049313925183,-33.419978250940545],[149.6206147199374,-33.4202372514829],[149.622002997937,-33.42319460554814],[149.62289969266035,-33.4233720771927],[149.62290619017483,-33.4233733150379],[149.6238105861551,-33.423553672867165],[149.62444349688343,-33.423723263137106],[149.625269856215,-33.424035986291315],[149.62556784176778,-33.4241658742244],[149.62588947996198,-33.424359495669236],[149.62602697520106,-33.42445188535554],[149.6261926128614,-33.42456316250971],[149.62645147049534,-33.42473710006703],[149.62652001823972,-33.42479624352549],[149.62681694467878,-33.42502133393057],[149.62732451347557,-33.42558956119956]]],"crs":null},"id":64,"type":"Feature","properties":{"owner":"Bathurst Regional Council","hectares":35.27855625,"inlandrail":null,"operator":null,"locality_name":"Kelso","imt":1,"kfr":"Y","name":"Gateway Enterprise Park","location":"NSW Regional","state":"NSW","SHAPE__Length":3558.5541909009203,"objectid":64,"SHAPE__Area":507773.20468231,"status":"Under Construction"}},{"geometry":{"type":"Polygon","coordinates":[[[149.8497198453584,-29.5324659272413],[149.85101337355349,-29.528557115843245],[149.84902613216008,-29.52794011690283],[149.8476424140088,-29.531904593226464],[149.8497198453584,-29.5324659272413]]],"crs":null},"id":65,"type":"Feature","properties":{"owner":"Louis Dreyfus Company (LDC)","hectares":9.44404584,"inlandrail":"Y","operator":"Louis Dreyfus Company (LDC)","locality_name":"Moree","imt":1,"kfr":"Y","name":"Moree IMT","location":"NSW Regional","state":"NSW","SHAPE__Length":1527.5287090493955,"objectid":65,"SHAPE__Area":125177.824910215,"status":"Operational"}},{"geometry":{"type":"Polygon","coordinates":[[[148.61773858023855,-32.228083100861475],[148.61878933513478,-32.22824098719987],[148.6186774230167,-32.22915395710899],[148.61844770762886,-32.2291245062422],[148.61815891273974,-32.230630768752285],[148.61828278323088,-32.230650051015644],[148.6196329160686,-32.23212337025555],[148.61930112242013,-32.22812215128989],[148.61929272676545,-32.22802913254603],[148.6177901309594,-32.22782256261228],[148.61777246558938,-32.227912046443215],[148.61776272066513,-32.2279701191264],[148.61773858023855,-32.228083100861475]]],"crs":null},"id":66,"type":"Feature","properties":{"owner":"Inland Container Terminals (ICT)","hectares":3.75921427,"inlandrail":null,"operator":null,"locality_name":"Dubbo","imt":1,"kfr":"Y","name":"Dubbo IMT","location":"NSW Regional","state":"NSW","SHAPE__Length":1469.9450190391813,"objectid":66,"SHAPE__Area":52687.21015028,"status":"Operational"}},{"geometry":{"type":"Polygon","coordinates":[[[148.14720763793238,-33.14023430639569],[148.14646567262682,-33.14009917896613],[148.14644078390356,-33.14019272527554],[148.15089369863097,-33.1409638833575],[148.15093777087708,-33.14087455086044],[148.14966434248652,-33.1406346011448],[148.14987764834905,-33.1395620264773],[148.14992900323728,-33.13930352620829],[148.1476525725943,-33.13893176844999],[148.14749908015665,-33.13890662835061],[148.14720763793238,-33.14023430639569]]],"crs":null},"id":67,"type":"Feature","properties":{"owner":"Linfox Australia","hectares":3.95196845,"inlandrail":"Y","operator":"Linfox Australia","locality_name":"Parkes","imt":1,"kfr":"Y","name":"Linfox Freight Terminal Parkes","location":"NSW Regional","state":"NSW","SHAPE__Length":1396.0618515369797,"objectid":67,"SHAPE__Area":56517.658730995,"status":"Operational"}},{"geometry":{"type":"Polygon","coordinates":[[[149.7439145554126,-30.339740709076178],[149.74394923038258,-30.339549326223302],[149.7443970854675,-30.337079114610216],[149.74444855174676,-30.336795065399347],[149.74432992562026,-30.336752606302323],[149.7417445580628,-30.33582718119285],[149.74111493247347,-30.339339036774824],[149.74061594079103,-30.342122417972632],[149.74324550995198,-30.34343097867339],[149.7439145554126,-30.339740709076178]]],"crs":null},"id":68,"type":"Feature","properties":{"owner":"Viterra Australia/Auscott Ltd","hectares":19.79440976,"inlandrail":"Y","operator":"Viterra Australia/Auscott Ltd, QUBE Agri","locality_name":"Narrabri","imt":1,"kfr":"Y","name":"Narrabri Freight Terminal","location":"NSW Regional","state":"NSW","SHAPE__Length":2351.758332173987,"objectid":68,"SHAPE__Area":266628.00417565,"status":"Operational"}},{"geometry":{"type":"Polygon","coordinates":[[[151.77714680061146,-32.87491178011589],[151.77703164288025,-32.874715105044515],[151.77677045860975,-32.87421791165089],[151.77616318040964,-32.874570789819835],[151.77572792240002,-32.87497966763436],[151.7755960272584,-32.87501923584394],[151.7742826346175,-32.87445311814897],[151.77382500855725,-32.875342477412424],[151.77757425315968,-32.876722448474524],[151.77772612862972,-32.876774007748196],[151.77772372922965,-32.87674986562995],[151.77787363828767,-32.87672715166292],[151.77780575619485,-32.87631986020724],[151.77766999290768,-32.87582379843425],[151.77758644599302,-32.87555227100436],[151.77744023799397,-32.87520763915714],[151.77730969571522,-32.874946553783936],[151.77718156181967,-32.87499638336796],[151.77714680061146,-32.87491178011589]]],"crs":null},"id":69,"type":"Feature","properties":{"owner":"Mountain Industries (Patrick)","hectares":5.2370071,"inlandrail":null,"operator":"LINX","locality_name":"Kooragang","imt":1,"kfr":"Y","name":"Kooragang Island IMT","location":"NSW Regional","state":"NSW","SHAPE__Length":1331.1734628260224,"objectid":69,"SHAPE__Area":74452.050605505,"status":"Operational"}},{"geometry":{"type":"Polygon","coordinates":[[[148.025869621528,-33.354859893231904],[148.0256695667142,-33.35479321521374],[148.0228469954128,-33.358842417097875],[148.0230246282771,-33.358917757355925],[148.02321158206078,-33.35901151466397],[148.0246054080556,-33.359710407768674],[148.02472866679406,-33.35967712727191],[148.02504001209175,-33.35912630829192],[148.02572665015896,-33.35776394925481],[148.02649267683938,-33.35624404390964],[148.02664750956345,-33.35593679659149],[148.0267587245889,-33.3557161470577],[148.02688446806738,-33.35546867378906],[148.02693217220227,-33.3553747851064],[148.025869621528,-33.354859893231904]]],"crs":null},"id":70,"type":"Feature","properties":{"owner":"Mountain Industries (Patrick)","hectares":8.76723549,"inlandrail":"Y","operator":"Lachlan Commodities","locality_name":"Forbes","imt":1,"kfr":null,"name":"Forbes IMT","location":"NSW Regional","state":"NSW","SHAPE__Length":1650.7592620615571,"objectid":70,"SHAPE__Area":126002.917293765,"status":"Operational"}},{"geometry":{"type":"Polygon","coordinates":[[[148.0278553277006,-34.64363951778249],[148.02798998246678,-34.643752316269634],[148.03196385350094,-34.63972713256745],[148.03187833208926,-34.639664417731],[148.0306924418281,-34.64082180055533],[148.0302468594809,-34.64047368861441],[148.02967032612148,-34.64106037720369],[148.0299149131188,-34.6412243981589],[148.0297871250747,-34.641353380340284],[148.02973456644403,-34.64131806472562],[148.02948574568674,-34.64157099629833],[148.0292957268514,-34.641443642619635],[148.0289640149495,-34.64178256170929],[148.02876377508284,-34.64198798571486],[148.02751908828975,-34.6432561050978],[148.0278553277006,-34.64363951778249]]],"crs":null},"id":71,"type":"Feature","properties":{"owner":"Sutherlands Transport/Pacific National","hectares":2.84767229,"inlandrail":null,"operator":"Sutherlands Transport/Pacific National","locality_name":"Cootamundra","imt":1,"kfr":null,"name":"Cootamundra IMT","location":"NSW Regional","state":"NSW","SHAPE__Length":1626.6277586794643,"objectid":71,"SHAPE__Area":42170.995010875,"status":"Operational"}},{"geometry":{"type":"Polygon","coordinates":[[[146.6220570808274,-34.733468859550605],[146.62478790179892,-34.73319472779438],[146.62481082411006,-34.73307188763962],[146.62572818637318,-34.72815130177931],[146.60794494297264,-34.729170106161625],[146.6075105922614,-34.73164176243853],[146.6071468329618,-34.73371144968656],[146.606580171189,-34.733640039358164],[146.6063212758258,-34.735047351846966],[146.6220570808274,-34.733468859550605]]],"crs":null},"id":72,"type":"Feature","properties":{"owner":null,"hectares":97.73488807,"inlandrail":null,"operator":null,"locality_name":"Narrandera","imt":1,"kfr":"Y","name":"Narrandera Intermodal Hub (NIH)","location":"NSW Regional","state":"NSW","SHAPE__Length":5624.6313852256335,"objectid":72,"SHAPE__Area":1450492.439229835,"status":"Proposed"}},{"geometry":{"type":"Polygon","coordinates":[[[146.04681075654344,-34.285736254780105],[146.04600023720525,-34.285633191153714],[146.04440471247966,-34.28609700468139],[146.04692788428002,-34.28644992933111],[146.04739800410923,-34.286509461747045],[146.04739475669945,-34.28652718511857],[146.0479302469319,-34.28660286808123],[146.0479321828014,-34.286592341986434],[146.04893534764878,-34.28671823494386],[146.04948949049984,-34.28681981800871],[146.0506695354233,-34.286986003823095],[146.05073633055466,-34.28695390613035],[146.05075271852036,-34.28688173711837],[146.05284380336397,-34.28714490080414],[146.0528835897479,-34.286906750421736],[146.0528539139025,-34.28690219991747],[146.05265247029334,-34.286871211800715],[146.0522900620599,-34.28681548942149],[146.05200120159378,-34.28677105236364],[146.05170650028165,-34.28670781945341],[146.05178136228417,-34.28636769764906],[146.0510059931248,-34.28626953640501],[146.05068205434515,-34.28622835517056],[146.0504669608352,-34.28620101258326],[146.05025190325784,-34.28617368705809],[146.0500368088496,-34.28614634445299],[146.04982174947568,-34.28611900109676],[146.04960665596573,-34.28609165847389],[146.0493915974901,-34.28606433439758],[146.04917653991274,-34.28603699101468],[146.04896144460614,-34.28600964836513],[146.04874638792714,-34.28598232351993],[146.04853129262054,-34.285954980110326],[146.0483162350432,-34.28592763743408],[146.04810117656754,-34.28590029400671],[146.0478860821593,-34.285872951312676],[146.0476710614129,-34.28584560786749],[146.04750648196801,-34.28582468537572],[146.04729890735695,-34.28579828527925],[146.04702585095166,-34.28576357896303],[146.04681075654344,-34.285736254780105]]],"crs":null},"id":73,"type":"Feature","properties":{"owner":"Patrick PortLink","hectares":5.00442784,"inlandrail":null,"operator":"LINX/Pacific National","locality_name":"Griffith","imt":1,"kfr":null,"name":"Griffith IMT","location":"NSW Regional","state":"NSW","SHAPE__Length":2017.6769753875383,"objectid":73,"SHAPE__Area":73488.388332285,"status":"Operational"}},{"geometry":{"type":"Polygon","coordinates":[[[146.2179703240569,-34.366272445271235],[146.21679677035962,-34.3655252141993],[146.21564853208537,-34.364593852164354],[146.21510858261587,-34.36527255885137],[146.2155081289997,-34.36564342680476],[146.21533954576358,-34.36684051394542],[146.22018052281226,-34.37005904347465],[146.21984908669322,-34.37188315460693],[146.22321405716994,-34.37214529552051],[146.22360326035164,-34.36987949680791],[146.22411370465562,-34.37019916549021],[146.22440570473367,-34.370379151907564],[146.22470569802115,-34.37055014758062],[146.22501269906607,-34.37071315058493],[146.2253267078686,-34.37086614565163],[146.22564670394246,-34.37101014938915],[146.22597370777387,-34.37114414529188],[146.2263056747973,-34.37126913216319],[146.2266426795727,-34.371383128106224],[146.22698468437108,-34.371488134378666],[146.22733066780782,-34.37158213275019],[146.22768066671387,-34.371666122749815],[146.2280336579081,-34.371740122944324],[146.22838967911986,-34.3718031160746],[146.22874865668717,-34.371855118477676],[146.22974864688842,-34.37197510981226],[146.22995362985984,-34.37200012222757],[146.2303386495872,-34.37204624473401],[146.23824193942198,-34.372993007649946],[146.23873450635352,-34.37305201379926],[146.23874049362493,-34.37305201379926],[146.23874352274407,-34.373053031811025],[146.23995611452858,-34.37334762892482],[146.23988783717712,-34.37379745388055],[146.2404198608109,-34.37390343953862],[146.24158983292514,-34.37417342895343],[146.24698879941087,-34.376228343882964],[146.24798276730638,-34.37659732684011],[146.24973673867848,-34.37740131881417],[146.25027175370212,-34.377713322274374],[146.25091473903638,-34.37815630359474],[146.25506984517912,-34.38148505546128],[146.2551694324115,-34.38098614645781],[146.25091473903638,-34.37756030857504],[146.25035676307405,-34.37718531402679],[146.2500657484479,-34.37700431018335],[146.24840467635096,-34.37621933782255],[146.2471137254225,-34.37573736055583],[146.2462538912702,-34.37542660052628],[146.2422158068629,-34.37390342174398],[146.24141209675463,-34.37366211575751],[146.24151611717292,-34.373404077571664],[146.24037948872544,-34.37309888755708],[146.23999649380065,-34.37300788709146],[146.23961047155342,-34.372926893902466],[146.23922149025557,-34.3728568897021],[146.23882948073694,-34.3727968928342],[146.2387995129391,-34.372792897144194],[146.23862325359886,-34.372771924402585],[146.23829577545698,-34.372732959546774],[146.2300176509935,-34.37164910320745],[146.23005864022159,-34.37142009089266],[146.2286526600209,-34.37123812625419],[146.2283406589531,-34.37118911825406],[146.2280306647216,-34.37113112215441],[146.22772366277826,-34.3710631154518],[146.22741965491983,-34.37098711788335],[146.22711966073408,-34.37090112820055],[146.2268226606332,-34.37080713054781],[146.22652967510325,-34.3707041231703],[146.2262426768447,-34.3705931411303],[146.22595969136052,-34.37047313150371],[146.22568167176323,-34.37034514862871],[146.2254097095059,-34.37020813809005],[146.2251446840392,-34.370064152993734],[146.22488469362966,-34.36991213743834],[146.22463269822615,-34.36975214921571],[146.21829575763317,-34.365709409861594],[146.2179703240569,-34.366272445271235]]],"crs":null},"id":74,"type":"Feature","properties":{"owner":"LINX Cargo Care/Australian Grainlink","hectares":43.37317333,"inlandrail":null,"operator":"LINX Cargo Care/Australian Grainlink","locality_name":"Murrami","imt":1,"kfr":null,"name":"Western Riverina Intermodal Freight Terminal (WRIFT)","location":"NSW Regional","state":"NSW","SHAPE__Length":11204.17908722853,"objectid":74,"SHAPE__Area":638194.372285265,"status":"Operational"}},{"geometry":{"type":"Polygon","coordinates":[[[146.21214434968908,-34.37136247903211],[146.21203701987727,-34.37194100041089],[146.22324482536672,-34.37293455903075],[146.22245222113028,-34.3773467189788],[146.22221812915043,-34.379007790139006],[146.2243540659779,-34.37929883207625],[146.228296749302,-34.37979913011979],[146.22886614195326,-34.3766907003936],[146.238874353382,-34.377937034113465],[146.23913609460803,-34.3759382862675],[146.2393502457853,-34.37596208082103],[146.23965957616173,-34.373963334036276],[146.23988783717712,-34.37379745388055],[146.23995611452858,-34.37334762892482],[146.23874352274407,-34.373053031811025],[146.2303386495872,-34.37204624473401],[146.22995362985984,-34.37200012222757],[146.22874865668717,-34.371855118477676],[146.2280336579081,-34.371740122944324],[146.22733066780782,-34.37158213275019],[146.2266426795727,-34.371383128106224],[146.22597370777387,-34.37114414529188],[146.2253267078686,-34.37086614565163],[146.22470569802115,-34.37055014758062],[146.22440570473367,-34.370379151907564],[146.22406849693897,-34.370170269426424],[146.22388902073172,-34.371181003636885],[146.22366960003703,-34.37241668305731],[146.22334062620024,-34.372401265213355],[146.21214434968908,-34.37136247903211]]],"crs":null},"id":75,"type":"Feature","properties":{"owner":"Australia Grainlink","hectares":107.71567508,"inlandrail":null,"operator":"LINX Cargo Care/Australian Grainlink","locality_name":"Murrami","imt":1,"kfr":null,"name":"Wumbulgal Intermodal Grain Terminal","location":"NSW Regional","state":"NSW","SHAPE__Length":8495.19366000496,"objectid":75,"SHAPE__Area":1585084.288870845,"status":"Operational"}},{"geometry":{"type":"Polygon","coordinates":[[[149.2513954403026,-33.526309572288845],[149.25160523465067,-33.52642971705092],[149.25198103945993,-33.52659860434667],[149.2523759325706,-33.52671748537849],[149.25278582754655,-33.5267945566304],[149.25552803556266,-33.52718087339222],[149.25605181086547,-33.527208401374196],[149.25607268771267,-33.527119953847034],[149.25619474450525,-33.527140137055],[149.25633512243806,-33.526544658548886],[149.2558345991281,-33.526427831412356],[149.25534590034215,-33.526367982961304],[149.25462677739765,-33.52627988654104],[149.2544918737982,-33.52626336658008],[149.25409303888,-33.526214507616366],[149.25388924976957,-33.52618696883386],[149.2538643529615,-33.52631643338631],[149.25347776297903,-33.526301936864755],[149.2529317049655,-33.526330929905434],[149.25237598197796,-33.52638891820415],[149.2520135539816,-33.52640341620884],[149.25162213106287,-33.52635025884341],[149.2513954403026,-33.526309572288845]]],"crs":null},"id":76,"type":"Feature","properties":{"owner":"Linfox/Pacific National","hectares":2.8304568,"inlandrail":null,"operator":"Linfox/Pacific National","locality_name":"Blayney","imt":1,"kfr":null,"name":"Blayney Linfox Container Terminal","location":"NSW Regional","state":"NSW","SHAPE__Length":1215.3030648592985,"objectid":76,"SHAPE__Area":40836.71801697,"status":"Operational"}},{"geometry":{"type":"Polygon","coordinates":[[[151.77005174480072,-32.911276304651714],[151.7699205997524,-32.91129310177318],[151.76990745919647,-32.91122239516886],[151.76984110334132,-32.911231126691334],[151.76930871319493,-32.911301204329995],[151.76918986967613,-32.911316818944286],[151.7690724131561,-32.91352383269509],[151.76911376620188,-32.913616702021606],[151.76941295729378,-32.91379857548755],[151.7706278963762,-32.9138443267812],[151.77063417470168,-32.91381468889258],[151.77064016017647,-32.913780962877176],[151.7706452697938,-32.9137471267465],[151.77064950445202,-32.913713215944355],[151.77065286235458,-32.91367923122483],[151.7706553443997,-32.91364519144094],[151.77065695058744,-32.91361111544586],[151.7706576449851,-32.913577019076214],[151.77065749766146,-32.913542924201685],[151.77065647627697,-32.91350882855988],[151.77065454130582,-32.91347476910314],[151.77065176820656,-32.91344072848651],[151.7706480806223,-32.91340678212292],[151.77064355490992,-32.91337289004366],[151.77063811650922,-32.91333909070935],[151.77063183908197,-32.91330540221929],[151.77062468489908,-32.91327184342676],[151.77061665485877,-32.91323841433202],[151.77041889793546,-32.91225443585229],[151.77040802113402,-32.91217993593949],[151.77039444220014,-32.91202473915002],[151.77038787282052,-32.911875055622275],[151.77038352946607,-32.911794378960124],[151.77037619202687,-32.91169900999785],[151.7703103841441,-32.91124320738246],[151.77005174480072,-32.911276304651714]]],"crs":null},"id":77,"type":"Feature","properties":{"owner":"Toll Group","hectares":3.57068229,"inlandrail":null,"operator":"Toll Group","locality_name":"Carrington","imt":1,"kfr":"Y","name":"Carrington IMT","location":"NSW Regional","state":"NSW","SHAPE__Length":964.7330626541245,"objectid":77,"SHAPE__Area":50805.207564765,"status":"Operational"}},{"geometry":{"type":"Polygon","coordinates":[[[145.76005036469718,-16.949106566702675],[145.7625406455817,-16.94700981229459],[145.76244578258942,-16.94689820047918],[145.76361670242628,-16.945973997175184],[145.7640021425652,-16.94566060725224],[145.76432049562044,-16.94532205697076],[145.76439714527038,-16.94540303091708],[145.76483634957916,-16.945018712211073],[145.76723513076377,-16.94312734649479],[145.76747511748854,-16.942896133345826],[145.7676381617126,-16.94270240111232],[145.76745865586093,-16.942573919031375],[145.76751311263178,-16.94256459448488],[145.76789453819976,-16.94234442643415],[145.76797534974438,-16.94227279463752],[145.7681600766045,-16.94203630931745],[145.76809174894734,-16.941984860457246],[145.76738532728268,-16.942125923503422],[145.76717935885938,-16.942241770339233],[145.76642968421203,-16.942752740387487],[145.76602263599727,-16.943069811343214],[145.76521208072643,-16.943579209161665],[145.76404451879216,-16.944222213340517],[145.761977049759,-16.94528614797776],[145.76164621281623,-16.94595712461373],[145.76178553343203,-16.946121072397737],[145.7617817739825,-16.946157054272625],[145.76115342669584,-16.946841295493623],[145.76145337686413,-16.947264954596882],[145.76005894989635,-16.94896449492277],[145.76005036469718,-16.949106566702675]]],"crs":null},"id":80,"type":"Feature","properties":{"owner":"Aurizon","hectares":10.83704611,"inlandrail":null,"operator":"Aurizon","locality_name":"Portsmith","imt":1,"kfr":"Y","name":"Cairns (Portsmith) Container Terminal","location":"QLD Regional","state":"QLD","SHAPE__Length":2628.9815849811043,"objectid":80,"SHAPE__Area":119092.97801497,"status":"Operational"}},{"geometry":{"type":"Polygon","coordinates":[[[146.82088420572956,-19.266149077975317],[146.8190077041528,-19.266030159494548],[146.81871829571438,-19.26601184509278],[146.81872351492618,-19.265937641089216],[146.8190129233646,-19.26595597500346],[146.81911282410908,-19.265962301136188],[146.81911632753864,-19.26591272154831],[146.81907223642787,-19.265842976324254],[146.81889188975313,-19.265742021827986],[146.81847093471941,-19.2657153451841],[146.8182726307221,-19.265982966218786],[146.81783579886408,-19.266522296901456],[146.8177584557147,-19.266521204672095],[146.81744787667995,-19.26700292544854],[146.81711127345142,-19.26764221230873],[146.8170515229086,-19.26773463732019],[146.81651665251377,-19.2683588660301],[146.81635433682334,-19.26853620705632],[146.81614197958177,-19.268755893254593],[146.81596601309235,-19.268924651327133],[146.81588655261388,-19.269000870501863],[146.819552977937,-19.26909710816199],[146.8198141343598,-19.26910682020074],[146.82007467184332,-19.2690873028437],[146.82033327435573,-19.26905163464718],[146.8206454586799,-19.2689819458782],[146.82089354910684,-19.26890753885319],[146.82121452973433,-19.268784217900983],[146.82154076730274,-19.268619753073985],[146.8218540835042,-19.268428203994354],[146.8221419953494,-19.268207351363145],[146.82239329725346,-19.267970550161838],[146.82263346813292,-19.26769628830738],[146.82282078573428,-19.26744041486218],[146.82297715188253,-19.26717686321876],[146.82310596041276,-19.266930517961978],[146.8228505693775,-19.266812783011837],[146.82233372906867,-19.266575392129102],[146.82207534664352,-19.26645671394289],[146.8216446826182,-19.266258893878785],[146.82121401949124,-19.26606107357597],[146.82108885273115,-19.266299627818842],[146.82088420572956,-19.266149077975317]]],"crs":null},"id":81,"type":"Feature","properties":{"owner":"Aurizon","hectares":17.89546262,"inlandrail":null,"operator":"Aurizon","locality_name":"Railway Estate ( Townsville)","imt":1,"kfr":"Y","name":"Townsville Rail Yards","location":"QLD Regional","state":"QLD","SHAPE__Length":2071.7326336370775,"objectid":81,"SHAPE__Area":201880.01462029,"status":"Operational"}},{"geometry":{"type":"Polygon","coordinates":[[[147.39575774174713,-19.574754239524264],[147.39582548100773,-19.574697133934457],[147.39672747489297,-19.575436144840207],[147.39678095339843,-19.57543278634989],[147.39698060397035,-19.57521780135029],[147.39434458041407,-19.573159084185402],[147.3942513227112,-19.573262869570343],[147.39483535879992,-19.573734379176045],[147.3947024746132,-19.573881382323112],[147.39575774174713,-19.574754239524264]]],"crs":null},"id":82,"type":"Feature","properties":{"owner":"Aurizon","hectares":1.15857623,"inlandrail":null,"operator":"Aurizon, Queensland Rail","locality_name":"Ayr","imt":1,"kfr":"Y","name":"Ayr IMT","location":"QLD Regional","state":"QLD","SHAPE__Length":844.8525268431388,"objectid":82,"SHAPE__Area":13119.11376063,"status":"Operational"}},{"geometry":{"type":"Polygon","coordinates":[[[140.52091921844473,-20.714487205221374],[140.52323149905405,-20.716066976329323],[140.52404931720395,-20.71658701175154],[140.52453578996455,-20.716959658257885],[140.52496864318422,-20.717378959997312],[140.5255756644661,-20.718248439014495],[140.52588965709896,-20.71872945050535],[140.52639071131324,-20.71851566734229],[140.52588297632812,-20.717660537554636],[140.52544873161813,-20.717079316994624],[140.52500780613735,-20.716604987667697],[140.5244265844704,-20.716157380503322],[140.52366498468766,-20.71565632791942],[140.52283657809562,-20.71514859545356],[140.52226203809772,-20.71486132479413],[140.52091921844473,-20.714487205221374]]],"crs":null},"id":83,"type":"Feature","properties":{"owner":"Aurizon","hectares":3.85717852,"inlandrail":null,"operator":"Aurizon","locality_name":"Cloncurry","imt":1,"kfr":"Y","name":"Cloncurry IMT","location":"QLD Regional","state":"QLD","SHAPE__Length":1622.0021628381983,"objectid":83,"SHAPE__Area":44311.494798195,"status":"Operational"}},{"geometry":{"type":"Polygon","coordinates":[[[139.48640607183094,-20.68434813527729],[139.48618716137932,-20.689097539370348],[139.48612053602966,-20.689497289379556],[139.4859016264764,-20.689925591912097],[139.48570175132565,-20.690211127382543],[139.48591114412685,-20.690372931137478],[139.48613005457838,-20.690087395971563],[139.48642510713177,-20.689858966611542],[139.48675823208356,-20.6896305394287],[139.48691051718544,-20.68942114656184],[139.48757676619064,-20.683957904502012],[139.4867772682827,-20.68394838598924],[139.48636800033088,-20.68406260053917],[139.48640607183094,-20.68434813527729]]],"crs":null},"id":84,"type":"Feature","properties":{"owner":"Aurizon","hectares":6.48449828,"inlandrail":null,"operator":"Aurizon","locality_name":"Mount Isa","imt":1,"kfr":"Y","name":"Mount Isa IMT","location":"QLD Regional","state":"QLD","SHAPE__Length":1726.7898870160147,"objectid":84,"SHAPE__Area":74465.50392343,"status":"Operational"}},{"geometry":{"type":"Polygon","coordinates":[[[151.1631535770265,-23.84813300255722],[151.16310605435135,-23.848126084538304],[151.16299666290595,-23.848341238861703],[151.16281562273178,-23.848821369884348],[151.16276733289533,-23.849841829830826],[151.16280806790024,-23.850399844930756],[151.16289887949063,-23.850787938412303],[151.1630687509108,-23.851075797363613],[151.1630876200234,-23.851101994037744],[151.1631665334278,-23.851212014260145],[151.16326712767167,-23.851311173695176],[151.16338283337518,-23.85139566344535],[151.16350364779777,-23.85147373318751],[151.16402165501816,-23.851782239746463],[151.16406279067166,-23.851742593707844],[151.16414239667716,-23.85169843463682],[151.16424908688853,-23.851700394962066],[151.1640474609213,-23.85144278365316],[151.16390073100115,-23.851255267274723],[151.16358628382076,-23.850659418653844],[151.16342247153713,-23.85015412869354],[151.16334563952918,-23.849641697812675],[151.16335304883364,-23.849109211020167],[151.16343930327062,-23.848241222672918],[151.1631535770265,-23.84813300255722]]],"crs":null},"id":85,"type":"Feature","properties":{"owner":"Aurizon","hectares":2.38696197,"inlandrail":null,"operator":"Aurizon","locality_name":"Yarwun","imt":1,"kfr":"Y","name":"Mount Miller Container Terminal","location":"QLD Regional","state":"QLD","SHAPE__Length":1023.090301874649,"objectid":85,"SHAPE__Area":28664.380756635,"status":"Operational"}},{"geometry":{"type":"Polygon","coordinates":[[[145.93427455276876,-17.958999644173186],[145.93370735829504,-17.956986842893787],[145.93217652574464,-17.957417393701924],[145.9322971290631,-17.957825042304954],[145.9327997337696,-17.959114418347564],[145.9329353676994,-17.95966569909191],[145.93317557361308,-17.96032870335457],[145.93413486743705,-17.96008320819547],[145.93494206480523,-17.962972389525035],[145.93514442110282,-17.962992961426643],[145.93531867181005,-17.96294410294279],[145.93537134183174,-17.962947878247263],[145.93551515132893,-17.962799007453796],[145.93582200684688,-17.962597062561603],[145.93477730479898,-17.958871013434678],[145.93448858985994,-17.958944865990972],[145.9343838337214,-17.958971673137597],[145.93427455276876,-17.958999644173186]]],"crs":null},"id":86,"type":"Feature","properties":{"owner":"Aurizon","hectares":9.37730976,"inlandrail":null,"operator":"Aurizon","locality_name":"Silky Oak","imt":1,"kfr":"Y","name":"Tully IMT","location":"QLD Regional","state":"QLD","SHAPE__Length":1863.960529666851,"objectid":86,"SHAPE__Area":104191.44766549,"status":"Operational"}},{"geometry":{"type":"Polygon","coordinates":[[[150.5184482348751,-23.38750889653131],[150.51598132725593,-23.38902943077196],[150.5151437578479,-23.39081878604303],[150.5154921496679,-23.391304841891575],[150.51570807052624,-23.39126232473191],[150.5159772399213,-23.391244790357117],[150.51658095180974,-23.391018661271616],[150.51676179076122,-23.39096155468314],[150.51737093296558,-23.39059035837227],[150.51803718197073,-23.390571322509125],[150.51870004881886,-23.39005976811598],[150.5188624732054,-23.389958572872548],[150.51897916525914,-23.389726380714258],[150.5197298594943,-23.389258256069894],[150.5184482348751,-23.38750889653131]]],"crs":null},"id":87,"type":"Feature","properties":{"owner":"Aurizon","hectares":10.10169543,"inlandrail":null,"operator":"Linfox","locality_name":"Depot Hill","imt":1,"kfr":"Y","name":"Rockhampton IMT","location":"QLD Regional","state":"QLD","SHAPE__Length":1447.6385993548763,"objectid":87,"SHAPE__Area":120468.528304405,"status":"Operational"}},{"geometry":{"type":"Polygon","coordinates":[[[149.15915341128482,-21.171601972442318],[149.1591597030851,-21.171453550261788],[149.15911820181725,-21.17117989757548],[149.15910871291294,-21.170394388297215],[149.15925398307073,-21.169375667659114],[149.15926186758398,-21.169376186191855],[149.1593532999102,-21.1687426350137],[149.15934442994515,-21.168741912918186],[149.1594566681517,-21.167965337355824],[149.15947506295373,-21.16796977717752],[149.1595224769328,-21.16779360327524],[149.15947710751934,-21.167707447990118],[149.1593995811137,-21.167770440780217],[149.1579017679382,-21.167580945465925],[149.15786290681905,-21.168006566540143],[149.15840464842748,-21.168082342529154],[149.15816668560703,-21.169798578663652],[149.15827529372157,-21.169811673461904],[149.15832660189733,-21.169868265393607],[149.15816695150838,-21.170947621855802],[149.15822149272088,-21.170955645205673],[149.1581381290625,-21.17148463079111],[149.15850107628506,-21.171534720832952],[149.15915341128482,-21.171601972442318]]],"crs":null},"id":88,"type":"Feature","properties":{"owner":"Aurizon","hectares":4.59055542,"inlandrail":null,"operator":"Linfox","locality_name":"Paget","imt":1,"kfr":"Y","name":"Mackay (Paget) IMT","location":"QLD Regional","state":"QLD","SHAPE__Length":1307.41081526079,"objectid":88,"SHAPE__Area":53053.14444829,"status":"Operational"}},{"geometry":{"type":"Polygon","coordinates":[[[146.0192389164449,-17.526341719252],[146.01931739057312,-17.526602182044876],[146.01922062944064,-17.526635387788208],[146.01929753600874,-17.526891316970772],[146.02034862597665,-17.53042622322314],[146.02044155399778,-17.530400730099196],[146.02091536051293,-17.53199060126138],[146.02105968204987,-17.531843601354726],[146.02113224346695,-17.531737041745075],[146.02106906225805,-17.53169395446906],[146.02111257126052,-17.53165898936104],[146.02116951007648,-17.531611279053827],[146.02122681540513,-17.531561383574047],[146.02128276966752,-17.531482703233984],[146.02131864927824,-17.531426130598213],[146.02137588094502,-17.53129219067528],[146.0213973434938,-17.531262441272453],[146.02141066550948,-17.531239834121486],[146.02143019398545,-17.531206239471977],[146.02143888069426,-17.531177526530637],[146.02149111233808,-17.53106550918257],[146.02152564088266,-17.531015966468658],[146.0215383430608,-17.530991176689867],[146.0215653158755,-17.5309589491158],[146.02160448062526,-17.530923429650688],[146.0216329886608,-17.530882654981937],[146.02169113211758,-17.530787695650282],[146.02176168669828,-17.530647779656956],[146.021778658569,-17.53056871002678],[146.02180807839454,-17.530484942797038],[146.02181815120377,-17.530416085421653],[146.0218394322929,-17.530322976091906],[146.0218646156636,-17.530276965775634],[146.0218764060517,-17.53022185411641],[146.02187122277252,-17.530140250488728],[146.0218579007568,-17.53002414481999],[146.02183424811537,-17.5298984374765],[146.02181731127902,-17.529821569832638],[146.02179844216647,-17.529750270044136],[146.0217734761881,-17.529671275403416],[146.0217447866929,-17.529591910677524],[146.02173120865737,-17.52954521660974],[146.0217143086519,-17.52951243455904],[146.0216854017644,-17.5294538825638],[146.0216541565622,-17.529381306296994],[146.02163984909464,-17.52932750839023],[146.02161820508616,-17.529276004443314],[146.02160137874262,-17.52923388025834],[146.02158944282743,-17.529187112430694],[146.02157758147243,-17.529130964809646],[146.02156805394046,-17.529093557894054],[146.0215538560674,-17.529014063568574],[146.0215375040343,-17.528887837280756],[146.02153524027983,-17.528855129635673],[146.021530568142,-17.5288177226632],[146.0215284148803,-17.528766311084656],[146.02152863406917,-17.52872426044917],[146.02153374368655,-17.52867989697532],[146.02158039050428,-17.528607728998736],[146.02158856697,-17.528534913400886],[146.02149596683392,-17.528555170368207],[146.0214033666978,-17.528575427333276],[146.0213546384835,-17.52841288671134],[146.02116461874976,-17.52875578429274],[146.02108004955227,-17.52881341223919],[146.02075242498506,-17.529036707830798],[146.0206854843267,-17.529079146434263],[146.02056153029218,-17.52905750011799],[146.02024960108957,-17.52900301854704],[146.02016342480604,-17.528714066016782],[146.02005914477465,-17.528364472277865],[146.01999658340324,-17.52815469994956],[146.01949616789108,-17.526476639369733],[146.01943952102758,-17.526286663790376],[146.0192389164449,-17.526341719252]]],"crs":null},"id":89,"type":"Feature","properties":{"owner":"Aurizon","hectares":5.26075233,"inlandrail":null,"operator":"Linfox/Aurizon","locality_name":"Goondi Hill (Innisfail)","imt":1,"kfr":"Y","name":"Innisfail IMT","location":"QLD Regional","state":"QLD","SHAPE__Length":1709.4595952577404,"objectid":89,"SHAPE__Area":58175.279129425,"status":"Operational"}},{"geometry":{"type":"Polygon","coordinates":[[[148.16524183379235,-20.0128920065888],[148.16515617224348,-20.013624880578742],[148.1640330679326,-20.014291130073843],[148.1637570497817,-20.015423753816226],[148.16652568353848,-20.01576423274029],[148.1665481557937,-20.015664756526945],[148.16664393147428,-20.014760586565256],[148.16720355045533,-20.013928975736086],[148.167767146278,-20.013608369780226],[148.17081281507856,-20.013232690193387],[148.1708421621406,-20.01295415384276],[148.17012081856072,-20.013043087644775],[148.1691346318721,-20.012806346854937],[148.16904897122157,-20.01227334768696],[148.16524183379235,-20.0128920065888]]],"crs":null},"id":90,"type":"Feature","properties":{"owner":"Aurizon","hectares":11.60328277,"inlandrail":null,"operator":"Aurizon, Linfox","locality_name":"Bowen","imt":1,"kfr":"Y","name":"Bowen (Merinda) IMT","location":"QLD Regional","state":"QLD","SHAPE__Length":2056.6733597865878,"objectid":90,"SHAPE__Area":132105.844339205,"status":"Operational"}},{"geometry":{"type":"Polygon","coordinates":[[[150.4281201537067,-23.45455527421305],[150.42796064794655,-23.454318086044072],[150.42785706051617,-23.454164110505783],[150.42596015730092,-23.451343878507213],[150.42323594343833,-23.453392733555567],[150.42211572182114,-23.454233207588544],[150.42123399123378,-23.454940685433968],[150.42120625035946,-23.454975741416348],[150.4211994626892,-23.45501727556143],[150.42121377015678,-23.455057160689805],[150.4222386167419,-23.456583725482275],[150.4232898899661,-23.455982993493564],[150.42393692490566,-23.456947639654334],[150.4281201537067,-23.45455527421305]]],"crs":null},"id":91,"type":"Feature","properties":{"owner":null,"hectares":22.15175301,"inlandrail":null,"operator":null,"locality_name":"Gracemere","imt":1,"kfr":null,"name":"Central Queensland Intermodal Logistics Hub (CQILH)","location":"QLD Regional","state":"QLD","SHAPE__Length":2198.609863164261,"objectid":91,"SHAPE__Area":264427.76123005,"status":"Proposed"}},{"geometry":{"type":"Polygon","coordinates":[[[153.002124320076,-27.527710560680184],[153.00206475189123,-27.527615137352306],[153.00201642702052,-27.52749363033864],[153.00199865115766,-27.527429879511107],[153.00197149508662,-27.52729501460799],[153.00192521298487,-27.527143980569072],[153.0019348492129,-27.527142148345817],[153.00188758165928,-27.52700027203886],[153.0005333228595,-27.527440239511005],[153.0005382492205,-27.52745213379346],[153.00044272955967,-27.527483177139633],[153.00038392853614,-27.527502287167156],[153.000331476805,-27.52751932598958],[153.0002958532141,-27.527530888074576],[152.99991307837655,-27.52765526445463],[152.99981547731926,-27.52768697291687],[152.9997179130929,-27.527718663844432],[152.99962034706988,-27.527750353966248],[152.99952274691088,-27.527782063197673],[152.99942518268455,-27.527813771623325],[152.99932761935645,-27.52784546331094],[152.9992300533335,-27.527877170921705],[152.9987779276577,-27.52805151521899],[152.99923779142134,-27.529354471127405],[152.9993878064805,-27.529471057864072],[152.9998794247911,-27.529585832209644],[152.999949358636,-27.5295323117555],[153.00002480454344,-27.529610067202068],[153.0014561873037,-27.53108508976928],[153.0013495716525,-27.531162198083248],[153.00161229922867,-27.53136642038391],[153.00203847167754,-27.531250664906658],[153.00244354988695,-27.530881424560096],[153.00276190204386,-27.530899850521322],[153.00331710400854,-27.53095572025358],[153.00437177106787,-27.53014234986752],[153.0044184906492,-27.52991474352975],[153.0042066086164,-27.529880740708542],[153.0032182614796,-27.528840781427004],[153.0029944444299,-27.528616800944317],[153.00251417723123,-27.52812507277288],[153.0024520174068,-27.52808555604681],[153.00231433891145,-27.527940516013842],[153.00224455149194,-27.52785811672233],[153.0021735962626,-27.52785854211399],[153.002124320076,-27.527710560680184]]],"crs":null},"id":92,"type":"Feature","properties":{"owner":"Aurizon","hectares":14.1862392,"inlandrail":null,"operator":"Pacific National/Toll Group","locality_name":"Tennyson","imt":1,"kfr":"Y","name":"Tennyson IMT","location":"Brisbane Metro","state":"QLD","SHAPE__Length":1821.6615948143237,"objectid":92,"SHAPE__Area":181098.121369275,"status":"Operational"}},{"geometry":{"type":"Polygon","coordinates":[[[146.71829953328256,-36.08366822058528],[146.71733519362164,-36.083146243227795],[146.71666462461826,-36.08328820662529],[146.70990255182545,-36.0857280768812],[146.70985911917978,-36.086615588819136],[146.70283883643836,-36.089264173140606],[146.70143403123416,-36.090062249430964],[146.6979046897217,-36.091449094888695],[146.69567879290673,-36.09247358050436],[146.6957505368569,-36.092626053302176],[146.72190698600386,-36.08273440084003],[146.72279592467308,-36.08241899495825],[146.72272897054,-36.08226735032131],[146.71829953328256,-36.08366822058528]]],"crs":null},"id":93,"type":"Feature","properties":{"owner":"Specialised Container Transport (SCT) Logistics","hectares":20.67938317,"inlandrail":"Y","operator":"Specialised Container Transport (SCT) Logistics","locality_name":"Barnawartha North","imt":1,"kfr":"Y","name":"Barnawartha Intermodal Rail Terminal (Logic Wodonga)","location":"Vic Regional","state":"VIC","SHAPE__Length":6825.74010751139,"objectid":93,"SHAPE__Area":317152.11028527,"status":"Operational"}},{"geometry":{"type":"Polygon","coordinates":[[[115.69302530782149,-33.35160458924629],[115.69173528934424,-33.351729316325965],[115.6917354348713,-33.351702454471265],[115.69054776145441,-33.35182355561264],[115.68907743223501,-33.35194182543542],[115.68811401514394,-33.351947061524854],[115.68658335057853,-33.35177673312957],[115.68641165557825,-33.351738991634114],[115.68641154508546,-33.35176206109421],[115.68561913129189,-33.35169414783986],[115.68537582169886,-33.35167328145816],[115.68536333870969,-33.35167220617305],[115.68538133286312,-33.35187311767766],[115.68536144146779,-33.352036638525306],[115.68641004849219,-33.3521262717113],[115.6864096837762,-33.35223040718059],[115.6874411743012,-33.35231898514986],[115.68827180422362,-33.352367233789785],[115.68912378710031,-33.35235086152101],[115.6896808503743,-33.352309883187246],[115.69105821384326,-33.352175647512425],[115.69114869844687,-33.352249425271225],[115.6912843683093,-33.35223307098915],[115.69135937494056,-33.35214621427974],[115.69173349900188,-33.35210588416905],[115.69173393827805,-33.352007593187196],[115.69217142680458,-33.351971648179656],[115.69230808211886,-33.35196700488473],[115.69263953889912,-33.35195571930576],[115.69305629700384,-33.351967966109825],[115.69346911150446,-33.352004356088614],[115.69412716967088,-33.35211023181097],[115.6945244720632,-33.35219351830091],[115.69507058487383,-33.352328826974144],[115.69524479964846,-33.352390598728064],[115.69530122822138,-33.35203166206938],[115.69495064630867,-33.35192822870982],[115.69382779622097,-33.35169083644265],[115.69362135348723,-33.351725986170784],[115.69302530782149,-33.35160458924629]]],"crs":null},"id":94,"type":"Feature","properties":{"owner":"Aurizon","hectares":3.95129767,"inlandrail":null,"operator":"Aurizon","locality_name":"Picton","imt":1,"kfr":"Y","name":"Picton Container Terminal","location":"WA Regional","state":"WA","SHAPE__Length":2372.0506186027696,"objectid":94,"SHAPE__Area":56781.134688535,"status":"Operational"}},{"geometry":{"type":"Polygon","coordinates":[[[121.90459531476749,-33.87520531937794],[121.90631787205402,-33.87264258398553],[121.9038123000467,-33.87145761181004],[121.90207686541059,-33.874024370041624],[121.90459531476749,-33.87520531937794]]],"crs":null},"id":95,"type":"Feature","properties":{"owner":"Southern Ports Authority (Esperance)","hectares":8.71082737,"inlandrail":null,"operator":"Southern Ports Esperance","locality_name":"West Beach","imt":1,"kfr":"Y","name":"Esperance IMT","location":"WA Regional","state":"WA","SHAPE__Length":1431.113234216353,"objectid":95,"SHAPE__Area":126685.760002945,"status":"Operational"}},{"geometry":{"type":"Polygon","coordinates":[[[121.90459531476749,-33.87520531937794],[121.90207686541059,-33.874024370041624],[121.90057861295894,-33.87624032900227],[121.90311273881585,-33.877411024109975],[121.90459531476749,-33.87520531937794]]],"crs":null},"id":96,"type":"Feature","properties":{"owner":"Southern Ports Authority (Esperance)","hectares":7.53007722,"inlandrail":null,"operator":"Southern Ports Esperance","locality_name":"West Beach","imt":1,"kfr":null,"name":"Esperance Multi User Iron Ore Facility (MUIOF)","location":"WA Regional","state":"WA","SHAPE__Length":1324.2057985383065,"objectid":96,"SHAPE__Area":109519.59225877,"status":"Operational"}},{"geometry":{"type":"Polygon","coordinates":[[[116.01167436781289,-29.183184940275126],[116.01095502478117,-29.182529708838736],[116.01019396308929,-29.1814464598143],[116.01020546242324,-29.185901852227353],[116.01021699589319,-29.19035722444793],[116.01022853026141,-29.194812599176664],[116.01168032543988,-29.194809902316543],[116.01167436781289,-29.183184940275126]]],"crs":null},"id":97,"type":"Feature","properties":{"owner":"Arc Infrastructure","hectares":19.57930496,"inlandrail":null,"operator":"Sinosteel Midwest Corporation Ltd (Koolanooka Mine)","locality_name":"Morawa","imt":1,"kfr":"Y","name":"Tilley Siding Iron Ore Loading Facilty","location":"WA Regional","state":"WA","SHAPE__Length":3626.009427178742,"objectid":97,"SHAPE__Area":257799.867290765,"status":"Operational"}},{"geometry":{"type":"Polygon","coordinates":[[[116.3032073722197,-29.456430897912142],[116.3035774781168,-29.456766367686278],[116.30885085204095,-29.456762197845254],[116.30885076759928,-29.45802519270131],[116.32232565855784,-29.45819359619834],[116.32232565855784,-29.457503158152292],[116.3238917715427,-29.45586968600483],[116.32800071146636,-29.453445604839832],[116.30885107033156,-29.453446228263587],[116.30885098139834,-29.454791929170717],[116.30747285076814,-29.45479193229957],[116.30742233041488,-29.456475923885773],[116.3032073722197,-29.456430897912142]]],"crs":null},"id":98,"type":"Feature","properties":{"owner":"Quest Minerals","hectares":82.70451587,"inlandrail":null,"operator":"Mount Gibson Mining Ltd","locality_name":"Perenjori","imt":1,"kfr":"Y","name":"Perenjori Siding Iron Ore Loading Facility","location":"WA Regional","state":"WA","SHAPE__Length":6362.744221617675,"objectid":98,"SHAPE__Area":1094660.21708688,"status":"Operational"}},{"geometry":{"type":"Polygon","coordinates":[[[140.50786806100913,-20.693270651974526],[140.50783170798618,-20.692526636575295],[140.50780210670098,-20.692853163437288],[140.50777086239705,-20.692990358561843],[140.50770530873754,-20.693127331706798],[140.50759584452857,-20.693268210725925],[140.50726384067428,-20.693626739386175],[140.50632188613196,-20.69361841563021],[140.50602422846427,-20.693615768499228],[140.5056401384932,-20.693612365885404],[140.50546088686474,-20.694708454018798],[140.50543497226542,-20.69724439713537],[140.5064006890436,-20.697261343409522],[140.50639696642511,-20.697624831542146],[140.50639324200995,-20.697988300316148],[140.50853239839938,-20.698025337228422],[140.5090117160788,-20.69816255204402],[140.50855948170687,-20.697662829047964],[140.50821324225026,-20.69698027165357],[140.50801347759233,-20.69624815272096],[140.50788572817578,-20.693632216845952],[140.50786806100913,-20.693270651974526]]],"crs":null},"id":154,"type":"Feature","properties":{"owner":"NQX","hectares":12.77849665,"inlandrail":null,"operator":"Toll Group NQX","locality_name":"Cloncurry","imt":1,"kfr":"Y","name":"Followmont/Toll","location":"QLD Regional","state":"QLD","SHAPE__Length":1954.2617310867179,"objectid":154,"SHAPE__Area":146760.886786975,"status":"Operational"}},{"geometry":{"type":"Polygon","coordinates":[[[152.92608024693413,-27.967315734261184],[152.92607849521934,-27.966589683028737],[152.9259445393425,-27.965704680091342],[152.92570159626206,-27.964931545812288],[152.92524899627588,-27.963631033092245],[152.92514672218246,-27.962674157552904],[152.92518953768553,-27.962071686647086],[152.92520249498517,-27.961889480732957],[152.92589961010353,-27.952095616806627],[152.9258926014477,-27.950912930996658],[152.92567455158212,-27.950056047702198],[152.9252604587789,-27.949244840841285],[152.92489027652505,-27.948777974888827],[152.9244350840009,-27.948854194573677],[152.9209173604,-27.950536863132847],[152.92016199223042,-27.96114302351751],[152.9216152759173,-27.961358269936696],[152.9215822807969,-27.961537498936373],[152.92022619482378,-27.9689111916411],[152.91958897757195,-27.97237555771814],[152.92024594069204,-27.973062110503395],[152.92095101129055,-27.97354327725893],[152.92172218262263,-27.973879903336442],[152.92262398786167,-27.974060055632748],[152.92347323357166,-27.974067272000262],[152.92428203712763,-27.97386630598148],[152.92624730572925,-27.973053823821193],[152.9262035065709,-27.97290671190066],[152.92573466414603,-27.971332787126308],[152.92579572892413,-27.968560525189165],[152.92605130231732,-27.968564964243125],[152.92608024693413,-27.967315734261184]]],"crs":null},"id":99,"type":"Feature","properties":{"owner":"Specialised Container Transport (SCT) Logistics","hectares":135.09151133,"inlandrail":"Y","operator":"Specialised Container Transport (SCT) Logistics","locality_name":"Bromelton","imt":1,"kfr":"Y","name":"Bromelton IMT","location":"Brisbane Metro","state":"QLD","SHAPE__Length":7384.858473449374,"objectid":99,"SHAPE__Area":1738162.85824282,"status":"Operational"}},{"geometry":{"type":"Polygon","coordinates":[[[151.01948225957773,-33.8371957638252],[151.01956690333535,-33.8372468049856],[151.02003100085886,-33.83752674772947],[151.02008878049799,-33.83758383854219],[151.0202134280318,-33.83770667845961],[151.02013064558344,-33.83783767666912],[151.02173701117792,-33.83875892125645],[151.02183906518403,-33.83882365403279],[151.0222725023086,-33.83910446460108],[151.0226577591913,-33.83936207593147],[151.02305809160103,-33.83963626497531],[151.02339538832894,-33.83988570076137],[151.02376739595948,-33.84018081349544],[151.02399201610302,-33.840383018191396],[151.02410414471507,-33.840487524590635],[151.02445239100805,-33.84081736162912],[151.02476479362278,-33.84113602339626],[151.02516085634,-33.84153342318123],[151.02528397044966,-33.841656891625796],[151.02545150625014,-33.841574750957584],[151.0254872026046,-33.84155634409523],[151.02574832309477,-33.841428841956365],[151.025873883317,-33.84136294495987],[151.0257075898865,-33.84117777889538],[151.02547001064667,-33.84096458486073],[151.02531419247083,-33.84085339969351],[151.02537335821037,-33.840802764343394],[151.02488907733903,-33.840408400908174],[151.02455597843834,-33.84012995614444],[151.0245163762091,-33.83997938504981],[151.02430237594882,-33.83970963663715],[151.0239200754218,-33.83921903431371],[151.02374998571094,-33.83896826769578],[151.0236995785454,-33.83889809711266],[151.02351883122208,-33.8386661451853],[151.02318131530515,-33.83821951735181],[151.02279386743157,-33.83767892812958],[151.02230122773648,-33.83698980286384],[151.02260892228088,-33.83676513952278],[151.02254639953708,-33.83670164755329],[151.0224957722843,-33.836651326863894],[151.02243003716507,-33.836586448431994],[151.02240740590813,-33.83661134950661],[151.02238733035813,-33.8366332345695],[151.02236703651755,-33.8366549159234],[151.02234626836653,-33.83667631969803],[151.02232418598024,-33.83669896434108],[151.02230213952652,-33.836721701502675],[151.0222795100662,-33.836744011851565],[151.02225589515402,-33.836765380534146],[151.02223074591927,-33.83678521285752],[151.02221176721227,-33.836798772914065],[151.02219223873635,-33.83681205539511],[151.0221720904228,-33.83682459842487],[151.02215121267733,-33.836835976689855],[151.02212953183792,-33.83684578129232],[151.02208558535588,-33.83685993379381],[151.02203707812717,-33.83686940560425],[151.02198667096164,-33.83687397586059],[151.0219369213629,-33.83687338340616],[151.0218903104778,-33.83686742528411],[151.02177278119422,-33.836852181891445],[151.02130996107496,-33.836747305425654],[151.02094036182777,-33.83667025336815],[151.02068997171367,-33.8366191932093],[151.02042812089314,-33.83665156712944],[151.02038556230823,-33.8366531206475],[151.02034285729795,-33.83665630304635],[151.02030026098384,-33.83666107627126],[151.02025810394588,-33.83666744032208],[151.02021656764376,-33.83667537729036],[151.02015429822487,-33.83669149149015],[151.02009327027773,-33.836712321454215],[151.02003333737693,-33.83673642707974],[151.01997431626614,-33.836762364534216],[151.01991609914754,-33.83678872729487],[151.01984189561009,-33.836821509302915],[151.01980532249993,-33.836838732275744],[151.01977017232116,-33.836857399073274],[151.01973728589695,-33.836878211088965],[151.01970677102508,-33.83690144738661],[151.0196780824282,-33.83692666250442],[151.01965103595157,-33.83695341471181],[151.01962548606826,-33.836981201093195],[151.01960413401224,-33.83700619383087],[151.01960132318374,-33.83700948739485],[151.01959099435464,-33.837022215444065],[151.01958095568136,-33.837035147193845],[151.01957120985884,-33.83704822668191],[151.0195617577854,-33.83706143450795],[151.0195525958678,-33.83707481021851],[151.01954489461087,-33.83708679881103],[151.01953733798268,-33.83709882396384],[151.01952985681305,-33.8371109035848],[151.01952248344114,-33.837123022004455],[151.01951522056208,-33.8371351762382],[151.01950175122272,-33.837158892994175],[151.01948893945013,-33.837182887315684],[151.01948225957773,-33.8371957638252]]],"crs":null},"id":100,"type":"Feature","properties":{"owner":"Pacific National, Toll Group, Veolia","hectares":8.43979137,"inlandrail":null,"operator":"Pacific National, Veolia Waste Management","locality_name":"Auburn","imt":1,"kfr":null,"name":"Clyde IMT","location":"Sydney Metro","state":"NSW","SHAPE__Length":2153.6371083512618,"objectid":100,"SHAPE__Area":122644.810837195,"status":"Operational"}},{"geometry":{"type":"Polygon","coordinates":[[[151.01920624681674,-33.84050528404011],[151.0190516683159,-33.84073381519006],[151.019001262947,-33.84080835136455],[151.01891515942702,-33.840767799193024],[151.01821494332432,-33.841802133951354],[151.0179724377235,-33.84216110780233],[151.0176459450335,-33.84264442011754],[151.0176297385274,-33.842666952754406],[151.01768605840414,-33.84269355692662],[151.0175514099262,-33.84289269064993],[151.01753367089432,-33.84291607528073],[151.01751647983474,-33.842939976960245],[151.01750012690331,-33.84296428526364],[151.0174845411331,-33.842988965123325],[151.0174697593551,-33.84301397699514],[151.0174558157053,-33.843039320878795],[151.0174427488111,-33.84306496319901],[151.01743048501086,-33.84309091738554],[151.01741909796633,-33.843117114049846],[151.01740858498255,-33.84314360616552],[151.01739894965283,-33.84317030196079],[151.01739019018046,-33.84319720143552],[151.01738212330926,-33.84322443217408],[151.0173562814735,-33.84334740126754],[151.0172966396268,-33.84363108066781],[151.0172133092061,-33.84510843545071],[151.01890351546427,-33.84533154588055],[151.02084998681858,-33.84558838115914],[151.02152552889538,-33.84553798736322],[151.02188122132367,-33.84551144077935],[151.02189432504875,-33.845441898553815],[151.02210551358218,-33.84546905620638],[151.0241025385274,-33.84572587316551],[151.0241942987387,-33.84523982221894],[151.02361807350135,-33.84513313408951],[151.02360336358862,-33.84512891568426],[151.0232079234039,-33.84501521488664],[151.0230516309175,-33.84497025902902],[151.02135069338487,-33.844554379479405],[151.0213158360569,-33.844545110713085],[151.0212781319678,-33.84453449225559],[151.02124068300026,-33.844523206785595],[151.0212035619178,-33.8445112371426],[151.02116677051703,-33.844498583326356],[151.0211303070013,-33.84448528264142],[151.02109420909994,-33.844471314196745],[151.02105847501625,-33.84445669962887],[151.0210231424795,-33.84444143669912],[151.02098817645535,-33.844425564204315],[151.02095368294505,-33.844409025440605],[151.02091959277834,-33.8443918756189],[151.0208859760238,-33.844374134137425],[151.02085279764708,-33.844355762944716],[151.02082012951342,-33.84433680083759],[151.02078797341954,-33.84431726497588],[151.02075632846706,-33.84429711805423],[151.02072519375758,-33.84427643542831],[151.02069460612225,-33.84425517904659],[151.02066460329002,-33.844233366815075],[151.02063518436276,-33.84421103753051],[151.02060631340782,-33.844188153141445],[151.02057806229053,-33.84416476960491],[151.020550431909,-33.84414088617441],[151.020523421365,-33.844116484197],[151.02049706928617,-33.84409162037594],[151.02047133614656,-33.84406627456612],[151.02044629740462,-33.8440404676579],[151.02042191443286,-33.84401421606513],[151.02039826358808,-33.843987520533496],[151.0203752676151,-33.84396041836771],[151.0203530028708,-33.84393289016874],[151.02034008150375,-33.84391616627616],[151.02033146845682,-33.843904973987364],[151.02030920371251,-33.843878408243555],[151.02028763156926,-33.84385145302553],[151.02026678975633,-33.84382410982515],[151.02024591201078,-33.84379438132196],[151.0202258373592,-33.84376428199472],[151.02020656490308,-33.84373381109687],[151.0201893738435,-33.84370404525708],[151.0201729481485,-33.84367398320324],[151.02015729051308,-33.84364362418898],[151.02014247100584,-33.8436129876127],[151.0201284186599,-33.84358209361899],[151.01994449579198,-33.8429454892305],[151.01988707997054,-33.84274646605497],[151.01978418783628,-33.842389989675375],[151.01993945803986,-33.842160331093375],[151.02002183894126,-33.842038489916106],[151.02011589883975,-33.84156424330333],[151.02008538486623,-33.84092044388316],[151.01920624681674,-33.84050528404011]]],"crs":null},"id":101,"type":"Feature","properties":{"owner":"Mirvac","hectares":14.54494128,"inlandrail":null,"operator":null,"locality_name":"Auburn","imt":null,"kfr":null,"name":"Switchyard","location":"Sydney Metro","state":"NSW","SHAPE__Length":2545.4077618601104,"objectid":101,"SHAPE__Area":211388.788439105,"status":"Operational"}},{"geometry":{"type":"Polygon","coordinates":[[[146.83496659048384,-19.336082326110347],[146.83519682419958,-19.33608154543054],[146.83587173026916,-19.336033576420125],[146.83619119004882,-19.33602196030734],[146.83633059061458,-19.336074236198936],[146.83648741580203,-19.336248487072233],[146.83669651665068,-19.336521479535374],[146.83675888129093,-19.336594238513495],[146.83721029280608,-19.33713542419502],[146.8373844509868,-19.337020384392364],[146.83712479385224,-19.336733592332358],[146.83696077046454,-19.336535624126714],[146.83680186837225,-19.336357038717455],[146.83653276006257,-19.33585793433231],[146.83645292857992,-19.335578227401278],[146.83644675805226,-19.335551482463323],[146.83637124836437,-19.334999688287237],[146.8362666988384,-19.334877713203603],[146.83615633990743,-19.334819629677337],[146.83596466368027,-19.334767354231722],[146.83527346845966,-19.334871904258556],[146.83503532597612,-19.334877713203603],[146.83491915943688,-19.334808011782897],[146.8327410233506,-19.330341382107505],[146.83287461540974,-19.33029491518416],[146.8326480890412,-19.32987090569928],[146.8324084939819,-19.329957602578055],[146.83206626550307,-19.33010542778766],[146.83202636054148,-19.33016578221493],[146.83186783035168,-19.33024712502855],[146.8319117040702,-19.33038118800125],[146.83204253830147,-19.330313654705854],[146.83299421531004,-19.332213186989875],[146.83316168553353,-19.332384067437356],[146.83496659048384,-19.336082326110347]]],"crs":null},"id":102,"type":"Feature","properties":{"owner":"Aurizon (Stuart Rail Yard)","hectares":6.41797174,"inlandrail":null,"operator":"Linfox, Team Global Express","locality_name":"Stuart","imt":1,"kfr":"Y","name":"Stuart Freight Terminal","location":"QLD Regional","state":"QLD","SHAPE__Length":2320.905555707803,"objectid":102,"SHAPE__Area":72459.824622515,"status":"Operational"}},{"geometry":{"type":"Polygon","coordinates":[[[149.64135220160884,-35.083211921611195],[149.64079393369406,-35.083159788490654],[149.64055248541027,-35.08316569140913],[149.64050843113043,-35.08316678230959],[149.64021577438388,-35.08315087236299],[149.63994373936305,-35.08308336513794],[149.63965772475973,-35.08301017913607],[149.6393718574801,-35.08296563148631],[149.63907923756457,-35.08294972150047],[149.6388007059275,-35.082962394062115],[149.63852202786515,-35.0829521620659],[149.63820181350067,-35.08297647288687],[149.63793069206648,-35.083063551011],[149.6376524883145,-35.08313350028268],[149.63735326129,-35.08317488467089],[149.63706775872643,-35.08318759468804],[149.63678232892636,-35.08321175474174],[149.6365394217786,-35.08335597980744],[149.6363664116448,-35.0835399635037],[149.63626318982875,-35.083752305587424],[149.63617398442605,-35.08397029195821],[149.63609174905167,-35.084193975497996],[149.635918665256,-35.08437225883045],[149.63569660081944,-35.08450494230716],[149.63553753253882,-35.084694604956425],[149.6353294836174,-35.08484439867042],[149.63512844065676,-35.08499987216229],[149.63501821018485,-35.08520651791095],[149.63502664267048,-35.085446980111726],[149.6349513431884,-35.085664910497755],[149.63477829622366,-35.08584891177386],[149.63454225130633,-35.085975932711165],[149.63439019168152,-35.086171292493816],[149.63432887178192,-35.08640061834496],[149.6342970435731,-35.086618641008016],[149.63446720604747,-35.086638121281595],[149.6347217589546,-35.08666729647602],[149.6347485853439,-35.08664106232397],[149.63492951592366,-35.086471843056295],[149.63511800133483,-35.0863083217764],[149.63531382418532,-35.086150702136116],[149.63551665479335,-35.0859992245416],[149.6357262739699,-35.08585409191029],[149.6359423547284,-35.0857155071595],[149.63616456648862,-35.085583676881924],[149.63639265502752,-35.08545878267691],[149.6366262547306,-35.085340994381724],[149.63686507364545,-35.08523047448199],[149.63710874795453,-35.0851273935482],[149.63735694797597,-35.08503185966701],[149.63760934672305,-35.08494405737304],[149.63817338092358,-35.08472255764945],[149.6404347387344,-35.08383442903044],[149.64092920290784,-35.08364021555863],[149.64113239913019,-35.08354429327058],[149.64136388150416,-35.08342372718648],[149.6414680815855,-35.083363626384006],[149.64135220160884,-35.083211921611195]]],"crs":null},"id":103,"type":"Feature","properties":{"owner":"Veolia Waste Management","hectares":9.19694293,"inlandrail":null,"operator":"Veolia Waste Management","locality_name":"Tarago","imt":1,"kfr":null,"name":"Crisps Creek IMT","location":"NSW Regional","state":"NSW","SHAPE__Length":2036.261310347581,"objectid":103,"SHAPE__Area":137658.849699125,"status":"Operational"}},{"geometry":{"type":"Polygon","coordinates":[[[149.61177460314389,-33.42835693837011],[149.61216135751815,-33.426922632705605],[149.61142380294066,-33.42609496103763],[149.61095116333706,-33.425572170329346],[149.6107501949366,-33.425349892869086],[149.61054342252118,-33.42512117607528],[149.61002034161604,-33.42463503299043],[149.60952737223926,-33.42418180261837],[149.6089889606855,-33.42346849710783],[149.6088944983418,-33.42344272730988],[149.6080326609464,-33.42372912544608],[149.60901597033117,-33.42482402897867],[149.60938181012892,-33.42518942410442],[149.60956726731936,-33.425374682193976],[149.60979645000617,-33.425630703684064],[149.60992149908702,-33.42577045273361],[149.6101421774231,-33.42615521617148],[149.61015655855252,-33.42618043186311],[149.6101791889111,-33.42626897274795],[149.61031777919652,-33.42680451133619],[149.6104658592846,-33.42803409389185],[149.61049173705297,-33.42824852698275],[149.6112092547081,-33.42827607367206],[149.6116983918718,-33.42839465935953],[149.61177460314389,-33.42835693837011]]],"crs":null},"id":104,"type":"Feature","properties":{"owner":"Patrick PortLink","hectares":6.61247682,"inlandrail":null,"operator":"Pacific National, Patrick Portlink, PF Olsen Australia","locality_name":"Kelso","imt":1,"kfr":"Y","name":"Bathurst Rail Intermodal Terminal (BRIT)","location":"NSW Regional","state":"NSW","SHAPE__Length":1721.9375781963822,"objectid":104,"SHAPE__Area":95183.447916935,"status":"Operational"}},{"geometry":{"type":"Polygon","coordinates":[[[149.27962971066802,-33.535652673181225],[149.27927215693046,-33.53528106375607],[149.2789124499311,-33.53492229373481],[149.27847167626564,-33.534519640688806],[149.2781373358933,-33.53424330548476],[149.27766177766335,-33.53386672022131],[149.27724074986608,-33.5335333504396],[149.27715906336235,-33.53347448409383],[149.2751104284075,-33.53199840564478],[149.27463388472566,-33.53170118384289],[149.2742691031433,-33.531503733806474],[149.27388362707174,-33.53131455180413],[149.27298368314194,-33.53097013825659],[149.272619230343,-33.53083066662902],[149.26813286954095,-33.52986565135165],[149.26334034941533,-33.528834571406875],[149.26333742809405,-33.52884450555439],[149.26333089464694,-33.52885551354101],[149.26332326525528,-33.52887843411169],[149.26331352033108,-33.52891053173678],[149.2633077172143,-33.52892030038146],[149.2632993592889,-33.52893437861029],[149.26328957663546,-33.52896556936738],[149.26327979488033,-33.52900133029192],[149.26327001312518,-33.52902883972221],[149.26325482890198,-33.52907011283729],[149.26324285705422,-33.5290985470637],[149.263224350861,-33.52913064460706],[149.26320252359625,-33.52916642418433],[149.26319365452946,-33.529178486496406],[149.26498879748758,-33.52956559835611],[149.26557327195414,-33.52964472337258],[149.26803267774233,-33.53017506294702],[149.27100056501573,-33.53081187035874],[149.2711498147103,-33.53084389463003],[149.27131340600832,-33.5308789875746],[149.2719233953239,-33.531009876104875],[149.2730708448774,-33.531351367594745],[149.2732663021135,-33.5314393158236],[149.27406182048472,-33.53179201915489],[149.2751146612691,-33.53243772476673],[149.27690312525303,-33.53373402017518],[149.2782127449698,-33.534773904388175],[149.2789589871544,-33.53547660849283],[149.27888919883662,-33.53589598561303],[149.27995912378108,-33.536034199354816],[149.27962971066802,-33.535652673181225]]],"crs":null},"id":105,"type":"Feature","properties":{"owner":"FreightCorp","hectares":6.65164559,"inlandrail":null,"operator":"SeaLink","locality_name":"Blayney","imt":1,"kfr":null,"name":"SeaLink Rail Terminal","location":"NSW Regional","state":"NSW","SHAPE__Length":4376.349366297703,"objectid":105,"SHAPE__Area":95979.97294917,"status":"Operational"}},{"geometry":{"type":"Polygon","coordinates":[[[147.3419323724672,-34.82033335359836],[147.34193288271027,-34.8209016171461],[147.34499315272745,-34.821762052976176],[147.34531927980314,-34.82185375780425],[147.34549221717344,-34.821902394440826],[147.3460259934203,-34.82234219437738],[147.34771586909847,-34.82281845871051],[147.34800611656345,-34.82290026510141],[147.35009742059597,-34.82348965705374],[147.35041836529084,-34.82358010336093],[147.35251039875538,-34.82416971831577],[147.35282378772033,-34.824258999468306],[147.35397795397716,-34.82458781757147],[147.35414552571027,-34.82414342950731],[147.35457721112004,-34.824266417314064],[147.35464243689455,-34.82390531515823],[147.35469528927425,-34.82364283808071],[147.3544151146186,-34.82356369458568],[147.3525674857934,-34.82304177347656],[147.35223613860757,-34.82294818063581],[147.3503469716836,-34.82241454786693],[147.35004756140282,-34.822329965965444],[147.34667288193447,-34.82137669807398],[147.3464740667958,-34.82132055009665],[147.34576242681763,-34.82140629822029],[147.3419323724672,-34.82033335359836]]],"crs":null},"id":106,"type":"Feature","properties":{"owner":"Croker Grain","hectares":12.14923641,"inlandrail":null,"operator":"Croker Grain","locality_name":"Marrar","imt":1,"kfr":null,"name":"Marrar Container Park","location":"NSW Regional","state":"NSW","SHAPE__Length":3214.1258460768913,"objectid":106,"SHAPE__Area":180702.054024775,"status":"Operational"}},{"geometry":{"type":"Polygon","coordinates":[[[148.36065514681584,-30.99130191434409],[148.35950798112998,-30.99332823572766],[148.3603063435674,-30.993645045732958],[148.35966005063625,-30.994899614878175],[148.3603190152028,-30.995191079786093],[148.36252416273135,-30.991272831622403],[148.36433617066064,-30.98798047714163],[148.36412074028243,-30.98794246020327],[148.36262539477906,-30.990755735099633],[148.36167496373372,-30.990362890496062],[148.3612821196802,-30.991034528702126],[148.36065514681584,-30.99130191434409]]],"crs":null},"id":107,"type":"Feature","properties":{"owner":"Agrigrain","hectares":7.42929449,"inlandrail":null,"operator":"QUBE Holdings, Agrigrain","locality_name":"Coonamble","imt":1,"kfr":null,"name":"Coonamble Container Park","location":"NSW Regional","state":"NSW","SHAPE__Length":2407.645498175618,"objectid":107,"SHAPE__Area":101418.771011445,"status":"Operational"}},{"geometry":{"type":"Polygon","coordinates":[[[148.64612610229312,-32.20199564015325],[148.6490822126531,-32.2016697742014],[148.64888623169915,-32.20027850343029],[148.6469739062071,-32.20044602651605],[148.64586770369823,-32.199942128353634],[148.64294096555315,-32.19985884641978],[148.6427625071371,-32.20062027351917],[148.6415290412003,-32.200598657328094],[148.64129690485274,-32.2009609043943],[148.64063017704552,-32.20090211969108],[148.6373526494769,-32.2013921681694],[148.63709091184413,-32.20160065668319],[148.63623697692827,-32.20152993826719],[148.6361877744036,-32.201523204226795],[148.63588759875807,-32.2030991826077],[148.63778534279643,-32.20289536697027],[148.63810402463508,-32.20286114389811],[148.64250909958196,-32.202387931814414],[148.64261118952075,-32.202376868906406],[148.64612610229312,-32.20199564015325]]],"crs":null},"id":108,"type":"Feature","properties":{"owner":"Fletcher International Exports Pty Ltd","hectares":23.89197733,"inlandrail":null,"operator":"Fletcher International Exports Pty Ltd","locality_name":"Dubbo","imt":1,"kfr":"Y","name":"Dubbo Fletcher IMT","location":"NSW Regional","state":"NSW","SHAPE__Length":3434.8640639782584,"objectid":108,"SHAPE__Area":334649.70656777,"status":"Operational"}},{"geometry":{"type":"Polygon","coordinates":[[[147.51377676973925,-34.96696770434664],[147.51992791357867,-34.96093973731696],[147.5232469028892,-34.95775112650364],[147.52246431217324,-34.957718497229976],[147.5198236730731,-34.96037956438682],[147.51900023236792,-34.96065159019425],[147.51448348425473,-34.96500813390122],[147.5136287678046,-34.96587199844102],[147.5136319047216,-34.966879264261664],[147.51377676973925,-34.96696770434664]]],"crs":null},"id":109,"type":"Feature","properties":{"owner":"QUBE Holdings","hectares":9.72531353,"inlandrail":"Y","operator":"QUBE Logistics","locality_name":"Harefield","imt":1,"kfr":null,"name":"Harefield IMT","location":"NSW Regional","state":"NSW","SHAPE__Length":3373.1731433410837,"objectid":109,"SHAPE__Area":145136.60331905,"status":"Operational"}},{"geometry":{"type":"Polygon","coordinates":[[[149.7814367958598,-30.305759986422313],[149.7813605252989,-30.3057446676419],[149.78109469673836,-30.3056912581897],[149.7809907805246,-30.30567039106706],[149.77868146345736,-30.30520642876747],[149.77574131526168,-30.306459304966612],[149.77060342884198,-30.308648482247094],[149.77118885192948,-30.309014541669775],[149.77147238358936,-30.30919180907813],[149.77203941097642,-30.309546362321214],[149.77264217244726,-30.309923206690378],[149.772283522765,-30.31035494089593],[149.7725667274381,-30.310532060858147],[149.77284993121287,-30.310709179724725],[149.77297180385085,-30.31078537963884],[149.77313313319104,-30.31088628043438],[149.77341633606753,-30.311063399436375],[149.77370213148194,-30.31124210946988],[149.77387174778065,-30.31134820649882],[149.77405968701615,-30.311481295062475],[149.77343597503628,-30.311746640302555],[149.77354018230417,-30.31181170544276],[149.77415425805603,-30.311548931194718],[149.77667867132806,-30.30850984399253],[149.77770182818222,-30.307288360099],[149.7814367958598,-30.305759986422313]]],"crs":null},"id":110,"type":"Feature","properties":{"owner":"Auscott Ltd (Cotton)","hectares":24.0245738,"inlandrail":"Y","operator":"Auscott Ltd (Cotton)","locality_name":"Narrabri","imt":1,"kfr":"Y","name":"Narrabri IMT","location":"NSW Regional","state":"NSW","SHAPE__Length":3216.5469588188744,"objectid":110,"SHAPE__Area":323403.06741915,"status":"Operational"}},{"geometry":{"type":"Polygon","coordinates":[[[148.21995821505317,-32.252264455451105],[148.22081333215183,-32.25116963955733],[148.22069911765166,-32.251119670450905],[148.2161519678544,-32.256866068100514],[148.21620907465527,-32.2569088992014],[148.2165017475715,-32.25663050238208],[148.21907242857228,-32.25338626782994],[148.22113469635994,-32.25441768036789],[148.22195045287617,-32.25398215173177],[148.22234337148987,-32.25377237106359],[148.21995821505317,-32.252264455451105]]],"crs":null},"id":111,"type":"Feature","properties":{"owner":"Agrigrain","hectares":4.41786821,"inlandrail":"Y","operator":"QUBE Holdings, Agrigrain","locality_name":"Narromine","imt":1,"kfr":null,"name":"Narromine Container Park","location":"NSW Regional","state":"NSW","SHAPE__Length":2426.106911584777,"objectid":111,"SHAPE__Area":61952.12351993,"status":"Operational"}},{"geometry":{"type":"Polygon","coordinates":[[[148.0118792341403,-32.057539116629876],[148.01405453694014,-32.05905827869064],[148.01746823563113,-32.05566330679416],[148.01774538026933,-32.055387693244],[148.01720205493092,-32.054981566308314],[148.0173325963114,-32.05485534839008],[148.01567649189803,-32.05364182327705],[148.01558055721554,-32.05376952144498],[148.0118792341403,-32.057539116629876]]],"crs":null},"id":112,"type":"Feature","properties":{"owner":"Robinson Grain Trading Company (RGT)","hectares":14.88671099,"inlandrail":null,"operator":"Robinson Grain Trading Company (RGT)","locality_name":"Trangie","imt":1,"kfr":"Y","name":"Trangie South Freight Terminal","location":"NSW Regional","state":"NSW","SHAPE__Length":1957.6327563437155,"objectid":112,"SHAPE__Area":207859.6846857,"status":"Operational"}},{"geometry":{"type":"Polygon","coordinates":[[[148.13170029427044,-32.991062351342784],[148.13080758627035,-32.99084644363147],[148.1307921100946,-32.9908862373207],[148.1297147758457,-32.99365724114395],[148.12925228450993,-32.9948467731998],[148.1287461018136,-32.99638040385925],[148.12797733886484,-32.998357462181694],[148.12791069015896,-32.998297152121644],[148.1278599182774,-32.99842779850176],[148.12779710178452,-32.99859600106149],[148.12843599798765,-32.999114241817615],[148.12864901189772,-32.99928705008953],[148.12875365754346,-32.999035987070144],[148.12884925086612,-32.99880675312659],[148.12899025133146,-32.99842779925515],[148.13080207420774,-32.993769610575384],[148.130900988602,-32.99323151897153],[148.1315731368437,-32.991528298564766],[148.1315326955879,-32.99148702385623],[148.13170029427044,-32.991062351342784]]],"crs":null},"id":113,"type":"Feature","properties":{"owner":"Evolution Mining (North Parkes)","hectares":8.80218204,"inlandrail":"Y","operator":"Evolution Mining","locality_name":"Goonumbla","imt":1,"kfr":null,"name":"Goonumbla Freight Terminal","location":"NSW Regional","state":"NSW","SHAPE__Length":2480.98233377852,"objectid":113,"SHAPE__Area":125472.49013904,"status":"Operational"}},{"geometry":{"type":"Polygon","coordinates":[[[153.0190550820348,-28.812824506655247],[153.02083544231664,-28.816259012447347],[153.02086883808568,-28.81631586377944],[153.02090150711757,-28.816373046439455],[153.02093344402257,-28.816430525008506],[153.02096465239387,-28.816488338052753],[153.0209950909089,-28.81654644700497],[153.02102480178868,-28.81660487075447],[153.02105378413466,-28.816663569947],[153.02108199842112,-28.81672254851752],[153.02110944644465,-28.816781804104256],[153.02113616413786,-28.81684131860417],[153.02116211646637,-28.816901110119378],[153.02118726480273,-28.81696114323125],[153.0212116819105,-28.817021433680708],[153.02123533455196,-28.817081966513086],[153.02125822003205,-28.81714272047694],[153.02128030331673,-28.817203678256437],[153.02130161854177,-28.817264876056367],[153.02132216840224,-28.817326276884103],[153.02134191606712,-28.81738786421079],[153.02136085794317,-28.817449654564594],[153.02137903535296,-28.817511610165873],[153.02139640877056,-28.81757377036768],[153.02141301772184,-28.817636078500904],[153.02142882178262,-28.817698553454804],[153.02144378591862,-28.81776117476544],[153.02145798558834,-28.817823964470314],[153.02147138036753,-28.817886864326372],[153.02148397205292,-28.817949893222952],[153.0214878464867,-28.817949446957595],[153.02148579742956,-28.817970928295036],[153.0215029166239,-28.81809184406588],[153.02152226094526,-28.818275549128987],[153.02157519417335,-28.81911194826753],[153.02163027347666,-28.819997095212145],[153.02172806677348,-28.821568656476618],[153.02229154581522,-28.821527252827885],[153.02226185919,-28.821012419940054],[153.0222376963055,-28.820597151137168],[153.02314275164923,-28.819576432629876],[153.03180135485633,-28.817870548477103],[153.0327233066122,-28.817688915831592],[153.03349652340822,-28.817645218703046],[153.0341982729351,-28.81419113955632],[153.0342085658316,-28.813851294511323],[153.03422378688583,-28.813349981454877],[153.0340631142141,-28.812704830754388],[153.03383980561082,-28.812143910809887],[153.0338136718226,-28.81207825339315],[153.03167612251926,-28.811662762420884],[153.03062360961997,-28.81146612523407],[153.03077895348542,-28.81080243883093],[153.0310815015815,-28.80951002858414],[153.02969840775938,-28.807513229835433],[153.0271118364595,-28.806033840872733],[153.02643574641036,-28.805349248337144],[153.02605746045438,-28.80529058527551],[153.02497191290882,-28.81090392821216],[153.02450814327037,-28.81330202902197],[153.02376967510617,-28.813274555321115],[153.0235749122678,-28.81352625130111],[153.0190550820348,-28.812824506655247]]],"crs":null},"id":114,"type":"Feature","properties":{"owner":"Casino Rail Freight Terminal Pty Ltd","hectares":124.52780324,"inlandrail":null,"operator":"Casino Rail Freight Terminal Pty Ltd","locality_name":"Casino","imt":1,"kfr":null,"name":"Casino Rail Freight Terminal (CRFT)","location":"NSW Regional","state":"NSW","SHAPE__Length":6493.500244719828,"objectid":114,"SHAPE__Area":1627926.158084805,"status":"Under Construction"}},{"geometry":{"type":"Polygon","coordinates":[[[153.02992196699256,-28.83156511849667],[153.03031452448352,-28.82963849071657],[153.03062619946292,-28.828108615214067],[153.03084326387653,-28.827007384385208],[153.0308464753537,-28.826991195884357],[153.02680910331048,-28.826368061033804],[153.02543433058275,-28.82615582883548],[153.02275092359025,-28.825741575320503],[153.02267901794332,-28.825730346330065],[153.02278004966666,-28.826145172040285],[153.0229788657037,-28.826932940083385],[153.02446207945923,-28.827160989286984],[153.02441835306442,-28.827351373299663],[153.02401666958852,-28.829389592036172],[153.02389406662024,-28.830011653469594],[153.02403747367214,-28.83066331692463],[153.02403805847544,-28.830665591262033],[153.02404214580997,-28.830666220836395],[153.02539461696242,-28.830872995671143],[153.02615440124995,-28.830989175452963],[153.02707066128016,-28.831129238691748],[153.02702211542388,-28.832407773407862],[153.02761695555049,-28.833863945912274],[153.0273499942144,-28.835162498113707],[153.0262597394968,-28.835432486931207],[153.0264815497101,-28.835774699446052],[153.02776156814156,-28.837010426102342],[153.02777657090513,-28.836936980474587],[153.02785292860264,-28.836563613556386],[153.02886963555295,-28.836724712380214],[153.02992196699256,-28.83156511849667]]],"crs":null},"id":115,"type":"Feature","properties":{"owner":"DB Schenker-Intermodal Pacific","hectares":46.65670829,"inlandrail":null,"operator":null,"locality_name":"Casino","imt":1,"kfr":null,"name":"Pacific Intermodal and Industrial Hub","location":"NSW Regional","state":"NSW","SHAPE__Length":4386.187497112236,"objectid":115,"SHAPE__Area":610122.659025075,"status":"Proposed"}},{"geometry":{"type":"Polygon","coordinates":[[[147.41397176146234,-35.073082672956396],[147.4139838438029,-35.072880727515134],[147.41397245496177,-35.07270582820365],[147.41394887598216,-35.072515628921636],[147.4136391368722,-35.07322861938127],[147.4135845705069,-35.07322112771669],[147.41298578767453,-35.07461282604447],[147.41274120067715,-35.07518129425384],[147.41253920999392,-35.07558557539153],[147.41232594006402,-35.07594384519459],[147.4126680921861,-35.07608154154908],[147.41271291272886,-35.0760997091166],[147.41280817726815,-35.07592954533935],[147.41290304115876,-35.07575568180728],[147.41300126295192,-35.07555688145037],[147.41312065534134,-35.07529551322051],[147.41391496817346,-35.07346256997133],[147.41395668863024,-35.07329656999729],[147.41397176146234,-35.073082672956396]]],"crs":null},"id":116,"type":"Feature","properties":{"owner":"LINX Cargo Care Group","hectares":1.36129638,"inlandrail":"Y","operator":"LINX","locality_name":"Bomen","imt":1,"kfr":"Y","name":"Wagga Freight Terminal","location":"NSW Regional","state":"NSW","SHAPE__Length":1065.9189669644275,"objectid":116,"SHAPE__Area":20370.897041065,"status":"Operational"}},{"geometry":{"type":"Polygon","coordinates":[[[147.42823132632998,-35.046969461301096],[147.4284730306336,-35.04619882562206],[147.42851080838457,-35.04603802347294],[147.42873130436266,-35.045273861993564],[147.42898337342797,-35.04451632423959],[147.42926672272984,-35.04376631501513],[147.42958098845054,-35.043024669285806],[147.4299258031791,-35.04229229118005],[147.43030080579277,-35.041570014249245],[147.43070555342211,-35.04085863382543],[147.43113957534993,-35.04015907397571],[147.43117570918392,-35.040105443098966],[147.4284317126221,-35.0397729607388],[147.4282139178781,-35.03974441528402],[147.42728740088398,-35.04485330224408],[147.42704057348828,-35.04560086421937],[147.42655667170595,-35.04536830394214],[147.42390980907751,-35.045029552681875],[147.4206455756768,-35.061503505023836],[147.4229199797205,-35.06182233411183],[147.42324794474928,-35.06168230852802],[147.42331809778304,-35.061644605190594],[147.42349800607994,-35.06154094886446],[147.42365400751217,-35.06145784708885],[147.42394195618832,-35.06129047782513],[147.4239480871901,-35.06128638879279],[147.4242253773554,-35.06111161905011],[147.42441576180514,-35.06097534967147],[147.42442353672388,-35.06096979809554],[147.42456552174278,-35.06086817845393],[147.42476660063593,-35.06072422982382],[147.42493939068257,-35.060569810102024],[147.4253597618113,-35.060194112021435],[147.4258784265985,-35.05962997340282],[147.42634197704808,-35.05900110238567],[147.42671146670082,-35.058347034799425],[147.4269952166513,-35.057664163942],[147.42719308316904,-35.05697518695937],[147.42729743776061,-35.056250541873304],[147.42743051688174,-35.053003495589884],[147.42758458334288,-35.049234638456845],[147.42768298749408,-35.04824461182098],[147.42769211258073,-35.048153072972774],[147.4277993498661,-35.04751310198728],[147.42786767752324,-35.047105362067384],[147.42820468229868,-35.04712861792452],[147.42823132632998,-35.046969461301096]]],"crs":null},"id":117,"type":"Feature","properties":{"owner":"Wagga Wagga City Council (Visy Logisitics)","hectares":92.8463305,"inlandrail":"Y","operator":"Visy Logistics","locality_name":"Bomen (Wagga Wagga)","imt":1,"kfr":"Y","name":"Riverina Intermodal Freight and Logistics Hub (RiFL Hub)","location":"NSW Regional","state":"NSW","SHAPE__Length":7266.102140782497,"objectid":117,"SHAPE__Area":1388634.579871375,"status":"Operational"}},{"geometry":{"type":"Polygon","coordinates":[[[150.34347733839323,-34.50604263804007],[150.34259896750507,-34.5107819278751],[150.34227223406657,-34.51199199131905],[150.33730347705858,-34.514062306063224],[150.3443425489625,-34.51712637527291],[150.34566755143015,-34.52023184878469],[150.3458745825604,-34.52250919631599],[150.3492907650932,-34.53259705509815],[150.34971843413535,-34.53242507805782],[150.35045803417674,-34.53368428085662],[150.35326243794984,-34.5325886001915],[150.3529502895583,-34.53426473738258],[150.35494862873873,-34.53542681565087],[150.35633610274618,-34.53372294646048],[150.35622419422137,-34.53361122546847],[150.3575206365512,-34.5329272250068],[150.35804718495334,-34.5336107074499],[150.35694594473807,-34.53419171802477],[150.35749782383456,-34.53489969421104],[150.35916492542364,-34.53377480299464],[150.36055301926865,-34.535176214450345],[150.36566250814562,-34.53157798364039],[150.36690354598207,-34.527167953600376],[150.3790858277221,-34.5299844836121],[150.37957075897367,-34.52729055283291],[150.36943477117887,-34.52503498329888],[150.37019638533468,-34.52175614586333],[150.36774553330457,-34.52122786838772],[150.3652496577124,-34.52056511858524],[150.36574463482387,-34.5182491213711],[150.36838059190475,-34.51885310999728],[150.36901558223306,-34.51874510759782],[150.374846491945,-34.51950407021877],[150.3812059110814,-34.52016156158371],[150.38069474543022,-34.52752666922777],[150.38010584855746,-34.52920389778053],[150.37985415768287,-34.53024707973317],[150.38054049032283,-34.5307633000631],[150.38029393242175,-34.53165224338394],[150.37960295100018,-34.533065773798825],[150.37884871470786,-34.53437202181924],[150.37823529652283,-34.535539796662675],[150.37751339868242,-34.536956323185564],[150.3793586200227,-34.537478929491726],[150.3799278366041,-34.53745950395519],[150.38060060468334,-34.53627073181886],[150.38092465126087,-34.5362096445568],[150.38162245987863,-34.53446550180536],[150.38305744488318,-34.535013906581604],[150.38396838419197,-34.53360609190419],[150.38426122688978,-34.53178612832801],[150.38470364267562,-34.53061058282266],[150.38513956364196,-34.527859706319745],[150.38552730706127,-34.5193684987047],[150.3847835909392,-34.51827931853787],[150.38470669964252,-34.51734443736346],[150.38483792014935,-34.51555293834002],[150.38145532832004,-34.51508505001534],[150.35941348117794,-34.512291460296304],[150.36020558056117,-34.508450134182],[150.34347733839323,-34.50604263804007]]],"crs":null},"id":118,"type":"Feature","properties":{"owner":"Wingecarribee Shire Council","hectares":757.3753674,"inlandrail":null,"operator":null,"locality_name":"Moss Vale","imt":1,"kfr":"Y","name":"Southern Highlands Intermodal and Logistics Hub","location":"NSW Regional","state":"NSW","SHAPE__Length":25570.114776106693,"objectid":118,"SHAPE__Area":1.1183909023379184E7,"status":"Proposed"}},{"geometry":{"type":"Polygon","coordinates":[[[146.7334698506094,-31.54590030529225],[146.73308425685858,-31.545931432330548],[146.733200945319,-31.547237515306765],[146.73064988442235,-31.547447601038684],[146.73068910396935,-31.547900373440463],[146.72697079465038,-31.548346894515326],[146.72703254663958,-31.54865880774617],[146.73071282039112,-31.548174162510545],[146.73964206533216,-31.547469909184496],[146.7395830765607,-31.546806595549718],[146.73357079429792,-31.547204297979587],[146.7334698506094,-31.54590030529225]]],"crs":null},"id":119,"type":"Feature","properties":{"owner":"Aurelia Metals Ltd/Straits Resources Ltd","hectares":8.41710273,"inlandrail":null,"operator":"Aurelia Metals Ltd/Straits Resources Ltd","locality_name":"Hermidale","imt":1,"kfr":"Y","name":"Hermidale Freight Terminal (Hera & Tritton Mines)","location":"NSW Regional","state":"NSW","SHAPE__Length":3359.844001146449,"objectid":119,"SHAPE__Area":116247.23170582,"status":"Operational"}},{"geometry":{"type":"Polygon","coordinates":[[[144.73355344321732,-37.801213281787504],[144.7338135432213,-37.79928504500194],[144.734465980629,-37.79457218883467],[144.73134161761294,-37.79429078540738],[144.72532087142358,-37.793753008138935],[144.7253194844248,-37.79375287894292],[144.71644724747003,-37.79291830543358],[144.70714124640392,-37.79208863631663],[144.70713858289912,-37.79208839637569],[144.7070674066842,-37.79208195772443],[144.69772375902116,-37.79120942442056],[144.69099781107926,-37.79063148282305],[144.68879113012653,-37.79043319872149],[144.68448876585418,-37.79004651220568],[144.67990579034503,-37.78963190796145],[144.67061413357735,-37.788486739482735],[144.6661195972079,-37.78792938995462],[144.6617594910258,-37.78739899437674],[144.66099514329665,-37.79211560552775],[144.6602261611589,-37.79686017144441],[144.65992189638226,-37.79873710822828],[144.6595831767229,-37.800850547828574],[144.66847764069274,-37.801875892457055],[144.6778467151699,-37.802922011608175],[144.6867188793611,-37.80393405477271],[144.69173437930652,-37.804466893193734],[144.69606583372268,-37.80492959632417],[144.70492452677792,-37.80593218577194],[144.70897485881582,-37.806763983368135],[144.7144809179581,-37.807221395907554],[144.72337990853862,-37.807961767001565],[144.73256283232595,-37.80871363034092],[144.73317738328655,-37.804001231682655],[144.73355344321732,-37.801213281787504]]],"crs":null},"id":120,"type":"Feature","properties":{"owner":null,"hectares":995.65644093,"inlandrail":null,"operator":null,"locality_name":"Truganina","imt":1,"kfr":"Y","name":"Western Interstate Freight Terminal (WIFT)","location":"Melbourne Metro","state":"VIC","SHAPE__Length":20275.639222308586,"objectid":120,"SHAPE__Area":1.5973242899327775E7,"status":"Proposed"}},{"geometry":{"type":"Polygon","coordinates":[[[150.77186010101795,-33.76127120386427],[150.77278138083403,-33.76146159215741],[150.77379383426148,-33.761670822303024],[150.77427494048663,-33.761549814195945],[150.77482072451392,-33.761403220529296],[150.77484039761865,-33.761275218788235],[150.7748497418942,-33.76121592545216],[150.7748516400344,-33.76120397477127],[150.77465205863282,-33.76125586858571],[150.77378883334032,-33.76148032842595],[150.77191269647955,-33.76109393686824],[150.7711461245217,-33.760926845019576],[150.77070184652828,-33.76069008196792],[150.7706118012008,-33.759538716012315],[150.77052982274463,-33.758490764871695],[150.77081536303749,-33.75534119567369],[150.7709662898867,-33.75515384552604],[150.77019373065752,-33.754685073639166],[150.77038301916258,-33.754449846117616],[150.77064618421832,-33.75412289592419],[150.76972809970977,-33.75360746763637],[150.76965542869823,-33.75356549163667],[150.7693524053933,-33.75323693075565],[150.76916107322094,-33.7528273407607],[150.76911953602055,-33.752423208653774],[150.76911241777023,-33.75235573958844],[150.76916545340626,-33.75206695492703],[150.76921115160312,-33.75181679629427],[150.76939197258835,-33.75082736191982],[150.7693878115919,-33.75074100360402],[150.7661376332321,-33.75203498519532],[150.76448184682232,-33.749125269190635],[150.7641707566462,-33.749330711151174],[150.76440954142515,-33.74982079515112],[150.76576274111122,-33.75219765628013],[150.7662016175349,-33.75296727408373],[150.7663008607125,-33.75314130441269],[150.7665031065173,-33.75349589482968],[150.7676357024275,-33.75548183218356],[150.76767993906535,-33.755613848802355],[150.76811374180423,-33.75647130471027],[150.76842983110492,-33.75737663907098],[150.7690211687003,-33.759399466318094],[150.76930838614774,-33.76018691807607],[150.76995334058915,-33.76094142232806],[150.77034392807468,-33.76114658802959],[150.77105713651136,-33.7610955836178],[150.77186010101795,-33.76127120386427]]],"crs":null},"id":121,"type":"Feature","properties":{"owner":"Australian Container Freight Services (ACFS) Port Logistics","hectares":26.92829231,"inlandrail":null,"operator":"Australian Container Freight Services (ACFS) Port Logistics","locality_name":"St Marys","imt":1,"kfr":null,"name":"St Mary's IMT","location":"Sydney Metro","state":"NSW","SHAPE__Length":5120.571444983775,"objectid":121,"SHAPE__Area":390562.512411365,"status":"Operational"}},{"geometry":{"type":"Polygon","coordinates":[[[146.1842135805323,-34.24774178912689],[146.19857927865579,-34.245891572336205],[146.19849599854072,-34.24567742250151],[146.19806769528805,-34.24547516748186],[146.1969493475565,-34.245356195242664],[146.18404077341768,-34.24700991842283],[146.1842135805323,-34.24774178912689]]],"crs":null},"id":122,"type":"Feature","properties":{"owner":null,"hectares":10.68859387,"inlandrail":null,"operator":null,"locality_name":"Yenda","imt":1,"kfr":null,"name":"Yenda IMT","location":"NSW Regional","state":"NSW","SHAPE__Length":3383.750156488238,"objectid":122,"SHAPE__Area":156804.936670705,"status":"Proposed"}},{"geometry":{"type":"Polygon","coordinates":[[[149.1560614585859,-35.320530677268714],[149.1550875491723,-35.31965579052674],[149.15308438064886,-35.31898136373865],[149.1529298758099,-35.31912678035316],[149.15269357577108,-35.3191813100502],[149.15254816098445,-35.3191813100502],[149.1499579443212,-35.31827246279401],[149.14928214263122,-35.317736966154925],[149.14908062356355,-35.31771511430958],[149.14943990116817,-35.31812704684221],[149.1497489099478,-35.31837243652153],[149.15045781096273,-35.31867235549651],[149.15559279851905,-35.32039007802008],[149.1560614585859,-35.320530677268714]]],"crs":null},"id":123,"type":"Feature","properties":{"owner":null,"hectares":2.33754177,"inlandrail":null,"operator":null,"locality_name":"Kingston","imt":1,"kfr":null,"name":"Canberra Rail Freight Yard","location":"ACT","state":"ACT","SHAPE__Length":1792.8803634115498,"objectid":123,"SHAPE__Area":35188.44825638,"status":"Closed"}},{"geometry":{"type":"Polygon","coordinates":[[[149.25073281240634,-33.525921726939515],[149.2510608753515,-33.526118955327426],[149.25117355013924,-33.526183150367615],[149.2513860529079,-33.5263041946918],[149.2513954403026,-33.526309572288845],[149.25162213106287,-33.52635025884341],[149.2520135539816,-33.52640341620884],[149.25237598197796,-33.52638891820415],[149.2529317049655,-33.526330929905434],[149.25347776297903,-33.526301936864755],[149.2538643529615,-33.52631643338631],[149.25388924976957,-33.52618696883386],[149.25394405957834,-33.52619437511522],[149.25398516199417,-33.52594434050313],[149.25391750897182,-33.52605548589153],[149.25381119695118,-33.52608931145068],[149.2507619690255,-33.52569305605304],[149.25075314307787,-33.52576253318517],[149.25073281240634,-33.525921726939515]]],"crs":null},"id":124,"type":"Feature","properties":{"owner":"Newcrest","hectares":1.32484559,"inlandrail":null,"operator":"Newcrest Mining","locality_name":"Blayney","imt":1,"kfr":null,"name":"Blayney Newcrest Container Terminal","location":"NSW Regional","state":"NSW","SHAPE__Length":827.7697894390044,"objectid":124,"SHAPE__Area":19114.390202975,"status":"Operational"}},{"geometry":{"type":"Polygon","coordinates":[[[147.7641083127729,-31.770871048482714],[147.7663564985867,-31.771774086352007],[147.76681742326062,-31.771012148778578],[147.76754173487421,-31.769761065628433],[147.76550049485073,-31.768839215797733],[147.76655403811762,-31.767066064623638],[147.7664411594123,-31.767028438789158],[147.7641083127729,-31.770871048482714]]],"crs":null},"id":125,"type":"Feature","properties":{"owner":"Australian Food & Fibre (AFF)","hectares":6.25019693,"inlandrail":null,"operator":"Australian Food & Fibre (AFF)","locality_name":"Snakes Plain","imt":1,"kfr":"Y","name":"AFF Warren Warehouses","location":"NSW Regional","state":"NSW","SHAPE__Length":1668.6763879110456,"objectid":125,"SHAPE__Area":86734.265288505,"status":"Operational"}},{"geometry":{"type":"Polygon","coordinates":[[[149.77667867132806,-30.30850984399253],[149.77811801136514,-30.309409998406267],[149.77841220153584,-30.308887170849626],[149.77903843239176,-30.30812763367684],[149.77904449062999,-30.308122398801128],[149.77980117303485,-30.307468645937867],[149.7803390366163,-30.307137458555708],[149.78173508773804,-30.306312507141094],[149.78186032007522,-30.306238230220973],[149.78203533794374,-30.306135609893072],[149.78210027176573,-30.30609722312017],[149.78216261304974,-30.30606035176374],[149.7820641361351,-30.30588600796285],[149.78185280117623,-30.30584366188307],[149.78175665898297,-30.30582429239025],[149.78157861289364,-30.305788420622385],[149.78148663349344,-30.305769994970056],[149.7814367958598,-30.305759986422313],[149.77770182818222,-30.307288360099],[149.77667867132806,-30.30850984399253]]],"crs":null},"id":126,"type":"Feature","properties":{"owner":"Louis Dreyfus Company (LDC)","hectares":6.540509,"inlandrail":"Y","operator":"Louis Dreyfus Company (LDC)","locality_name":"Narrabri","imt":1,"kfr":"Y","name":"Narrabri IMT","location":"NSW Regional","state":"NSW","SHAPE__Length":1583.8359278494509,"objectid":126,"SHAPE__Area":88043.12744184,"status":"Operational"}},{"geometry":{"type":"Polygon","coordinates":[[[151.21935004770222,-33.957084293334994],[151.219111957321,-33.95877210322104],[151.21976983312948,-33.958872429169716],[151.21990269395997,-33.95789535186087],[151.2200989902226,-33.95791346240704],[151.2211463575719,-33.959073098594445],[151.22117486470913,-33.95908900862254],[151.22146456150674,-33.9594174133508],[151.22170969917144,-33.9592297935771],[151.22137000214502,-33.95882422283735],[151.2212098495979,-33.95886426066532],[151.2201543084778,-33.95761944906834],[151.21985220594604,-33.957120795676246],[151.2196301774421,-33.95663306203419],[151.2193649031421,-33.95666708183982],[151.21937139975822,-33.95676603776719],[151.21937165577808,-33.956865160485265],[151.21936570623598,-33.95696413481011],[151.21935004770222,-33.957084293334994]]],"crs":null},"id":127,"type":"Feature","properties":{"owner":"Veolia","hectares":1.94462741,"inlandrail":null,"operator":"Veolia","locality_name":"Banksmeadow","imt":1,"kfr":"Y","name":"Banksmeadow Transfer Terminal (BTT)","location":"Sydney Metro","state":"NSW","SHAPE__Length":1266.5293443975877,"objectid":127,"SHAPE__Area":28337.418149355,"status":"Operational"}},{"geometry":{"type":"Polygon","coordinates":[[[151.2193608328755,-33.956316399335115],[151.2196301774421,-33.95663306203419],[151.21977419894168,-33.95694943594056],[151.21985220594604,-33.957120795676246],[151.21994145446786,-33.957268109575054],[151.2201543084778,-33.95761944906834],[151.2212098495979,-33.95886426066532],[151.22137000214502,-33.95882422283735],[151.22170969917144,-33.9592297935771],[151.22179624017093,-33.9591641000704],[151.22226380519146,-33.95881093550489],[151.2197840372907,-33.95605708380437],[151.2193608328755,-33.956316399335115]]],"crs":null},"id":128,"type":"Feature","properties":{"owner":"Veolia","hectares":2.69138284,"inlandrail":null,"operator":"Veolia","locality_name":"Banksmeadow","imt":1,"kfr":"Y","name":"Banksmeadow Container Terminal","location":"Sydney Metro","state":"NSW","SHAPE__Length":1089.353001030955,"objectid":128,"SHAPE__Area":39219.18675104,"status":"Operational"}},{"geometry":{"type":"Polygon","coordinates":[[[146.36268340426597,-41.1884662101622],[146.36250195984994,-41.18851133548554],[146.36273665819263,-41.189473028631184],[146.36289694009722,-41.19103577842651],[146.36310301631835,-41.19149372787183],[146.36475735733882,-41.19207761208106],[146.36482873657297,-41.191975816377735],[146.36493449792633,-41.1914338544107],[146.36455364099197,-41.19139525309849],[146.3646829409007,-41.19108157324481],[146.3648088766187,-41.19097281117509],[146.36422499234527,-41.189965323535766],[146.36371373776086,-41.19012592357587],[146.36268340426597,-41.1884662101622]]],"crs":null},"id":129,"type":"Feature","properties":{"owner":"TasRail/TasPorts","hectares":3.53760348,"inlandrail":null,"operator":"TasRail/TasPorts, QUBE Holdings","locality_name":"Devonport","imt":1,"kfr":null,"name":"Devonport IMT","location":"Tas Regional","state":"TAS","SHAPE__Length":1378.7157395475247,"objectid":129,"SHAPE__Area":62526.10182274,"status":"Operational"}},{"geometry":{"type":"Polygon","coordinates":[[[146.84163028337997,-41.121081272723494],[146.84224343117208,-41.12157074870121],[146.84316507570418,-41.12050907218044],[146.84325286895515,-41.121084752418625],[146.8436368843661,-41.12150367875255],[146.8444747394384,-41.121817875131704],[146.84832653930684,-41.12344703506547],[146.84894329293647,-41.123668136246856],[146.84965314257235,-41.12376123161445],[146.85030480653057,-41.12398233173725],[146.85322565711732,-41.125052922808564],[146.85390642379585,-41.12553602669673],[146.85410184689601,-41.12541940381553],[146.85348166799014,-41.12495982927338],[146.84978114711043,-41.123668136246856],[146.84902475126816,-41.123458672202005],[146.84693011718088,-41.122679002498536],[146.8439976280213,-41.1212825790762],[146.84359033726136,-41.12079383045684],[146.8434856062756,-41.12036326664559],[146.84660428475252,-41.116732566007684],[146.84630172677498,-41.11654637617982],[146.84724431283294,-41.115487421599575],[146.84676457294535,-41.115117388198826],[146.84638742695142,-41.115612754649334],[146.84628084094462,-41.11579473352626],[146.84163028337997,-41.121081272723494]]],"crs":null},"id":130,"type":"Feature","properties":{"owner":"TasRail","hectares":8.35045502,"inlandrail":null,"operator":"TasRail","locality_name":"George Town","imt":1,"kfr":null,"name":"George Town Freight Terminal","location":"Tas Regional","state":"TAS","SHAPE__Length":5208.03420481776,"objectid":130,"SHAPE__Area":147276.116443415,"status":"Operational"}},{"geometry":{"type":"Polygon","coordinates":[[[147.4335528023427,-41.82898732841963],[147.43398272346124,-41.828505975658594],[147.4318260616019,-41.82669018387103],[147.43190472437632,-41.8266311875178],[147.43138030767645,-41.826191988503645],[147.43129508989531,-41.826290316403366],[147.4280043777533,-41.823917330641294],[147.42759344701977,-41.824267026619836],[147.4335528023427,-41.82898732841963]]],"crs":null},"id":131,"type":"Feature","properties":{"owner":"TasRail","hectares":4.63272481,"inlandrail":null,"operator":"TasRail","locality_name":"Conara","imt":1,"kfr":null,"name":"Conara Freight Terminal","location":"Tas Regional","state":"TAS","SHAPE__Length":2113.716230946856,"objectid":131,"SHAPE__Area":83492.775451285,"status":"Operational"}},{"geometry":{"type":"Polygon","coordinates":[[[147.1570733145129,-41.42865416618084],[147.15696531186293,-41.42859759426381],[147.15278715674665,-41.42964807860461],[147.15322351339586,-41.430881529039205],[147.15324490318108,-41.430917531150705],[147.15328231531774,-41.43094450342332],[147.1533194355019,-41.43095345780858],[147.15336612004887,-41.430953401233275],[147.15618318916918,-41.43090459897687],[147.15626564283417,-41.430355019955485],[147.15746773241477,-41.430533526457104],[147.15770669865344,-41.43036206768314],[147.15895755417753,-41.42992798375051],[147.15867778106877,-41.429705188428805],[147.15860751844053,-41.42964922562405],[147.1585046245096,-41.429572525473695],[147.15796833118327,-41.42917270297024],[147.1578767892626,-41.429115779246615],[147.15783317246226,-41.429088620318666],[147.15746262369572,-41.428858128978035],[147.1573777966818,-41.42881369168966],[147.1573671759002,-41.42880812355573],[147.1570939003059,-41.42866495156087],[147.1570733145129,-41.42865416618084]]],"crs":null},"id":132,"type":"Feature","properties":{"owner":"TasRail/Toll Group","hectares":8.34265946,"inlandrail":null,"operator":"TasRail/Toll Group","locality_name":"Launceston","imt":1,"kfr":null,"name":"Launceston Freight Terminal","location":"Tas Regional","state":"TAS","SHAPE__Length":1721.5296314910456,"objectid":132,"SHAPE__Area":148532.50649421,"status":"Operational"}},{"geometry":{"type":"MultiPolygon","coordinates":[[[[134.7290773989621,-14.737435904315353],[134.728653360012,-14.736553144486525],[134.72806446852917,-14.736847516891482],[134.72850768830722,-14.737701920031718],[134.7290773989621,-14.737435904315353]]],[[[134.7357185360597,-14.728614506403657],[134.73540810345034,-14.728035274027892],[134.73523847367696,-14.72818619578869],[134.73496070560796,-14.72837285199564],[134.7346114064895,-14.728541470933504],[134.73492150312893,-14.728993423395554],[134.7357185360597,-14.728614506403657]]]],"crs":null},"id":133,"type":"Feature","properties":{"owner":"Roper Gulf Regional Council","hectares":1.36598254,"inlandrail":null,"operator":"Ngukurr Community","locality_name":"Ngukurr","imt":1,"kfr":"Y","name":"Ngukurr Freight Hub","location":"NT Regional","state":"NT","SHAPE__Length":709.4491042726578,"objectid":133,"SHAPE__Area":14690.0996514,"status":"Operational"}},{"geometry":{"type":"Polygon","coordinates":[[[135.72532874101995,-14.283540706789406],[135.72493793524382,-14.283260265654638],[135.72483351148196,-14.283096771752222],[135.72445765636704,-14.282618411726338],[135.72445338577617,-14.282938742158876],[135.7244234880469,-14.283562318947133],[135.72447622544232,-14.283803592178419],[135.72460785019095,-14.283854351000887],[135.72471176640474,-14.283993210582162],[135.72472246264482,-14.284352467967627],[135.72479343853544,-14.284450914081978],[135.72490876245493,-14.284473546427238],[135.72497762281304,-14.28444809091484],[135.72494545324446,-14.284316689550636],[135.72558482465632,-14.284310361578251],[135.725715056118,-14.284551232687964],[135.72594467718272,-14.284436254157194],[135.7258205776212,-14.284255842985237],[135.72613531765234,-14.284111524390097],[135.7259263910768,-14.283702748300724],[135.72585072598045,-14.28371353347898],[135.72532874101995,-14.283540706789406]]],"crs":null},"id":134,"type":"Feature","properties":{"owner":"Roper Gulf Regional Council","hectares":1.73576584,"inlandrail":null,"operator":"Numbulwar Community","locality_name":"Numbulwar","imt":1,"kfr":null,"name":"Numbulwar Freight Hub","location":"NT Regional","state":"NT","SHAPE__Length":726.6667502630189,"objectid":134,"SHAPE__Area":18592.1660638,"status":"Operational"}},{"geometry":{"type":"Polygon","coordinates":[[[145.90738955106178,-41.05670523236854],[145.90817152643174,-41.05700802821296],[145.90880556095252,-41.05490436459517],[145.90877385940615,-41.05439437639034],[145.90863648543967,-41.0540756303998],[145.90852024613685,-41.05359751021177],[145.90847797680942,-41.05339032369524],[145.90836173660836,-41.05331860409143],[145.9083089012966,-41.05374094670077],[145.90770656832214,-41.05554981452664],[145.90738955106178,-41.05670523236854]]],"crs":null},"id":135,"type":"Feature","properties":{"owner":"Toll Group/TasRail/TasPorts","hectares":2.3323798,"inlandrail":null,"operator":"TasRail/TasPorts","locality_name":"Burnie","imt":1,"kfr":"Y","name":"Burnie ITM","location":"Tas Regional","state":"TAS","SHAPE__Length":1172.7171117870394,"objectid":135,"SHAPE__Area":41055.89213713,"status":"Operational"}},{"geometry":{"type":"Polygon","coordinates":[[[146.4260704567014,-38.23993080532908],[146.4251833029847,-38.24020562181262],[146.42522473148898,-38.240288815432756],[146.42180252754892,-38.241346330326245],[146.42238813299443,-38.24195553586541],[146.42278445083315,-38.24220493404853],[146.42341079128352,-38.24242058913594],[146.42365132508235,-38.24250339499943],[146.42473731010742,-38.24287729793509],[146.42723296022237,-38.244389969596256],[146.4278570000873,-38.244594543033465],[146.43071677601455,-38.24496587491411],[146.43250381437218,-38.244964006015266],[146.43358746287922,-38.24468772735092],[146.43612859290045,-38.243124496644555],[146.43676325444522,-38.24269712688089],[146.43694188623613,-38.242624256565584],[146.43752949851796,-38.240394803340344],[146.43772232908023,-38.23998127260202],[146.43810437448573,-38.23803374019176],[146.4380619228004,-38.23770639979145],[146.43804007846762,-38.23753796176627],[146.43800032801624,-38.23723145227287],[146.43796282874303,-38.23694229615474],[146.437797792954,-38.23699346615139],[146.42747331345979,-38.24018754684446],[146.42668060591708,-38.240432745984535],[146.42638086775125,-38.23983464803073],[146.4260704567014,-38.23993080532908]]],"crs":null},"id":136,"type":"Feature","properties":{"owner":"Latrobe City Council","hectares":69.47997072,"inlandrail":null,"operator":null,"locality_name":"Morwell","imt":1,"kfr":null,"name":"Gippsland Logisitic Precinct (GLP)","location":"Vic Regional","state":"VIC","SHAPE__Length":4777.686807679498,"objectid":136,"SHAPE__Area":1128126.40593173,"status":"Proposed"}},{"geometry":{"type":"Polygon","coordinates":[[[146.1830071682585,-34.3435411525032],[146.18319122407706,-34.34253645629968],[146.1688887341119,-34.33883725041324],[146.16857911986776,-34.33969624320034],[146.1830071682585,-34.3435411525032]]],"crs":null},"id":137,"type":"Feature","properties":{"owner":"Colin Rees Group","hectares":14.61364448,"inlandrail":null,"operator":null,"locality_name":"Widgelli","imt":1,"kfr":null,"name":"Widgelli Intermodal Rail Hub","location":"NSW Regional","state":"NSW","SHAPE__Length":3613.953398583156,"objectid":137,"SHAPE__Area":214874.396133935,"status":"Proposed"}},{"geometry":{"type":"Polygon","coordinates":[[[145.7288956381054,-33.994226110573905],[145.7273566650219,-33.99311764990028],[145.72682782861077,-33.99356103635191],[145.72599595182677,-33.9941965521777],[145.72626334076094,-33.994433022038464],[145.72600189328404,-33.99460544725338],[145.7254492883488,-33.99500941438063],[145.7270357975822,-33.996231156058045],[145.72756463399332,-33.995743446385106],[145.73023258277647,-33.99777308814479],[145.73183691728002,-33.99629519882027],[145.7309931566831,-33.9956941840103],[145.73265691114946,-33.994147288161216],[145.7326925634865,-33.99407831700051],[145.73270444729934,-33.99398471484208],[145.73252024595374,-33.991684019634135],[145.73251430449645,-33.99138842338665],[145.73254401447787,-33.991220917098936],[145.73263314352366,-33.991082972205085],[145.73237169604676,-33.990954878774616],[145.7288956381054,-33.994226110573905]]],"crs":null},"id":138,"type":"Feature","properties":{"owner":"GrainCorp","hectares":22.27255573,"inlandrail":null,"operator":"GrainCorp","locality_name":"Goolgowi","imt":1,"kfr":null,"name":"Goolgowi Grain Terminal","location":"NSW Regional","state":"NSW","SHAPE__Length":3035.4497455724977,"objectid":138,"SHAPE__Area":324836.46158319,"status":"Operational"}},{"geometry":{"type":"Polygon","coordinates":[[[143.16607255234584,-35.85261294610118],[143.17240972380588,-35.85344885212623],[143.17307465138933,-35.84967621077444],[143.16941076380684,-35.84579339179377],[143.1675245388654,-35.84430841042551],[143.16607255234584,-35.85261294610118]]],"crs":null},"id":139,"type":"Feature","properties":{"owner":"Louis Dreyfus Company (LDC)","hectares":40.20875165,"inlandrail":null,"operator":"Louis Dreyfus Company (LDC)","locality_name":"Nullawil","imt":1,"kfr":"Y","name":"Nullawil Grain Facility","location":"Vic Regional","state":"VIC","SHAPE__Length":3354.075359407246,"objectid":139,"SHAPE__Area":613302.39491912,"status":"Operational"}},{"geometry":{"type":"Polygon","coordinates":[[[141.47468526016306,-31.95586578554816],[141.47469872411256,-31.95607425782741],[141.4760316119918,-31.95601714237992],[141.47652303087636,-31.95600000857715],[141.47675190993272,-31.956005719591033],[141.47688317984682,-31.956028565167383],[141.4770245468248,-31.956059979921605],[141.47712888883999,-31.956097104911063],[141.47737796382046,-31.956228470958845],[141.47878153563784,-31.957162310342007],[141.47952876057937,-31.957670633820474],[141.4795927125428,-31.95772203733294],[141.4796196404417,-31.957759161650614],[141.47964656654403,-31.957827700102886],[141.47967349444303,-31.958398845531352],[141.4797744695725,-31.958287472546857],[141.47978120244557,-31.958098994529],[141.4798081285479,-31.95792765033292],[141.4798283244721,-31.957839122665167],[141.4798215924974,-31.957770584983603],[141.4798081285479,-31.95769919141561],[141.47978120244557,-31.95765064372721],[141.47975427454662,-31.957616374441447],[141.47973071353334,-31.95758496098171],[141.4796768595321,-31.957544980753582],[141.47955232249095,-31.9574621644025],[141.47793333377015,-31.956388395583616],[141.47751933169675,-31.956108527688603],[141.47739815974467,-31.956031421816768],[141.477250060792,-31.95595431588015],[141.47712888883999,-31.955897198833707],[141.4770380107743,-31.955862928893662],[141.47694039983548,-31.95583437148974],[141.47682932584556,-31.955814380996824],[141.47670478880443,-31.95579438973739],[141.47654659188964,-31.955780111788076],[141.47546277899096,-31.955825803809525],[141.47468526016306,-31.95586578554816]]],"crs":null},"id":140,"type":"Feature","properties":{"owner":"Toll Intermodal-Cristal Mining Australia","hectares":1.2210015,"inlandrail":null,"operator":"Broken Hill Mines Ltd (Rasp Mine)","locality_name":"Broken Hill","imt":1,"kfr":"Y","name":"Broken Hill Hub","location":"NSW Regional","state":"NSW","SHAPE__Length":1490.7578675664636,"objectid":140,"SHAPE__Area":17011.8168803,"status":"Operational"}},{"geometry":{"type":"Polygon","coordinates":[[[148.69245275599278,-33.18673518454435],[148.69243537538864,-33.18715118692474],[148.6939787600985,-33.18731409632545],[148.69403785397282,-33.18709591466792],[148.69428813269582,-33.18695627652816],[148.6942985612379,-33.18677882155008],[148.69403090191082,-33.18676427588393],[148.69403090191082,-33.18674973021532],[148.6935529388909,-33.18673954944876],[148.6935512015491,-33.18676136644968],[148.69245275599278,-33.18673518454435]]],"crs":null},"id":141,"type":"Feature","properties":{"owner":"Manildra Group","hectares":0.86615271,"inlandrail":null,"operator":"MSM Milling","locality_name":"Manildra","imt":1,"kfr":null,"name":"Manildra Freight","location":"NSW Regional","state":"NSW","SHAPE__Length":525.6676455378816,"objectid":141,"SHAPE__Area":12400.289582885,"status":"Operational"}},{"geometry":{"type":"Polygon","coordinates":[[[147.76164038736246,-31.774874344047795],[147.76068016288392,-31.776482701652185],[147.76086555270072,-31.77656352266259],[147.76062311986345,-31.77695146451501],[147.7607990019112,-31.777060571889415],[147.76184003793438,-31.775330990952916],[147.76187331243088,-31.77521784016352],[147.76174971951906,-31.774910714258166],[147.76164038736246,-31.774874344047795]]],"crs":null},"id":142,"type":"Feature","properties":{"owner":"Australian Food & Fibre (AFF)","hectares":0.85639214,"inlandrail":null,"operator":"Australian Food & Fibre (AFF)","locality_name":"Snakes Plain","imt":1,"kfr":"Y","name":"AFF Warren Warehouses","location":"NSW Regional","state":"NSW","SHAPE__Length":666.3932539140494,"objectid":142,"SHAPE__Area":11885.60435965,"status":"Operational"}},{"geometry":{"type":"Polygon","coordinates":[[[121.51740946624395,-28.93638696279043],[121.51772708986715,-28.936380838547],[121.51771938861023,-28.936072110957742],[121.51764230058245,-28.932978634094976],[121.51763551111553,-28.932706498482094],[121.51761174977797,-28.931753896742194],[121.51658438431676,-28.931773691745345],[121.51664187110507,-28.93408715264712],[121.51669932285904,-28.93640063345265],[121.51740946624395,-28.93638696279043]]],"crs":null},"id":143,"type":"Feature","properties":{"owner":"Mt Malcolm Mines NL","hectares":5.14037638,"inlandrail":null,"operator":"Mt Malcolm Mines NL","locality_name":"Leonora","imt":1,"kfr":"Y","name":"Malcolm Container Stand","location":"WA Regional","state":"WA","SHAPE__Length":1406.1729215396763,"objectid":143,"SHAPE__Area":67353.209006695,"status":"Operational"}},{"geometry":{"type":"Polygon","coordinates":[[[149.71375165153952,-34.768240920643294],[149.71290592542874,-34.768016529078366],[149.7131730143257,-34.76770025976164],[149.71363699506827,-34.7667215192564],[149.7137683602038,-34.76641257726185],[149.71358764162653,-34.76631923743919],[149.71216721292288,-34.76935715703994],[149.71203128434567,-34.76987603768295],[149.71281890203392,-34.770125453640134],[149.7131472677113,-34.770430024346915],[149.71375165153952,-34.768240920643294]]],"crs":null},"id":144,"type":"Feature","properties":{"owner":"International Primary Products (CFCLA)","hectares":2.77776751,"inlandrail":null,"operator":"QUBE Holdings","locality_name":"Goulburn","imt":1,"kfr":"Y","name":"Goulburn IMT","location":"NSW Regional","state":"NSW","SHAPE__Length":1327.753636135271,"objectid":144,"SHAPE__Area":41261.874214665,"status":"Operational"}},{"geometry":{"type":"Polygon","coordinates":[[[151.95092684903017,-27.554124801713602],[151.95094467519863,-27.55454518890963],[151.95123702022977,-27.55456415326449],[151.95124058654147,-27.554459846883002],[151.95139388943457,-27.55446932906823],[151.95134041182746,-27.55397624320194],[151.95123702112812,-27.553979404209823],[151.95133684641402,-27.55328402249344],[151.9513831940928,-27.55251909807701],[151.9513475417558,-27.552187207249332],[151.95131189031713,-27.551618249324957],[151.9512049351028,-27.5516561806352],[151.95101597897434,-27.55164985928201],[151.9506487638559,-27.554093193265352],[151.95092684903017,-27.554124801713602]]],"crs":null},"id":145,"type":"Feature","properties":{"owner":"Aurizon","hectares":1.55218339,"inlandrail":null,"operator":"Queensland Rail/Aurizon","locality_name":"Toowoomba City","imt":1,"kfr":null,"name":"Toowoomba Container Terminal","location":"QLD Regional","state":"QLD","SHAPE__Length":861.5636172294454,"objectid":145,"SHAPE__Area":19823.383292825,"status":"Operational"}},{"geometry":{"type":"Polygon","coordinates":[[[151.86401509143002,-27.501839218095764],[151.86405415916173,-27.501626509186384],[151.8645710686408,-27.49881206084918],[151.87013558115862,-27.499729604628627],[151.8724794123974,-27.499670699890537],[151.87385505738916,-27.499588120852902],[151.8738980920812,-27.499312424538704],[151.8720438112313,-27.499424282124874],[151.87152902536948,-27.499428945909656],[151.8712087669876,-27.499422993667647],[151.87101433472915,-27.499419373716307],[151.87050024596005,-27.499395260359183],[151.8699872360676,-27.499356890293456],[151.86969764167787,-27.49932700794409],[151.8694758404477,-27.499304120873333],[151.86896655407207,-27.499237096302775],[151.8684598629293,-27.499155919345654],[151.86085054856792,-27.497911763193308],[151.85833572301487,-27.497487168051993],[151.85664780296906,-27.49706157203968],[151.85460503760626,-27.49623299425664],[151.85304502687706,-27.49557391336197],[151.85180490891554,-27.495031285221344],[151.85023703163947,-27.494227695943902],[151.849071070503,-27.49357368622587],[151.84735601414903,-27.492533421121937],[151.8473127009793,-27.49258737634139],[151.84720929141537,-27.492744710850314],[151.8470976550801,-27.492885263915813],[151.8462636789332,-27.497848443835803],[151.84644534882642,-27.497871508105643],[151.85189523182245,-27.498689863838603],[151.85248971172462,-27.49893512865179],[151.85265100513217,-27.49906518365048],[151.85275229377376,-27.49916295687289],[151.85278025204033,-27.49919264882652],[151.8528718676229,-27.49924516889515],[151.8530889679692,-27.499268276697443],[151.85385170861232,-27.49901934007181],[151.85407136556393,-27.498974384931497],[151.85429664417256,-27.498979342762937],[151.85425386639872,-27.499231924934925],[151.85405234912764,-27.499234514603003],[151.85386258631212,-27.499294972577644],[151.85370483226677,-27.49940682301021],[151.85358522248498,-27.499552122186635],[151.85354580261367,-27.499726689073892],[151.85359168227018,-27.499902234971277],[151.85367355203024,-27.500067014823017],[151.85379024318567,-27.500214163329726],[151.8539371922948,-27.500337909246035],[151.85410859534255,-27.500433406438912],[151.85428467232478,-27.50049708367154],[151.85446666111983,-27.500545701132147],[151.85465299326935,-27.500578854060674],[151.86401509143002,-27.501839218095764]]],"crs":null},"id":146,"type":"Feature","properties":{"owner":"Freight Terminals Pty Ltd","hectares":74.48160105,"inlandrail":"Y","operator":null,"locality_name":"Charlton","imt":1,"kfr":"Y","name":"InterLinkSQ Global Logistic Centre (Intermodal)","location":"QLQ Regional","state":"QLD","SHAPE__Length":7585.820250391793,"objectid":146,"SHAPE__Area":1010679.41330828,"status":"Proposed"}},{"geometry":{"type":"Polygon","coordinates":[[[144.49290148362695,-38.00320383081876],[144.4926033157162,-38.00314840392709],[144.48976595185698,-38.00444186835688],[144.4892852094496,-38.00378151084399],[144.48219143553476,-38.007014811720175],[144.47416223962637,-38.01067359277216],[144.47304833316562,-38.01684376793445],[144.48027335992663,-38.017646391747014],[144.49007273371308,-38.01873426612139],[144.49119174979114,-38.012591525788864],[144.49290148362695,-38.00320383081876]]],"crs":null},"id":147,"type":"Feature","properties":{"owner":null,"hectares":190.62003241,"inlandrail":null,"operator":null,"locality_name":"Avalon","imt":1,"kfr":"Y","name":"South West Interstate Freight Terminal (SWIFT)","location":"VIC Regional","state":"VIC","SHAPE__Length":7462.550415482218,"objectid":147,"SHAPE__Area":3075774.29951285,"status":"Proposed"}},{"geometry":{"type":"Polygon","coordinates":[[[151.26627255662476,-23.845867493483844],[151.26561299557684,-23.846283251647204],[151.26675980013994,-23.847783232974056],[151.26745654245744,-23.84870036840733],[151.26774292806493,-23.849092760718914],[151.26820820148322,-23.848734462911935],[151.26774098231402,-23.84828334449147],[151.2680246145852,-23.848055717912587],[151.26742827427208,-23.847405522371066],[151.26627255662476,-23.845867493483844]]],"crs":null},"id":148,"type":"Feature","properties":{"owner":"NQX","hectares":2.8859457,"inlandrail":null,"operator":"Toll Group/NQX","locality_name":"Barney Point","imt":1,"kfr":null,"name":"Gladstone Depot","location":"QLD Regional","state":"QLD","SHAPE__Length":1021.0653544375282,"objectid":148,"SHAPE__Area":34655.14031747,"status":"Operational"}},{"geometry":{"type":"Polygon","coordinates":[[[140.77800894187106,-36.3098875839252],[140.777519137259,-36.309193322129374],[140.77697488216435,-36.30943930325846],[140.77725630368167,-36.3097662837171],[140.77772097612697,-36.31043606455697],[140.77853906017808,-36.31156993163897],[140.77880739324166,-36.311917999546765],[140.77930478861785,-36.31249810806683],[140.7794487714899,-36.312450645166535],[140.77935060179902,-36.312092032194094],[140.77923934185787,-36.311738691679786],[140.77916080574582,-36.31148555148159],[140.77910844833778,-36.31135898035039],[140.77800894187106,-36.3098875839252]]],"crs":null},"id":149,"type":"Feature","properties":{"owner":"Shield","hectares":1.94628289,"inlandrail":null,"operator":"QUBE Holdings","locality_name":"Bordertown","imt":1,"kfr":"Y","name":"Bordertown Freight Terminal","location":"SA Regional","state":"SA","SHAPE__Length":1086.1237265577545,"objectid":149,"SHAPE__Area":30033.69757912,"status":"Operational (Trial)"}},{"geometry":{"type":"Polygon","coordinates":[[[138.49444468561626,-34.76957464759378],[138.49535003470905,-34.768940303647106],[138.49475108209506,-34.768401427980464],[138.496469506233,-34.767171374409465],[138.49572794606766,-34.76650596568365],[138.49409508646053,-34.76765988411436],[138.4932109178455,-34.766787125068966],[138.4876420826345,-34.770547536549266],[138.48767060414482,-34.77058853653495],[138.48771338641018,-34.77090482503819],[138.48711443289787,-34.771355826973085],[138.48709304311265,-34.77150811241035],[138.48817686140126,-34.77248039194498],[138.48826242683037,-34.77238667822921],[138.4922126631894,-34.77428434971605],[138.49422343325676,-34.772954813369175],[138.49385265272494,-34.77265024607717],[138.49170640503468,-34.771824398127166],[138.49214135941375,-34.77150811241035],[138.49188466492294,-34.771256255942646],[138.49399427662107,-34.76987915834796],[138.49693175861697,-34.77099846369406],[138.4969336576555,-34.771100954205075],[138.49702738966883,-34.77103755448269],[138.5002135828276,-34.772244364907166],[138.50141735315609,-34.77282896417994],[138.5014184104732,-34.77269533886044],[138.50142257146956,-34.77222046287429],[138.4974869605817,-34.77072655068136],[138.49444468561626,-34.76957464759378]]],"crs":null},"id":150,"type":"Feature","properties":{"owner":"Flinders Port Holdings Group","hectares":35.16152979,"inlandrail":null,"operator":"Flinders Port Holdings Group","locality_name":"Outer Harbor","imt":1,"kfr":null,"name":"Port of Adelaide - Flinders Adelaide Container Terminal","location":"Adelaide Metro","state":"SA","SHAPE__Length":5558.9713057269255,"objectid":150,"SHAPE__Area":522321.834172345,"status":"Operational"}},{"geometry":{"type":"Polygon","coordinates":[[[137.85043058000804,-32.420213540240795],[137.85076359985686,-32.420244780036626],[137.8510544267352,-32.418026269623816],[137.8507437381059,-32.41799841875665],[137.84900703235365,-32.41692734858315],[137.84902129310885,-32.41578368120572],[137.84738130267496,-32.41579572061159],[137.84749538871606,-32.421249072627425],[137.8489785108434,-32.42123703470756],[137.84902129310885,-32.417132002778715],[137.85072103767874,-32.41815690324812],[137.85043058000804,-32.420213540240795]]],"crs":null},"id":151,"type":"Feature","properties":{"owner":"Bowmans Rail (Patrick Portlink/Balco Australia)","hectares":9.9870498,"inlandrail":null,"operator":"Bowmans Rail","locality_name":"Wami Kata","imt":1,"kfr":"Y","name":"Bungala IMT ","location":"SA Regional","state":"SA","SHAPE__Length":2870.6213100506743,"objectid":151,"SHAPE__Area":140552.051984455,"status":"Operational"}},{"geometry":{"type":"Polygon","coordinates":[[[115.97314748928123,-32.02093276736639],[115.97313518954837,-32.020356157920496],[115.97356355298821,-32.018193028245534],[115.97396578263984,-32.01616039578535],[115.97419777705355,-32.01499091738548],[115.97448400994746,-32.013549232550005],[115.97480637757367,-32.011925117212115],[115.97524904937941,-32.01155280364421],[115.97493354398362,-32.01128120563163],[115.97497716168225,-32.01106087152487],[115.97499979114258,-32.01094670674751],[115.97502077848257,-32.01084088728171],[115.9751505724647,-32.01021505078662],[115.97523660232281,-32.00987685132377],[115.97530675535663,-32.009598816256364],[115.97549662956328,-32.008989462949955],[115.97560561766512,-32.00869490528659],[115.97592437226731,-32.00842584074693],[115.9769255302784,-32.00758011376396],[115.97725399387213,-32.007302633142444],[115.9770634270644,-32.00598915054823],[115.9770314892611,-32.00576900101781],[115.97699867649871,-32.00554261664541],[115.97699831088441,-32.00554011880643],[115.97668054173413,-32.0060123127659],[115.9763286824171,-32.00646702340722],[115.97604153683484,-32.00681930131199],[115.97604168415856,-32.00681943004907],[115.97419503809026,-32.00908447852326],[115.97384474902833,-32.0095445357798],[115.97361990879759,-32.009892484358424],[115.97352150464641,-32.010065571116755],[115.97320169182886,-32.01072492836692],[115.97320078003884,-32.010725668764046],[115.9730636117865,-32.011076854749945],[115.97294422119371,-32.01141977092354],[115.97281103157978,-32.01200287233274],[115.97273456518616,-32.01251648682147],[115.97272671660551,-32.01264707971826],[115.97270342957843,-32.01303278573155],[115.97270967197132,-32.01357209807868],[115.97271218994906,-32.013690202149164],[115.97271992803692,-32.01405348624764],[115.9727405515592,-32.01501964832741],[115.97274142741661,-32.015061126133425],[115.97279592191671,-32.01761033334702],[115.97286662202451,-32.0209180402826],[115.97302886495133,-32.02096499465936],[115.97308879785213,-32.02098236462709],[115.9731489140093,-32.02099979171454],[115.97314748928123,-32.02093276736639]]],"crs":null},"id":152,"type":"Feature","properties":{"owner":"Public Transport Authority (WA)","hectares":19.92401314,"inlandrail":null,"operator":"Arc Infrastructure","locality_name":"Kenwick","imt":1,"kfr":null,"name":"Kenwick Rail Freight Facility","location":"Perth Metro","state":"WA","SHAPE__Length":4347.932276070222,"objectid":152,"SHAPE__Area":277930.30595046,"status":"Operational"}},{"geometry":{"type":"Polygon","coordinates":[[[145.74910031640545,-16.957825402612894],[145.7486447959962,-16.958539056554983],[145.74828111125677,-16.95934195717711],[145.74817204859477,-16.959637939126225],[145.74771138263563,-16.96087314700472],[145.74752358982545,-16.96137666233795],[145.74744785196557,-16.96212802070315],[145.7477669353511,-16.962159915562843],[145.74905224575795,-16.962288415189075],[145.74932614208805,-16.95975334210974],[145.74936538049965,-16.959391741217885],[145.74950251012444,-16.958124343647178],[145.74961664557284,-16.9570691773788],[145.74910031640545,-16.957825402612894]]],"crs":null},"id":153,"type":"Feature","properties":{"owner":"Pacific National","hectares":6.46692015,"inlandrail":null,"operator":"Toll Group/Pacific National","locality_name":"Woree","imt":1,"kfr":"Y","name":"Toll Intermodal Cairns","location":"QLD Regional","state":"QLD","SHAPE__Length":1433.7140502915465,"objectid":153,"SHAPE__Area":71079.287281155,"status":"Operational"}},{"geometry":{"type":"Polygon","coordinates":[[[140.6254692250704,-20.724272440601137],[140.6250810845957,-20.72412037050268],[140.62380624944336,-20.723872489067304],[140.62332306182174,-20.72380551740424],[140.62223707859332,-20.72375503195887],[140.61960163175544,-20.723846570003793],[140.60422571611116,-20.724379776398123],[140.60206747142027,-20.724214053330325],[140.58293052437875,-20.7205695333538],[140.57984485090367,-20.71972600759792],[140.57905104831465,-20.73350937652095],[140.57960048129866,-20.733214504662193],[140.58026963635376,-20.73281919752884],[140.58279656760357,-20.73169604411718],[140.58343531738132,-20.731348966026598],[140.58409071204292,-20.730886077220063],[140.58467142706004,-20.730289045279374],[140.58502941917547,-20.729847615913346],[140.5854763238428,-20.729426686017366],[140.58583380571514,-20.72917418061623],[140.58608821040028,-20.72908151325313],[140.58638137828822,-20.728979577995986],[140.58668724925252,-20.728931736589065],[140.58699950544192,-20.728901933476084],[140.5873881211254,-20.728932273453374],[140.58764927934484,-20.72898052233917],[140.5878213031285,-20.729022702714342],[140.58801613962873,-20.729015079917804],[140.58831514836268,-20.72903633603419],[140.58854374804292,-20.729065787932807],[140.59094157791168,-20.729412311711073],[140.59119043639822,-20.729446463393707],[140.59147604765798,-20.729459302723903],[140.59177509232447,-20.729459505202517],[140.59208786055353,-20.729444372234536],[140.59336185578107,-20.729330116260943],[140.59370367911973,-20.72920927417386],[140.59403068295114,-20.729113981325337],[140.59433921742033,-20.72904469817275],[140.59462012150794,-20.728997135720476],[140.59495628635864,-20.728949590896704],[140.59524872481452,-20.728931829847202],[140.59548356509106,-20.728931978556073],[140.59582816242732,-20.72894984966695],[140.59815540268104,-20.729096776482564],[140.5986509259682,-20.72912528486732],[140.59925868656353,-20.729195196424],[140.59994152835034,-20.729304235938894],[140.6004340961802,-20.729400120980884],[140.60102776939524,-20.72952616098523],[140.60419242724174,-20.73027600270186],[140.60467820740126,-20.73037921580231],[140.60506842837415,-20.730432050632583],[140.6054698549319,-20.730469124983426],[140.6057932089083,-20.730485091282333],[140.6061500332139,-20.73048533072641],[140.60646196151825,-20.7304687746389],[140.60927527208736,-20.730259002149026],[140.6096337385133,-20.73022923458388],[140.6101132376524,-20.730208479368027],[140.61056481625417,-20.730214029439406],[140.61097354431854,-20.730209015387647],[140.61136938605017,-20.730225036324182],[140.6117651927475,-20.73025156508917],[140.61212201615479,-20.730278076206282],[140.61251782195382,-20.730325658419865],[140.61296856063075,-20.730385394303468],[140.61848345470383,-20.731197342434264],[140.62456880683018,-20.73208857918245],[140.6254692250704,-20.724272440601137]]],"crs":null},"id":155,"type":"Feature","properties":{"owner":"Grand Central Industry (Holdings)","hectares":382.10536581,"inlandrail":null,"operator":null,"locality_name":"Cloncurry","imt":1,"kfr":"Y","name":"Cloncurry Multi User Loadout Facility (MURLF)","location":"QLD Regional","state":"QLD","SHAPE__Length":13017.172086342347,"objectid":155,"SHAPE__Area":4390333.093546215,"status":"Proposed"}},{"geometry":{"type":"Polygon","coordinates":[[[150.25948374721378,-26.663534933995123],[150.259042169556,-26.66639929591235],[150.2639050951421,-26.667023747209345],[150.26384805212152,-26.667597219207654],[150.26537395561598,-26.667877582656878],[150.2654167387797,-26.667520756548146],[150.26625812423103,-26.667520756548146],[150.26660038415085,-26.66757173246295],[150.26691412076383,-26.665813074724234],[150.2682546344415,-26.665991490187313],[150.26982332020137,-26.665621914187096],[150.271942259107,-26.665630399478474],[150.27197748923584,-26.66540291558239],[150.2694357753097,-26.665249050433687],[150.26801912222518,-26.664662502224147],[150.25948374721378,-26.663534933995123]]],"crs":null},"id":156,"type":"Feature","properties":{"owner":"Qld Gas Company/Shell","hectares":29.52422837,"inlandrail":null,"operator":"Qld Gas Company/Shell","locality_name":"Columboola","imt":1,"kfr":"Y","name":"Miles Supply Base (QCLNG Project)","location":"QLD Regional","state":"QLD","SHAPE__Length":3564.8729990065262,"objectid":156,"SHAPE__Area":371194.878859065,"status":"Operational"}},{"geometry":{"type":"Polygon","coordinates":[[[146.24221162610354,-26.407701224747793],[146.24240414674702,-26.407931132645082],[146.24356640143466,-26.40718392909701],[146.24386231187916,-26.406931666781546],[146.2441011802014,-26.40657083477343],[146.24406552876272,-26.406538903174262],[146.24404770259426,-26.406516550164536],[146.24221162610354,-26.407701224747793]]],"crs":null},"id":157,"type":"Feature","properties":{"owner":"Linfox","hectares":0.64904937,"inlandrail":null,"operator":"Linfox","locality_name":"Charleville","imt":1,"kfr":null,"name":"Charleville IMT","location":"QLD Regional","state":"QLD","SHAPE__Length":553.5249624223239,"objectid":157,"SHAPE__Area":8123.917039335,"status":"Operational"}},{"geometry":{"type":"Polygon","coordinates":[[[150.3455486405377,-28.5441416125348],[150.34582866786965,-28.54421405886268],[150.3461450500211,-28.544348590975808],[150.34656198958555,-28.544663071736057],[150.34686577915335,-28.54510592442528],[150.3470735361224,-28.54579640046173],[150.34700436943874,-28.546383665430692],[150.3465858973485,-28.54679593703637],[150.34617545440028,-28.54707907918442],[150.34575705417515,-28.54724879839664],[150.3452501061143,-28.547377263188267],[150.34479341789518,-28.547734034483625],[150.34411032098686,-28.548405252062402],[150.3436945492323,-28.5492500171042],[150.343673743352,-28.550065719870087],[150.3440035948429,-28.551189279354784],[150.3444878029507,-28.552821720067087],[150.3448891926775,-28.55421380722869],[150.34642602507571,-28.554411388046237],[150.34651304218235,-28.554194624658926],[150.346725362593,-28.553238265247355],[150.34653859116733,-28.552553746494223],[150.34593101292995,-28.55194524587353],[150.34568712033033,-28.55119050083757],[150.3457980074707,-28.550406415653136],[150.34624509629265,-28.549335838863126],[150.34749372399486,-28.546919295302224],[150.34796534131564,-28.545213206426098],[150.34605208516902,-28.54366333184293],[150.3455486405377,-28.5441416125348]]],"crs":null},"id":158,"type":"Feature","properties":{"owner":"Namoi Cotton","hectares":19.35160732,"inlandrail":null,"operator":"Namoi Cotton","locality_name":"Goondiwindi","imt":1,"kfr":"Y","name":"Namoi Cotton Goondiwindi","location":"QLD Regional","state":"QLD","SHAPE__Length":3339.208367424503,"objectid":158,"SHAPE__Area":251720.16088536,"status":"Operational"}},{"geometry":{"type":"Polygon","coordinates":[[[150.50571637192903,-23.404929575889785],[150.5057711583816,-23.40483633595578],[150.50591690284998,-23.40458708575137],[150.50648049957098,-23.403623235559557],[150.50671490236795,-23.403225948272414],[150.5058745993866,-23.403109101704594],[150.505772034239,-23.40309483769891],[150.50543816907546,-23.403678475994315],[150.5051869758675,-23.403964541868156],[150.5047160520461,-23.404790937729633],[150.50336212023305,-23.40715260998655],[150.50387684411106,-23.407225259199965],[150.50406609758184,-23.40725197266637],[150.5046212618173,-23.40733030185429],[150.50481478498068,-23.40735758989735],[150.5053107834766,-23.407427612502108],[150.50532534696399,-23.407338035431852],[150.50541214398336,-23.40680386600213],[150.50571637192903,-23.404929575889785]]],"crs":null},"id":159,"type":"Feature","properties":{"owner":"Queensland Rail (QR)","hectares":6.2999268,"inlandrail":null,"operator":"Pacific National/Toll Group","locality_name":"Port Curtis","imt":1,"kfr":"Y","name":"NQX Rockhampton Terminal","location":"QLD Regional","state":"QLD","SHAPE__Length":1427.9843575602565,"objectid":159,"SHAPE__Area":75148.11496636,"status":"Operational"}},{"geometry":{"type":"Polygon","coordinates":[[[148.1520383840683,-23.526114308113883],[148.15109701253257,-23.52790562655651],[148.15134524848662,-23.52802225068239],[148.1517187527104,-23.528193616641403],[148.1518821266162,-23.52826846836175],[148.15193819137136,-23.528294163214586],[148.15211539843418,-23.527966474190116],[148.15233454424435,-23.528067243317892],[148.15255358135843,-23.528167938241587],[148.15277247025045,-23.528268559784934],[148.15288113226384,-23.528066929513518],[148.1524424372999,-23.527865908422946],[148.15255131760395,-23.5276640353856],[148.152660161077,-23.527462163685886],[148.1527690036518,-23.527260273556458],[148.1528779198884,-23.52705836417357],[148.15298687205762,-23.526856437184424],[148.15317689089306,-23.526502198558806],[148.15266592826111,-23.526267249154067],[148.1526071991028,-23.526375844202153],[148.1520383840683,-23.526114308113883]]],"crs":null},"id":160,"type":"Feature","properties":{"owner":"Aurizon","hectares":2.79751875,"inlandrail":null,"operator":"Aurizon","locality_name":"Emerald","imt":1,"kfr":"Y","name":"Emerald Freight Depot Centre","location":"QLD Regional","state":"QLD","SHAPE__Length":888.2458838681804,"objectid":160,"SHAPE__Area":33430.87683498,"status":"Operational"}},{"geometry":{"type":"Polygon","coordinates":[[[149.16697292154126,-21.17899223481529],[149.1670415788801,-21.17850853307385],[149.16703774576882,-21.178480784487732],[149.1670196797501,-21.178458546748484],[149.16699219489567,-21.17844768754685],[149.16475985446516,-21.178158699641052],[149.16468364229482,-21.178695864164414],[149.16457815672428,-21.17943900941662],[149.1633518674282,-21.179280205874782],[149.1621260156117,-21.179121439018516],[149.16006124691432,-21.178854076959517],[149.16002985708334,-21.179079498425796],[149.1628361580983,-21.179441988054613],[149.16454654860266,-21.179662786549436],[149.166835719153,-21.179959211383935],[149.16686747459823,-21.179735397843704],[149.16697292154126,-21.17899223481529]]],"crs":null},"id":161,"type":"Feature","properties":{"owner":"Toll Group","hectares":5.21874683,"inlandrail":null,"operator":"Aurizon/ Toll Group","locality_name":"Paget","imt":1,"kfr":"Y","name":"Mackay Toll","location":"QLD Regional","state":"QLD","SHAPE__Length":1889.4089119668263,"objectid":161,"SHAPE__Area":60320.749989245,"status":"Operational"}},{"geometry":{"type":"Polygon","coordinates":[[[146.8556412781203,-19.339236299773347],[146.86245801699138,-19.34667670349439],[146.86233771371025,-19.347927729390666],[146.86328751503652,-19.34804411424623],[146.86323313102923,-19.34863194998648],[146.86322641432588,-19.34870295331749],[146.86468101314634,-19.348639518014746],[146.8655807387854,-19.348495643202053],[146.8659157708605,-19.34850964775277],[146.8629005073374,-19.34236960708122],[146.8627435204533,-19.342050334579717],[146.86266767389722,-19.341896063912035],[146.86221824945557,-19.34112751739103],[146.86170494940723,-19.34040246633194],[146.8611200006302,-19.33972969524992],[146.86065378667584,-19.339284307681247],[146.86013092406134,-19.338885965710823],[146.8593558468544,-19.33840727917907],[146.85886236723456,-19.338140619144642],[146.85819843228953,-19.337848300780255],[146.85728746513297,-19.337544770210375],[146.8563310549011,-19.337348189722597],[146.85324388573113,-19.33704612124733],[146.85296455189854,-19.3371176237917],[146.8528595774694,-19.33805549981782],[146.85289016420649,-19.338058533497843],[146.85279128574484,-19.338958502404125],[146.8556412781203,-19.339236299773347]]],"crs":null},"id":162,"type":"Feature","properties":{"owner":"Toll Group","hectares":54.93307792,"inlandrail":null,"operator":"Toll Group/Pacific National, Team Global Express(TGE)","locality_name":"Stuart","imt":1,"kfr":"Y","name":"Toll Intermodal Heavy Haulage IMT","location":"QLD Regional","state":"QLD","SHAPE__Length":4494.535352835542,"objectid":162,"SHAPE__Area":620256.988043025,"status":"Operational"}},{"geometry":{"type":"Polygon","coordinates":[[[146.8439550766229,-19.248181034983347],[146.84080796017903,-19.254989208585375],[146.8422048090048,-19.25550557007692],[146.84528460659962,-19.248753027571126],[146.84529302201716,-19.24865769561164],[146.84527619208032,-19.24860208506435],[146.84408971252444,-19.248149257558907],[146.84399715101586,-19.248157201703552],[146.8439550766229,-19.248181034983347]]],"crs":null},"id":163,"type":"Feature","properties":{"owner":"Port of Townsville","hectares":12.90199505,"inlandrail":null,"operator":null,"locality_name":"South Townsville","imt":1,"kfr":null,"name":"Port of Townsville Intermodal","location":"QLD Regional","state":"QLD","SHAPE__Length":2086.1422258182834,"objectid":163,"SHAPE__Area":145521.031277475,"status":"Under Construction"}},{"geometry":{"type":"Polygon","coordinates":[[[146.8365729111625,-19.248183168800434],[146.83573167932315,-19.250481719766068],[146.83688489606072,-19.250878796213097],[146.8377405422671,-19.24855634719632],[146.8365729111625,-19.248183168800434]]],"crs":null},"id":164,"type":"Feature","properties":{"owner":"Common","hectares":3.50056013,"inlandrail":null,"operator":null,"locality_name":"South Townsville","imt":1,"kfr":null,"name":"Port of Townsville","location":"QLD Regional","state":"QLD","SHAPE__Length":850.5578315886656,"objectid":164,"SHAPE__Area":39481.53417008,"status":"Operational"}},{"geometry":{"type":"Polygon","coordinates":[[[146.8356946777166,-19.25046897895299],[146.83522707945835,-19.2503234301679],[146.834472447009,-19.252359760598306],[146.8349749439177,-19.252530832137634],[146.83573167932315,-19.250481719766068],[146.8356946777166,-19.25046897895299]]],"crs":null},"id":165,"type":"Feature","properties":{"owner":"Common","hectares":1.3422235,"inlandrail":null,"operator":null,"locality_name":"South Townsville","imt":1,"kfr":null,"name":"Port of Townsville (Berth 4)","location":"QLD Regional","state":"QLD","SHAPE__Length":628.9192006433797,"objectid":165,"SHAPE__Area":15138.79099612,"status":"Operational"}},{"geometry":{"type":"Polygon","coordinates":[[[146.83573167932315,-19.250481719766068],[146.83676944368207,-19.247648332960498],[146.8362075088443,-19.24746242895117],[146.83516171803828,-19.250306601558357],[146.83522707945835,-19.2503234301679],[146.83573167932315,-19.250481719766068]]],"crs":null},"id":166,"type":"Feature","properties":{"owner":"Northern Stevedoring Services","hectares":2.08751566,"inlandrail":null,"operator":null,"locality_name":"South Townsville","imt":1,"kfr":null,"name":"Port of Townsville (Berth 3)","location":"QLD Regional","state":"QLD","SHAPE__Length":841.5067382724839,"objectid":166,"SHAPE__Area":23544.15595213,"status":"Operational"}},{"geometry":{"type":"Polygon","coordinates":[[[148.09769715094822,-33.13654074066791],[148.10242984956412,-33.13407286852719],[148.1034766303136,-33.13358291807669],[148.1034914857534,-33.13336149364049],[148.10369054253889,-33.13328436769597],[148.1036459771177,-33.133184851679765],[148.10496212848483,-33.13293357156297],[148.10518198216752,-33.13150797881932],[148.1052503152145,-33.1315154420464],[148.1052740837386,-33.13140348379402],[148.10547908198143,-33.1314283635016],[148.10639319234315,-33.13079429323168],[148.107132970251,-33.13027679042544],[148.11442825245368,-33.12519291045164],[148.11286669752064,-33.1232401924224],[148.10615444709012,-33.1279231522338],[148.10208590799806,-33.13071904044673],[148.09793245475547,-33.133286607145436],[148.09769715094822,-33.13654074066791]]],"crs":null},"id":167,"type":"Feature","properties":{"owner":"Pacific National","hectares":53.29598124,"inlandrail":"Y","operator":"Pacific National","locality_name":"Parkes","imt":1,"kfr":"Y","name":"Parkes National Logistics Hub (PNLH)","location":"NSW Regional","state":"NSW","SHAPE__Length":5384.160683263909,"objectid":167,"SHAPE__Area":762030.784799105,"status":"Operational"}},{"geometry":{"type":"Polygon","coordinates":[[[151.07610560248992,-33.90807470945997],[151.07614217560007,-33.90802150383112],[151.0761898447006,-33.907952109446114],[151.07620254687876,-33.90793677362159],[151.07629573181813,-33.9078240153401],[151.0763584387165,-33.90776557508484],[151.07641672859864,-33.90771123976195],[151.07655192504896,-33.9076181852222],[151.07655907833356,-33.90761354196098],[151.07694981134614,-33.907359481079546],[151.0752888802847,-33.906343664641525],[151.0752243839423,-33.90629256711496],[151.07503651747024,-33.90699245876078],[151.07500633317844,-33.90710486549684],[151.0749696873047,-33.90724135780673],[151.0749772412379,-33.90742252835327],[151.07519573127794,-33.90804618277768],[151.07528048373175,-33.90828871779779],[151.0752923837143,-33.90828599806698],[151.07529778528414,-33.90830673675775],[151.0752913246006,-33.90831034368055],[151.0753076038702,-33.908359924315604],[151.07531574260662,-33.90837940451781],[151.07532297045142,-33.908399125524795],[151.07532935747312,-33.90841905005937],[151.07533479677213,-33.908439159482896],[151.07533939524808,-33.908459435902415],[151.0753430451031,-33.90847984054968],[151.07534578226978,-33.90850031974597],[151.07534760764642,-33.90852089287511],[151.07534852123305,-33.90854151967804],[151.0753484844021,-33.9085621472215],[151.07534757081547,-33.908582737483094],[151.0753456735736,-33.90860330984681],[151.07526975245736,-33.909422896879306],[151.0753097571319,-33.90941927061981],[151.07533249708501,-33.90940846713891],[151.07535410516087,-33.90938682140544],[151.07536187828305,-33.909373168501936],[151.0753866987343,-33.9093302303933],[151.0753253429021,-33.90931219301143],[151.07534286274506,-33.90927323153782],[151.0754079061616,-33.909292953083494],[151.07610560248992,-33.90807470945997]]],"crs":null},"id":168,"type":"Feature","properties":{"owner":"Sadleirs Logistics","hectares":2.67372613,"inlandrail":null,"operator":"Sadleirs","locality_name":"Greenacre","imt":1,"kfr":null,"name":"Belfield IMT","location":"Sydney Metro","state":"NSW","SHAPE__Length":1027.5854801133862,"objectid":168,"SHAPE__Area":38916.28506079,"status":"Operational"}},{"geometry":{"type":"Polygon","coordinates":[[[152.66584875742979,-27.700803348518974],[152.6713796891257,-27.701611905217504],[152.67154157811626,-27.70059800629595],[152.67154996209285,-27.70054549036759],[152.67165219935532,-27.698975840372697],[152.67171680349566,-27.697983943346788],[152.6554071457074,-27.695596239058986],[152.65537414968867,-27.695774302338684],[152.6496282116194,-27.695023996396177],[152.6495048630494,-27.6956877945205],[152.62885267282095,-27.692781565726367],[152.62571775729526,-27.699716542958676],[152.62564277581683,-27.700297092419984],[152.64747366708914,-27.705436013283624],[152.66760015423023,-27.708465190334742],[152.66976716378335,-27.705158764127138],[152.6651588989023,-27.704498099943823],[152.66584874126008,-27.70080344555251],[152.66584875742979,-27.700803348518974]]],"crs":null},"id":169,"type":"Feature","properties":{"owner":"Ebenezer Regional Industrial Park","hectares":452.37191797,"inlandrail":"Y","operator":null,"locality_name":"Ebenezer","imt":1,"kfr":"Y","name":"Ebenezer IFT","location":"Brisbane Metro","state":"QLD","SHAPE__Length":13274.974872955418,"objectid":169,"SHAPE__Area":5792696.697317775,"status":"Proposed"}},{"geometry":{"type":"Polygon","coordinates":[[[149.7186854649812,-30.327605172319238],[149.7106765997444,-30.32475323038245],[149.69334450465254,-30.31857876138614],[149.69333486842453,-30.31857532069483],[149.6929019065087,-30.318420697283265],[149.69288686781255,-30.318415332680843],[149.69188089033995,-30.31805733902143],[149.69206189547978,-30.318496343729826],[149.69207288187576,-30.318634335861958],[149.69212288659597,-30.31879534013685],[149.69215788945107,-30.31907032458434],[149.69209989062307,-30.319356334359494],[149.69205590910673,-30.319619330386114],[149.69207689554838,-30.319940342090703],[149.69211091384992,-30.320239339519098],[149.69217190586446,-30.320537337269638],[149.69217989997216,-30.32084734252354],[149.6920568945586,-30.321086324770093],[149.69200090346524,-30.32126834623439],[149.69187793488265,-30.32150732978024],[149.69187191167865,-30.321851337612635],[149.6918669116558,-30.322126339071637],[149.69194093373355,-30.322425336031802],[149.69199166878414,-30.322631241120845],[149.69199294529017,-30.32263632944212],[149.69203992178964,-30.322827341357158],[149.69214135416166,-30.323104749301947],[149.69214193806656,-30.323106321850826],[149.6921659194914,-30.323173328073576],[149.692354916044,-30.323657325764728],[149.69259592684818,-30.32425633606871],[149.6927329100476,-30.324739334338744],[149.69287091732633,-30.325164317746758],[149.6928929269491,-30.325405334968025],[149.69291493477525,-30.325623320708143],[149.69287193781253,-30.325863321030226],[149.69282492717707,-30.326241331646454],[149.69284792045505,-30.326493319562513],[149.692947930794,-30.326804323278836],[149.6930879449091,-30.32709233113271],[149.69315992331954,-30.327494318080134],[149.69319594935573,-30.327713321900134],[149.6931909484345,-30.328022325915317],[149.6931989416439,-30.328286321399364],[149.69322095126668,-30.32853832809072],[149.69340093232714,-30.32885033019697],[149.6935529542227,-30.32919631812447],[149.69373092844677,-30.329610310750045],[149.69385692614853,-30.329967323999206],[149.69389193080022,-30.330243325375058],[149.6938739348501,-30.330506321636072],[149.69382794559914,-30.330838322470104],[149.6938649570872,-30.33103331224824],[149.69405395274143,-30.331528316763634],[149.6942189337333,-30.331932320793623],[149.69451392609955,-30.332405310274396],[149.69466795572973,-30.332694317355962],[149.69472792635977,-30.333004302742413],[149.69480293299105,-30.333268316585432],[149.6949159365622,-30.33363731636242],[149.69501594690112,-30.333959309442527],[149.69501094687823,-30.33424531916229],[149.69508394667318,-30.33457830128988],[149.69546894843432,-30.335248296925982],[149.69559195294954,-30.335765317010203],[149.69572995932995,-30.336168302626987],[149.69582894738608,-30.336536304502605],[149.69594395959024,-30.336801298117862],[149.6960169593852,-30.33711230166144],[149.69611795427758,-30.337422305623956],[149.69626895568695,-30.337802295161637],[149.69639593884057,-30.338136295565466],[149.6965399306958,-30.3383552980692],[149.69777191620906,-30.33787328103229],[149.69745794244082,-30.337104310564772],[149.7002318690713,-30.336273272490757],[149.7006368727205,-30.337959268926575],[149.70063789500333,-30.342111261090075],[149.70106990829817,-30.342168278165783],[149.70169986267092,-30.33841727303339],[149.7018948455966,-30.33610527336042],[149.70209880808184,-30.333960272405683],[149.7077177261666,-30.334502229977677],[149.711625635706,-30.334058212376842],[149.71095370575503,-30.338936217717276],[149.7127116566637,-30.339159199553347],[149.71478164277633,-30.33942017859829],[149.71403167707487,-30.343891183709513],[149.71562537642373,-30.344103305378347],[149.716772717281,-30.33727527042662],[149.71780179942274,-30.337405343494577],[149.7187164891979,-30.3319601651124],[149.71934188192566,-30.32823898226098],[149.72109588833194,-30.32846316547955],[149.7186854649812,-30.327605172319238]]],"crs":null},"id":170,"type":"Feature","properties":{"owner":"Narrabri Shire Council","hectares":373.38896722,"inlandrail":"Y","operator":null,"locality_name":"Narrabri","imt":1,"kfr":"Y","name":"Northern NSW Inland Port (N2IP)","location":"NSW Regional","state":"NSW","SHAPE__Length":13985.548041543558,"objectid":170,"SHAPE__Area":5028546.09623111,"status":"Proposed"}},{"geometry":{"type":"Polygon","coordinates":[[[148.35268441955435,-23.58591259431508],[148.35292811811786,-23.584331161787855],[148.3538864255916,-23.57711009423339],[148.351143962454,-23.5765276587736],[148.35010977159328,-23.576307989229832],[148.34674414265146,-23.575593111779806],[148.3457078344616,-23.58454698224594],[148.34726806348135,-23.586209485276953],[148.35064504263678,-23.586540746150053],[148.3535617933126,-23.58715872026843],[148.35370768420628,-23.5860529940609],[148.35314562090943,-23.585934112148635],[148.3529912993268,-23.58597758743171],[148.35268441955435,-23.58591259431508]]],"crs":null},"id":171,"type":"Feature","properties":{"owner":"Central Queensland (CQ) Inland Port","hectares":82.16097309,"inlandrail":null,"operator":"Central Queensland Inland Port, GrainCorp, Seaway","locality_name":"Yamala","imt":1,"kfr":"Y","name":"Central Queensland Inland Port (CQIP)","location":"QLD Regional","state":"QLD","SHAPE__Length":4217.555898531539,"objectid":171,"SHAPE__Area":982637.840755795,"status":"Operational"}},{"geometry":{"type":"Polygon","coordinates":[[[149.86174068726544,-29.493266872232986],[149.8612418420084,-29.49612795182455],[149.85974873600497,-29.495932998314785],[149.85971530250674,-29.49629559850103],[149.8590978311232,-29.50294742146448],[149.85873487401915,-29.50685042284053],[149.85853288423425,-29.509030406700276],[149.87065767199945,-29.510709300703557],[149.87103464282194,-29.508548316826406],[149.87157663146712,-29.506648311462357],[149.886395337412,-29.50865421227637],[149.8874443127457,-29.50292222695517],[149.88750628841547,-29.50258423213628],[149.88466133379214,-29.49591427841708],[149.88646125938087,-29.48693228874226],[149.86613922966364,-29.484893438660887],[149.8646047059358,-29.493702186406182],[149.86174068726544,-29.493266872232986]]],"crs":null},"id":172,"type":"Feature","properties":{"owner":"Moree Shire Council","hectares":602.61006393,"inlandrail":"Y","operator":null,"locality_name":"Moree","imt":1,"kfr":"Y","name":"Moree Intermodal Park","location":"NSW Regional","state":"NSW","SHAPE__Length":12387.47903152327,"objectid":172,"SHAPE__Area":7982416.08779706,"status":"Proposed"}},{"geometry":{"type":"Polygon","coordinates":[[[147.0972284279389,-42.77951734098628],[147.09741263018284,-42.7795958438045],[147.09753146921008,-42.77957403685337],[147.09760871534135,-42.77969615212029],[147.09873175138029,-42.779552231213266],[147.0988446498486,-42.779639455705684],[147.0980721903324,-42.779765931693724],[147.098078132688,-42.779892408082766],[147.09817320408948,-42.779992716577475],[147.09835740633343,-42.780079941108696],[147.09912392349403,-42.78021513849366],[147.0991774011012,-42.780049412668596],[147.10000333732626,-42.780210777015796],[147.1000508743745,-42.779983994249456],[147.0991892849141,-42.77985751804748],[147.09901102502573,-42.77972668073457],[147.0988981283541,-42.77953042424679],[147.09913580730688,-42.77948681160948],[147.10034203183278,-42.77913791006441],[147.09969435459777,-42.77798215812936],[147.09922493725108,-42.77810427719508],[147.09878522988583,-42.77837904124537],[147.0985653762032,-42.77827436918159],[147.0972284279389,-42.77951734098628]]],"crs":null},"id":173,"type":"Feature","properties":{"owner":"Norske Skog","hectares":3.18598118,"inlandrail":null,"operator":"Norske Skog/TasRail","locality_name":"Boyer","imt":1,"kfr":null,"name":"Boyer Norske Skog Freight Terminal","location":"Tas Regional","state":"TAS","SHAPE__Length":1505.0868665175226,"objectid":173,"SHAPE__Area":59170.94736769,"status":"Operational"}},{"geometry":{"type":"Polygon","coordinates":[[[150.86316940388636,-31.075269702834262],[150.86841758994828,-31.081015337419544],[150.8692618634832,-31.080487691605907],[150.8696041368778,-31.080487691605907],[150.86978668173006,-31.07994049957712],[150.8682806813091,-31.079217420553967],[150.86410494984744,-31.074644306371578],[150.86316940388636,-31.075269702834262]]],"crs":null},"id":174,"type":"Feature","properties":{"owner":"QUBE Holdings","hectares":9.79728138,"inlandrail":null,"operator":"QUBE Holdings","locality_name":"Westdale","imt":1,"kfr":"Y","name":"Tamworth IMT","location":"NSW Regional","state":"NSW","SHAPE__Length":2255.4551702400254,"objectid":174,"SHAPE__Area":133982.44539842,"status":"Operational"}},{"geometry":{"type":"Polygon","coordinates":[[[145.16981343914375,-36.89878710437683],[145.17276661560592,-36.89916565038148],[145.1752777490832,-36.8994875227406],[145.176263973501,-36.89961391619149],[145.17793614877485,-36.89982816476741],[145.18171287643509,-36.900312014546415],[145.18193585355993,-36.900340578928876],[145.18301216642433,-36.90047843965609],[145.18693233796745,-36.90098047561903],[145.18785228378528,-36.90096571260696],[145.1885727946269,-36.900489891821266],[145.18900564784659,-36.89971503855989],[145.18941339045907,-36.89770210883336],[145.19091580390713,-36.890283849053496],[145.19095182904502,-36.890106046420506],[145.19271941438518,-36.881376432106435],[145.19290501710267,-36.88045973877258],[145.19294104313877,-36.88028184356062],[145.19296706733257,-36.880153286142864],[145.19297246890238,-36.880126535745134],[145.19297787137046,-36.88009980330191],[145.19300506337413,-36.879965586219036],[145.1926671099777,-36.87994723353957],[145.19252632959964,-36.87989417522216],[145.1924285839136,-36.87984757383588],[145.19241781491002,-36.87983850778127],[145.1924043105363,-36.87982853706009],[145.19238985664342,-36.87981937974626],[145.19237383249538,-36.87981066650076],[145.19235726127332,-36.879802933368836],[145.19234233306986,-36.879796921903676],[145.19232722161019,-36.87979162971579],[145.19230769403254,-36.87978563477664],[145.1922881305223,-36.879780326061066],[145.19227462525032,-36.87977703290399],[145.19226126640376,-36.879773999865186],[145.19223600847292,-36.87976859773614],[145.1922108233056,-36.87976343560551],[145.19217990868336,-36.87975718341984],[145.19214917552085,-36.879750874467454],[145.1921360717959,-36.879748117354524],[145.1921231144962,-36.87974526826585],[145.1920971621676,-36.87973927404158],[145.1920714308246,-36.87973294712372],[145.19204745029808,-36.879726695654156],[145.1920236512313,-36.87972012729914],[145.19199569206637,-36.879711894040355],[145.1919680625832,-36.87970318150114],[145.19194273099052,-36.87969463422976],[145.1919176922486,-36.87968562492327],[145.191889551624,-36.87967474592198],[145.19186192034414,-36.87966323889738],[145.19183706396026,-36.879652083965695],[145.191812753752,-36.87964033621989],[145.191786329808,-36.87962648021523],[145.19176070626278,-36.87961184744382],[145.19173803907321,-36.8795977686801],[145.19171617497753,-36.879582931113255],[145.19169536999556,-36.879567520850216],[145.1916753321748,-36.87955137046582],[145.19165346987572,-36.87953231565217],[145.1916324816374,-36.87951257604438],[145.19161488903092,-36.87949487139891],[145.1915978426001,-36.879476667348676],[145.19157904535274,-36.87945542952414],[145.19156086884135,-36.87943374762204],[145.19154648771195,-36.879415765593095],[145.19153247129856,-36.87939750619469],[145.19151626569086,-36.87937560295873],[145.19150046163006,-36.87935343959656],[145.19149075174016,-36.879339434797224],[145.1914811155121,-36.87932529993534],[145.1914655306402,-36.87930200841352],[145.1914500176336,-36.87927855161489],[145.19143490797046,-36.879255666067564],[145.19141954138925,-36.879232707219806],[145.19141333582724,-36.87922366121203],[145.1914068751437,-36.879214522508356],[145.19139530394457,-36.879198908098594],[145.19138293054982,-36.87918336769781],[145.19137369586872,-36.879172749464075],[145.19136369582296,-36.87916224116929],[145.19135110234097,-36.87915058604302],[145.19133726918395,-36.87913948636597],[145.1913245301749,-36.87913081040833],[145.19131069791612,-36.879122965111314],[145.19129496572057,-36.87911573274986],[145.19127832263334,-36.879109794524325],[145.1912601443252,-36.879105021093174],[145.19124171269223,-36.87910170994281],[145.1912226225941,-36.87909967424632],[145.19120360705622,-36.87909889747687],[145.19118123181912,-36.879099286220885],[145.19115911260187,-36.879100839759815],[145.19113710387737,-36.87910350491973],[145.1911153862071,-36.87910718541273],[145.19109260942307,-36.87911212555094],[145.19107019915168,-36.87911804581219],[145.19104731367148,-36.87912525949069],[145.19102490250177,-36.87913347341149],[145.19100369507456,-36.87914246481902],[145.19098307424719,-36.8791524557496],[145.19096190365093,-36.87916422153454],[145.1909416457429,-36.87917713414735],[145.19092383394747,-36.8791901581355],[145.19090729955633,-36.87920416224363],[145.19089419672963,-36.87921676083695],[145.19088222398352,-36.87922980350101],[145.19086601747748,-36.87924946916976],[145.1908509796796,-36.87926931878588],[145.19083010193413,-36.87929840122343],[145.19080973622832,-36.87932729826049],[145.19080517278667,-36.87933368125991],[145.19080068210852,-36.87933973012681],[145.1907844405682,-36.879360265228726],[145.19076732137384,-36.87938011625315],[145.19075206438706,-36.879396285356385],[145.19073600520468,-36.87941176966594],[145.19071388508914,-36.879430880557564],[145.19069045253494,-36.879448825217686],[145.1906642450849,-36.87946669658027],[145.1906367242978,-36.87948336506581],[145.19060482422375,-36.879500606241514],[145.19057171861058,-36.879516516637025],[145.19052967116713,-36.87953462798328],[145.1904865637116,-36.87955129573543],[145.19044148714892,-36.879566984803525],[145.19039560659408,-36.879581322254914],[145.1903450539015,-36.87959540030313],[145.19029388047304,-36.8796080541611],[145.19023949556743,-36.879619839277],[145.19018463635126,-36.87963003277924],[145.1901295579463,-36.87963859874043],[145.19007418669048,-36.879645571652],[145.19001472899848,-36.87965119582496],[145.1899550880501,-36.87965491509382],[145.18989895053136,-36.879656579279754],[145.1898427770801,-36.87965630263398],[145.18978755314797,-36.87965417569514],[145.18973247474293,-36.87965021498994],[145.1896723217549,-36.87964394411242],[145.18961242568503,-36.87963584090487],[145.18955902533298,-36.8796270917104],[145.18950591872996,-36.87961695353694],[145.18944894218478,-36.879604631655575],[145.1893924040174,-36.87959097899723],[145.18934302003296,-36.87957789974821],[145.1892939998662,-36.87956385834344],[145.18924293693055,-36.8795481505921],[145.18919234740702,-36.87953150080332],[145.18914924084976,-36.87951647927179],[145.18910649811025,-36.87950079091189],[145.18906405001815,-36.87948441919628],[145.18902203760888,-36.87946741729814],[145.18898612206556,-36.87945221036493],[145.1889505712382,-36.8794365227104],[145.18891936376522,-36.87942211121985],[145.18888855783916,-36.87940723697218],[145.18886173055154,-36.879393676254615],[145.188835194318,-36.87937970882791],[145.1888112883517,-36.87936651816547],[145.1887877075755,-36.87935293947652],[145.18876821682875,-36.87934121036739],[145.18874894616928,-36.87932914784296],[145.18873025761812,-36.87931697465784],[145.1887118610194,-36.87930448889554],[145.1886986845308,-36.87929523810557],[145.18868558080575,-36.87928582132621],[145.18866933926543,-36.87927381555961],[145.1886531336577,-36.879261549670886],[145.1886363432467,-36.87924884042605],[145.1886344073773,-36.87924735946511],[145.18861528134656,-36.879233114645835],[145.18860849277795,-36.879228249246125],[145.1886012298989,-36.87922331055257],[145.18858619210107,-36.879213948375266],[145.18857005925688,-36.8792051976953],[145.18855611650534,-36.879198704026216],[145.1885412969981,-36.87919302449041],[145.18852333877723,-36.87918767908688],[145.18850479754983,-36.87918371979458],[145.18848399256785,-36.87918087068487],[145.18846318758585,-36.87917950253729],[145.18844077641614,-36.87917942780654],[145.18841873086075,-36.87918066733101],[145.18838974851477,-36.87918373847729],[145.18836127910674,-36.879187975135586],[145.18833521898034,-36.87919280317248],[145.18830963226614,-36.8791982419891],[145.18826926197724,-36.87920775147407],[145.18822929593026,-36.87921787101918],[145.18820341546694,-36.87922477067558],[145.18817775688746,-36.87923180111011],[145.18812727695834,-36.87924593527074],[145.18807694435299,-36.87926025409973],[145.1880213907392,-36.8792761092159],[145.1879658380237,-36.879291815586065],[145.18794288067838,-36.87929821583396],[145.18791999429982,-36.87930448817699],[145.18787681408077,-36.87931588387827],[145.18783359792906,-36.87932672484681],[145.18780461648137,-36.8793335511999],[145.18777556316843,-36.87933980413883],[145.1877442101684,-36.87934588965199],[145.18771267481037,-36.87935119983486],[145.18768398531515,-36.87935528917841],[145.1876551134619,-36.879358599599215],[145.18762978276754,-36.879360857324784],[145.18760430564774,-36.879362521517145],[145.1875753619293,-36.879363779721245],[145.1875462340562,-36.87936442858379],[145.1875258674521,-36.879364557206614],[145.18750535352424,-36.87936442858379],[145.18746863578536,-36.87936385445184],[145.1874318066553,-36.87936303960118],[145.18738278738687,-36.87936181948092],[145.187333658524,-36.87936069061815],[145.18731493314192,-36.87936032127664],[145.18729609906364,-36.87936006187533],[145.18726215352572,-36.879359765827296],[145.18722817295347,-36.87935965444999],[145.1871789353944,-36.87935978450995],[145.1871296960387,-36.8793601172047],[145.18709680871618,-36.87936043193537],[145.1870639231903,-36.8793608199595],[145.1870016178388,-36.8793616340916],[145.1869393124873,-36.8793625416369],[145.1868663854559,-36.87936363241584],[145.18679349525547,-36.87936466858389],[145.1867642586862,-36.879365056608],[145.186735022117,-36.879365407266825],[145.186676257026,-36.87936601948263],[145.18661752786772,-36.87936648151874],[145.18657219528518,-36.87936668487208],[145.186526897737,-36.87936674020147],[145.1864680976118,-36.879366536848096],[145.1864093325208,-36.879365943314916],[145.18636680986853,-36.87936520535058],[145.1863243608781,-36.879364094451915],[145.18627121654586,-36.87936209612775],[145.18621821863906,-36.87935937636603],[145.18617496565645,-36.87935649061615],[145.18613185909922,-36.879352901392686],[145.1860830221888,-36.879347870012495],[145.18603451406182,-36.87934176509829],[145.18599323198293,-36.8793355488063],[145.18595235234926,-36.87932827909969],[145.18590807798222,-36.87931904627669],[145.18586438752004,-36.879308390696494],[145.1858261354586,-36.8792976237374],[145.18578857689653,-36.87928546851135],[145.18575280688023,-36.87927240861124],[145.185717766296,-36.87925807038327],[145.18567856561359,-36.879240365678825],[145.1856401671268,-36.87922140348236],[145.1856087772958,-36.87920473493968],[145.18557789950458,-36.87918732770869],[145.18553986573374,-36.87916473890137],[145.18550238083358,-36.87914142792934],[145.185479348928,-36.879126573028245],[145.18545639068424,-36.87911144003945],[145.18541372250493,-36.87908278364021],[145.1853711630217,-36.8790538678279],[145.18532710694518,-36.879023879903606],[145.18528279664548,-36.878994020591],[145.18526264833199,-36.87898062722608],[145.18524217303175,-36.87896736248228],[145.185208299359,-36.87894599517401],[145.18517384447628,-36.87892512726404],[145.18514314724638,-36.87890732978716],[145.18511197660436,-36.87889001446504],[145.18507781277575,-36.87887203230809],[145.18504302731301,-36.87885471554083],[145.18501134642793,-36.878839933877934],[145.1849791166721,-36.87882587365469],[145.18494429527675,-36.878811850794385],[145.18490885404387,-36.878798771411965],[145.18487582119428,-36.878787709049355],[145.1848422044397,-36.87877764405845],[145.18480643532172,-36.87876824661663],[145.184770154164,-36.87876008798636],[145.18473533276867,-36.87875355835096],[145.1847001466573,-36.87874826680933],[145.1846660933215,-36.87874439947107],[145.18463192859463,-36.87874167968739],[145.18459305669563,-36.8787398300907],[145.18455418300005,-36.87873912733017],[145.1845208959272,-36.87873936805081],[145.18448779031402,-36.87874033021473],[145.18444815035545,-36.87874227250683],[145.18440869455154,-36.878744935523564],[145.18437942204972,-36.87874732332827],[145.18435025734567,-36.87875004167462],[145.184308685111,-36.87875429775837],[145.18426729433594,-36.87875884773651],[145.18421155836418,-36.87876524874767],[145.18415596881772,-36.87877172448941],[145.18414476233457,-36.87877301935027],[145.18414337623406,-36.87877316665687],[145.18413363041157,-36.878774240917075],[145.18410085448014,-36.87877768070546],[145.18406807675203,-36.87878086252753],[145.18403840180494,-36.87878350901584],[145.18400872775615,-36.87878587741799],[145.1839778113373,-36.87878807839358],[145.1839468967151,-36.878789983318875],[145.18391579883667,-36.8787916123138],[145.18388470095815,-36.87879296178554],[145.1838531647018,-36.87879401664416],[145.18382155658017,-36.87879481209951],[145.18378680794837,-36.878795385517186],[145.1837519874513,-36.87879568156741],[145.18371749483933,-36.87879570096877],[145.18368303905834,-36.8787954968953],[145.1836421216954,-36.87879497880739],[145.18360127799443,-36.87879421999903],[145.18355189401,-36.87879290717432],[145.1835026187217,-36.87879120488543],[145.1834648778017,-36.87878948535085],[145.18342724557778,-36.87878735623216],[145.1833763650001,-36.878783711652154],[145.1833256676787,-36.878779179639714],[145.18328084533934,-36.8787743142111],[145.18323624218885,-36.878768579314],[145.1831836449306,-36.87876055146327],[145.18313141418503,-36.878751189947785],[145.1830837450845,-36.878741273695894],[145.18303658622702,-36.87873006258111],[145.182983881171,-36.87871570556853],[145.18293201514143,-36.87869962901666],[145.18288372530498,-36.87868270311217],[145.18283638408954,-36.87866405479223],[145.18279254810034,-36.87864492502591],[145.18274955113753,-36.878624389013034],[145.1826944359016,-36.87859595518791],[145.18264023425235,-36.8785661337922],[145.18260471845923,-36.87854561787813],[145.18256945958436,-36.87852456374885],[145.18250813968476,-36.87848699109579],[145.1824471117376,-36.87844891829829],[145.18237772586505,-36.87840538720767],[145.18230797437818,-36.878361986153884],[145.18228216937337,-36.878346186896614],[145.1822559987542,-36.878330517697776],[145.1822021977535,-36.87829951198983],[145.1821472280446,-36.87826954173367],[145.18210664036346,-36.878248821665046],[145.18206495763593,-36.87822923047026],[145.18201750772428,-36.87820897243382],[145.18196888910452,-36.87819047274306],[145.18192154788903,-36.87817461883867],[145.1818863258451,-36.8781644064592],[145.1818800475195,-36.87816259349584],[145.18187325895093,-36.87816061310458],[145.18182632107906,-36.878149050521586],[145.18177876067463,-36.87813926425353],[145.18173109157408,-36.878131420291815],[145.18168302092658,-36.878125426659466],[145.18163699484472,-36.878121430664784],[145.18159082233743,-36.87811913697383],[145.1815432628313,-36.878118488100675],[145.18149573925785,-36.87811948835691],[145.1814509546477,-36.87812196672163],[145.1814063514972,-36.878125870738685],[145.18135937589605,-36.87813143969333],[145.18131272907823,-36.878138432144034],[145.18126903861614,-36.8781462574221],[145.18122574880255,-36.87815524894584],[145.18118027069303,-36.87816594205281],[145.18113526509725,-36.87817772667269],[145.18109321855212,-36.87818988063789],[145.18105164452072,-36.87820296084319],[145.18100857479448,-36.87821757520165],[145.1809660162095,-36.87823311579896],[145.18092633942004,-36.87824858022428],[145.18088717556864,-36.87826478621434],[145.18084739098134,-36.87828221305708],[145.1808081525697,-36.878300380744804],[145.18077154352693,-36.87831821501034],[145.1807354438289,-36.8783366787415],[145.18069985796728,-36.878355770500676],[145.18069120719105,-36.87836063595595],[145.180664817383,-36.87837545292168],[145.1806344848691,-36.87839325052247],[145.1806045925297,-36.87841145554952],[145.1805710485387,-36.878432655580106],[145.18053801658735,-36.87845426375352],[145.18051458313488,-36.87846998969414],[145.1804914057022,-36.878485843537206],[145.1804573514681,-36.87850957866638],[145.1804235891865,-36.8785334251667],[145.18037610334224,-36.8785671505697],[145.1803286884649,-36.87860078469936],[145.18032211818695,-36.87860542810078],[145.18031558563817,-36.878609997489214],[145.18028525312425,-36.87863084608393],[145.18025466638716,-36.878651344729384],[145.18023148895452,-36.878666477090825],[145.18020794680592,-36.87868127747011],[145.18018246968612,-36.87869685462009],[145.18015651825587,-36.87871224637601],[145.18012596745137,-36.878730376595854],[145.18009538161255,-36.87874900621677],[145.1800626407154,-36.878769874174886],[145.18003055738507,-36.87879175962037],[145.1800080366209,-36.87880837220489],[145.1799862470853,-36.87882596706854],[145.1799597476828,-36.87884999742345],[145.17993525511653,-36.8788756380812],[145.17991492444503,-36.87890048471322],[145.1798969662242,-36.878926624039686],[145.17987952004307,-36.8789577602722],[145.1798655036297,-36.87899000595901],[145.17985375186913,-36.879026302190795],[145.17984564816695,-36.87906304319769],[145.17984094009654,-36.8790981932825],[145.1798387500039,-36.879133196045274],[145.17983856674755,-36.879185735369006],[145.17984079277284,-36.87923797932663],[145.17984338441244,-36.87927150178343],[145.1798466336188,-36.879304764824006],[145.17985411658518,-36.879370069304414],[145.1798622553216,-36.879435189058405],[145.17987116121935,-36.879505267552275],[145.17987959370492,-36.87957527125149],[145.1798828060804,-36.87960487165491],[145.17988550641613,-36.87963430462226],[145.17988900984577,-36.87968814060228],[145.17989046960804,-36.879741789718814],[145.17988973927774,-36.879777607032835],[145.17988700211103,-36.8798131448106],[145.17988156371035,-36.87985134770566],[145.1798733153794,-36.87988904974651],[145.17986324077347,-36.879922369284174],[145.17985042900088,-36.87995503923122],[145.17983641348584,-36.87998391877449],[145.17982006145274,-36.880011964780614],[145.17980217599538,-36.88003806779881],[145.17978206451284,-36.88006313536803],[145.17976242913736,-36.8800845210462],[145.17974114804824,-36.880104926607764],[145.1797177154941,-36.880124851449885],[145.17969278634666,-36.88014366539947],[145.1796700841228,-36.88015902021748],[145.1796463946504,-36.8801735242626],[145.17962007760585,-36.880188065669856],[145.17959281194032,-36.880201718221485],[145.17958379644813,-36.88020588081212],[145.17957434347642,-36.8802100060377],[145.17953240472906,-36.88022772919977],[145.17948991800938,-36.8802454343939],[145.17945882102921,-36.88025884693797],[145.17942786867775,-36.88027333300027],[145.179408232404,-36.880283525696726],[145.1793889231169,-36.8802947559844],[145.179363702017,-36.88031179362608],[145.17934026946287,-36.88033073758793],[145.1793193917173,-36.88035092176908],[145.17930084959156,-36.88037254808216],[145.1792947895566,-36.88038122461729],[145.17928248982375,-36.88039879828054],[145.17926719600604,-36.88042616007169],[145.17925171893202,-36.8804613476124],[145.17923927367204,-36.88049781200475],[145.17923036777435,-36.88053131450758],[145.17922332228758,-36.88056561315121],[145.17921463557877,-36.8806209279719],[145.1792079197737,-36.88067617017891],[145.17920452504026,-36.880711689574746],[145.17920167827913,-36.880747080333585],[145.1791968974452,-36.88081723235275],[145.17919266278693,-36.88088729089609],[145.17918824666899,-36.88096245753397],[145.17918346403846,-36.88103753068669],[145.17918120208054,-36.88106831468901],[145.17917861044094,-36.88109894993976],[145.17917266089881,-36.88115489453923],[145.17916506833802,-36.881210505692515],[145.17915911969422,-36.88124437865216],[145.17915156396438,-36.8812777716086],[145.1791409054535,-36.881314086872294],[145.17912750977598,-36.88134947807051],[145.17911546516467,-36.88137434042414],[145.17910093850824,-36.88139803944692],[145.1790846592386,-36.881419278168345],[145.17906589882224,-36.88143901728325],[145.17904534896178,-36.881456592858704],[145.1790224994142,-36.88147246548244],[145.17900019873733,-36.8814852857314],[145.1789764005688,-36.88149677308077],[145.17894176242976,-36.88151090897786],[145.17890577322456,-36.88152350647205],[145.17887858032256,-36.881531887555354],[145.17885073165047,-36.88153965715789],[145.1787963099139,-36.88155373556363],[145.17874141296855,-36.881567185960655],[145.1787319968278,-36.881569405538215],[145.17872243336328,-36.88157162583423],[145.178626804108,-36.88159384316182],[145.1785311002926,-36.881616154611926],[145.17846175035265,-36.881632508625515],[145.17839240041272,-36.88164913927415],[145.17834316105703,-36.881661220832754],[145.17829396032892,-36.88167361495495],[145.1782267636507,-36.881691116466634],[145.17815978616147,-36.88170932070753],[145.17810569230997,-36.881724637846574],[145.17805178261315,-36.881740659871085],[145.17798834538445,-36.881760584286404],[145.17792542019538,-36.881781636805],[145.17787537774586,-36.88179954426721],[145.17782592099792,-36.881818581270196],[145.1777748939948,-36.88183974514647],[145.1777247051199,-36.88186227855349],[145.1776787158689,-36.8818846632162],[145.17763367434057,-36.88190834339857],[145.17759177242417,-36.88193217087413],[145.17755092962145,-36.881957165249155],[145.1775122032495,-36.88198269420872],[145.17747468062015,-36.88200933545697],[145.1774404071971,-36.882035456474405],[145.1774073384149,-36.88206248571468],[145.17737456158505,-36.882091123750875],[145.1773430612613,-36.88212059456094],[145.17731503023123,-36.882148584455],[145.1772880196872,-36.882177185095],[145.17725991409696,-36.882208839504024],[145.17723294218058,-36.882240973163476],[145.1772157861553,-36.88226243367803],[145.17719914306798,-36.882284004841026],[145.17716811795304,-36.88232538961144],[145.17713760397942,-36.88236684765],[145.17710690674954,-36.88240863906603],[145.17707595439816,-36.8824500977779],[145.17706157326876,-36.88246883858272],[145.17704693791612,-36.882487227301375],[145.17702083916217,-36.882518214064255],[145.17699353846237,-36.882548277499424],[145.17697244062964,-36.882569626555],[145.176950323209,-36.88258997684397],[145.17692225444964,-36.88261287935538],[145.17689246900977,-36.882633987684514],[145.1768661169309,-36.882649916109045],[145.1768383032931,-36.882664012991874],[145.17680924998018,-36.88267616768016],[145.1767789902298,-36.8826864347832],[145.17674099508656,-36.8826967586489],[145.17670193993123,-36.8827050461943],[145.17666894391257,-36.88271048547931],[145.17663543675243,-36.88271468457833],[145.17659488500394,-36.882718384297625],[145.1765540053703,-36.88272078922285],[145.1765237096873,-36.88272178798175],[145.17649323254466,-36.88272219538916],[145.17645578357713,-36.88272202868982],[145.17641822501506,-36.88272123327538],[145.1763929311516,-36.882720382534],[145.17636730760645,-36.88271929180303],[145.17634241439163,-36.882718216879766],[145.17631697320442,-36.8827173855387],[145.17629733693067,-36.88271723752118],[145.1762765687796,-36.882717958926904],[145.17626598393065,-36.88271921707574],[145.176254120779,-36.88272214006221],[145.17624222169468,-36.882727374564524],[145.17623225758163,-36.88273494285662],[145.17622364363632,-36.88274500588887],[145.17621813247206,-36.882754626304546],[145.17621130707252,-36.88277036932286],[145.1762054662266,-36.88278489155381],[145.17620334979577,-36.88279010880709],[145.17620119563574,-36.88279473399052],[145.17619312966278,-36.88280984828616],[145.17618411417058,-36.88282455660907],[145.17617166711398,-36.882842537835295],[145.1761581627403,-36.88286014973276],[145.17614155468738,-36.88288000056589],[145.17612403484438,-36.88289951871456],[145.1760942152685,-36.88293085738966],[145.17606344437675,-36.88296178864576],[145.17603493903619,-36.88298946423428],[145.17600588482492,-36.88301691994294],[145.17596664820996,-36.88305312372616],[145.1759269354879,-36.88308906954061],[145.17589109270804,-36.88312092619647],[145.17585492114483,-36.88315261685916],[145.1758114858042,-36.88319020805401],[145.17576779444377,-36.8832275786426],[145.1757290321392,-36.88326034130259],[145.1756900497475,-36.88329299473256],[145.17564741750073,-36.88332840369526],[145.17560460379423,-36.88336366390678],[145.17556010933993,-36.883399942970726],[145.1755153983916,-36.883435981311614],[145.1754836788789,-36.88346117853692],[145.17545174197394,-36.88348611492953],[145.1754123589336,-36.88351625199159],[145.17537249978614,-36.88354596295714],[145.17533921181493,-36.88357010535352],[145.1753054854659,-36.88359378645029],[145.17526745349176,-36.88361957496801],[145.175228835816,-36.883644753451144],[145.17519332181953,-36.883666934967906],[145.17515722391815,-36.88368850645267],[145.17511798550655,-36.883710835972344],[145.17507812815575,-36.8837323686445],[145.17503841543365,-36.88375268197898],[145.17499808287397,-36.883772199904605],[145.17495607226144,-36.88379143975735],[145.1749134768456,-36.883809847557586],[145.17486843531725,-36.88382821799027],[145.17482284761323,-36.88384573768969],[145.1747771134838,-36.883862293848644],[145.17473086731465,-36.88387800143111],[145.17468684806906,-36.88389196875351],[145.17464242727658,-36.8839050673822],[145.1745968027416,-36.88391742521417],[145.1745508494233,-36.88392872753797],[145.17451172060612,-36.88393734978004],[145.17447233846408,-36.88394487987065],[145.1744312396415,-36.88395144642519],[145.1743900662588,-36.88395657090968],[145.17435955138689,-36.88395910512952],[145.1743291479061,-36.883960233205784],[145.17430042247824,-36.88395982724202],[145.1742719890029,-36.8839578103566],[145.17424753416594,-36.88395455474269],[145.1742234440449,-36.88394974425133],[145.17420351492035,-36.88394443510672],[145.17418398734273,-36.883937996448154],[145.17416300000275,-36.88392969035505],[145.1741424869732,-36.883920199421055],[145.17412858015427,-36.88391292943239],[145.1741147101663,-36.883905104745246],[145.1740926286783,-36.88389172804913],[145.17407065498813,-36.883877742763616],[145.1740413447571,-36.88385866891094],[145.17401163387734,-36.88383952104578],[145.17400375116077,-36.883834563250375],[145.17399561152592,-36.8838296420992],[145.17398137592363,-36.8838214847282],[145.17397696070398,-36.883818931103725],[145.17395790653853,-36.88380860810828],[145.1739342538971,-36.88379645288175],[145.1739103110998,-36.88378479846278],[145.17389165848127,-36.8837760662697],[145.1738729339975,-36.88376757406183],[145.1738455228049,-36.88375549427355],[145.1738180756797,-36.88374367315126],[145.1737932192958,-36.88373312812233],[145.1737684356754,-36.883722675062785],[145.17374503815554,-36.883712832745694],[145.17372178795935,-36.883702990427324],[145.17369335358566,-36.883690725968584],[145.1736651033666,-36.883678294092086],[145.1736445166752,-36.88366902515035],[145.1736241509694,-36.8836595535841],[145.17360093580757,-36.883648489770046],[145.17357794073294,-36.88363716872318],[145.1735520261336,-36.88362401472225],[145.1735262570613,-36.88361060276925],[145.17350329881762,-36.883598355540215],[145.17348048699935,-36.88358592293017],[145.17345333092828,-36.88357088279604],[145.1734263203843,-36.88355563931676],[145.17340394604554,-36.883542854623066],[145.17338168130118,-36.883529961430106],[145.17335207911765,-36.88351264500055],[145.17332251466337,-36.88349523659599],[145.17330740320364,-36.883486263664075],[145.17329229354056,-36.88347725336787],[145.1732526526837,-36.88345361103533],[145.1732130154201,-36.88342993133215],[145.17317523766917,-36.88340743503251],[145.1731373494254,-36.88338503069751],[145.17311672769975,-36.883373006893684],[145.1730959963796,-36.88336105565907],[145.17306205173995,-36.88334194503246],[145.17302766872245,-36.883323149115455],[145.17299963679403,-36.88330829430929],[145.17297116558942,-36.88329379014104],[145.1729364537885,-36.88327688034387],[145.17290112215005,-36.88326060069066],[145.17287020662954,-36.88324720735551],[145.17283874313677,-36.883234496618435],[145.1728026075061,-36.8832210285519],[145.17276581790196,-36.88320861599915],[145.1727325649651,-36.88319860691754],[145.17269880358177,-36.88318970867762],[145.17266485714552,-36.88318199456958],[145.1726306205534,-36.883175425793254],[145.17259218613398,-36.883169321903566],[145.17255360528912,-36.88316438202781],[145.17252020862185,-36.8831610150083],[145.17248681105622,-36.88315838807196],[145.1724470264689,-36.883156075132014],[145.1724073146451,-36.88315452167559],[145.17237742050912,-36.883153817518625],[145.17234759913663,-36.883153448914015],[145.17230507738267,-36.88315333826079],[145.17226262839222,-36.88315357753046],[145.172210578208,-36.88315413367072],[145.1721586753475,-36.88315481699038],[145.17214035330898,-36.88315503973391],[145.17212213996663,-36.88315518846909],[145.17208793930715,-36.883155280440626],[145.1720537377493,-36.88315516835032],[145.1720203779129,-36.88315481699038],[145.17198716180695,-36.883154263005665],[145.17188872172315,-36.88315130267231],[145.1717838577868,-36.883145660075435],[145.17178097329645,-36.88314549337702],[145.17176071628674,-36.88314442061534],[145.17163585046228,-36.883134263508595],[145.1716051532324,-36.88313095181438],[145.1715151806685,-36.88312123947459],[145.17090785845096,-36.88303969227259],[145.17078361156575,-36.88302134033193],[145.17068772629062,-36.88300470854511],[145.17062082156485,-36.882991369773286],[145.17055523017606,-36.88297668088282],[145.17048719447143,-36.882959605753655],[145.17041861169278,-36.882940531671615],[145.1703496264688,-36.882919478754],[145.1702802774272,-36.88289644699917],[145.1702106705691,-36.88287141628654],[145.170140847217,-36.88284440601439],[145.1700708756429,-36.88281539821741],[145.17000291270173,-36.882785353569254],[145.1699334163364,-36.88275281273163],[145.16986519827378,-36.88271932844813],[145.16973686495223,-36.88265269036199],[145.16957984213553,-36.882565167339045],[145.16955812446523,-36.88255249528919],[145.16954403439001,-36.88254416964499],[145.16954337772154,-36.882543800318906],[145.1695189956481,-36.88252912858715],[145.16946128967083,-36.88249101900404],[145.1694246446955,-36.88246117901043],[145.16934981862553,-36.8823891581557],[145.1693315693506,-36.88237084270397],[145.16928693026748,-36.88232433408307],[145.16925108569103,-36.8822843368045],[145.16921484226253,-36.88224063976272],[145.16919586265726,-36.88221618294566],[145.16917899948274,-36.88219324295137],[145.16916286574022,-36.88217000691305],[145.1691450171138,-36.88214259041941],[145.1691283003647,-36.882114785187234],[145.16911388240442,-36.88208884670549],[145.16910059721968,-36.88206255828697],[145.1690884789465,-36.882036066513216],[145.16907738295606,-36.88200926144752],[145.16906526558122,-36.88197679285157],[145.16905420462516,-36.88194397431335],[145.16904577483453,-36.881916537619475],[145.1690379630848,-36.88188889900613],[145.1690284005186,-36.88185230594093],[145.16901945689165,-36.881815694894655],[145.16897036575799,-36.88158930987905],[145.16895029020802,-36.88150458076966],[145.16893141929884,-36.88143378053701],[145.1689109790329,-36.881363407054046],[145.1688896629095,-36.881295641824615],[145.16885604705323,-36.88119798000123],[145.168822978271,-36.881111825579545],[145.16880144295865,-36.881060857606556],[145.16879118599482,-36.881038676769826],[145.1687810763546,-36.881016883942344],[145.16876132868967,-36.88097847684422],[145.16874260510426,-36.88094608325753],[145.16872420940382,-36.88091801819365],[145.16870650630455,-36.88089432045902],[145.16867945982796,-36.88086342572996],[145.16861032907698,-36.88080021206903],[145.16810502403467,-36.88042157210953],[145.1680733413529,-36.880397336742845],[145.16804538218804,-36.880375747801615],[145.16801756944852,-36.8803540460413],[145.16799559665665,-36.88033678565731],[145.16797369662834,-36.88031947065928],[145.1679365027823,-36.880289815204144],[145.1678993448689,-36.88026006704391],[145.16785726149283,-36.880226377597744],[145.16782368156916,-36.880199534531954],[145.1678065264422,-36.88018602928382],[145.16772159073204,-36.88011924527568],[145.1676471671074,-36.88006361464529],[145.16757365706937,-36.88001200070844],[145.16752314120774,-36.8799817350787],[145.16750105702474,-36.8799692293055],[145.16747839163185,-36.879957258855654],[145.16745503184117,-36.87994575115507],[145.1674311609091,-36.87993487434648],[145.16740772745663,-36.87992506890621],[145.1673838924572,-36.879915948968964],[145.16736027754501,-36.87990771573127],[145.16733633384945,-36.87990014859606],[145.16730957842705,-36.87989245427532],[145.16728264154486,-36.87988546054808],[145.1672571284925,-36.879879447652336],[145.16719971356943,-36.879867681977565],[145.1671370444003,-36.87985676707426],[145.1670329098959,-36.879841596146534],[145.16692541659071,-36.87982848029394],[145.16677799227278,-36.87981369881953],[145.1666076106095,-36.879800434220435],[145.16651920830066,-36.87979666106674],[145.16644171872596,-36.87979514346991],[145.16637386537928,-36.87979623424264],[145.16632959011386,-36.879798435907674],[145.16626728566072,-36.87980378270561],[145.16620056329296,-36.879812219306665],[145.1661564353513,-36.879819322980104],[145.16611164894448,-36.87982801754208],[145.16606438139087,-36.87983895113202],[145.16601572683845,-36.87985219776045],[145.16599028744793,-36.87985994885136],[145.16596407999782,-36.87986851478675],[145.16593812766928,-36.87987757796357],[145.16591046045684,-36.87988784688002],[145.16588312292612,-36.87989865040236],[145.16585366626964,-36.87991093487127],[145.16579756737843,-36.879936169187616],[145.1657355521828,-36.87996645351792],[145.16567332139147,-36.87999860608496],[145.16533051349933,-36.88018586401606],[145.16532317516177,-36.88022293643752],[145.16531587545174,-36.88025999231421],[145.16526317039572,-36.88052700391292],[145.16412019085914,-36.88533711835244],[145.16458324633695,-36.88699325031119],[145.16780926181224,-36.89853018598114],[145.16981343914375,-36.89878710437683]]],"crs":null},"id":175,"type":"Feature","properties":{"owner":"Colin Rees (CRT) Group","hectares":477.53769531,"inlandrail":null,"operator":null,"locality_name":"Mangalore","imt":1,"kfr":"Y","name":"Mangalore Airfield Intermodal Freight Terminal (MAIFT)","location":"Vic Regional","state":"VIC","SHAPE__Length":11846.984674653802,"objectid":175,"SHAPE__Area":7479486.3866851,"status":"Proposed"}},{"geometry":{"type":"Polygon","coordinates":[[[142.36005541949152,-35.143841972871655],[142.3520693822426,-35.143841972137075],[142.35948498748945,-35.15824225133262],[142.36761363318797,-35.15830054750261],[142.36005541949152,-35.143841972871655]]],"crs":null},"id":176,"type":"Feature","properties":{"owner":"Ouyen Inc.","hectares":117.3113306,"inlandrail":null,"operator":null,"locality_name":"Ouyen","imt":1,"kfr":"Y","name":"Sunraysia Mallee Port Link IMT","location":"Vic Regional","state":"VIC","SHAPE__Length":6061.957723853148,"objectid":176,"SHAPE__Area":1758760.514021585,"status":"Proposed"}},{"geometry":{"type":"Polygon","coordinates":[[[115.99921359935163,-31.690515573254537],[115.99858606953185,-31.679661534152324],[115.99472688281674,-31.679642970667807],[115.99463891619087,-31.690584697166372],[115.99538000204575,-31.69059766859535],[115.99538738260412,-31.69476254245837],[115.99539479729846,-31.698927429635198],[115.99961944921387,-31.698951797982964],[115.99941648385857,-31.694733667226075],[115.99921359935163,-31.690515573254537]]],"crs":null},"id":177,"type":"Feature","properties":{"owner":"Arc Infrastructure","hectares":83.89112233,"inlandrail":null,"operator":null,"locality_name":"Bullsbrook","imt":1,"kfr":null,"name":"Bullsbrook Intermodal Terminal","location":"Perth Metro","state":"WA","SHAPE__Length":6029.906385348475,"objectid":177,"SHAPE__Area":1162146.63263834,"status":"Proposed"}},{"geometry":{"type":"Polygon","coordinates":[[[150.64489572757998,-31.35484658546611],[150.64482442380432,-31.355029257246642],[150.64476738078383,-31.355264700607098],[150.6445011794224,-31.357079220315327],[150.64446790312934,-31.357408021457484],[150.64444413640186,-31.3576637556513],[150.64447741089825,-31.35791137014941],[150.64453445391882,-31.358171162463243],[150.6446818153547,-31.358629855220272],[150.64490998833517,-31.359100724086847],[150.64489097369554,-31.35884093510865],[150.64487671294043,-31.35854461169789],[150.64488622070937,-31.35829699886746],[150.64493375596092,-31.357813948997304],[150.64508587128128,-31.356592104631513],[150.64520946509134,-31.355678755059525],[150.64522372494812,-31.355439253896034],[150.64527126199633,-31.35524034445121],[150.64531879724794,-31.35500490102974],[150.64538534803742,-31.354769457018723],[150.64561352011958,-31.35378707983968],[150.64544239105794,-31.353746486116524],[150.64535682652712,-31.353726188481232],[150.6455659839697,-31.35319846070025],[150.64563253475922,-31.352857465683567],[150.6456277808747,-31.352662611271544],[150.6455945063783,-31.352467756455738],[150.64580841860365,-31.350550034423698],[150.64434431111593,-31.350517558175277],[150.64406860288383,-31.35270158141911],[150.64359324318158,-31.354422784034348],[150.64346014250089,-31.354836842961156],[150.64342211411997,-31.355161592325825],[150.64432529647632,-31.355421392237396],[150.64496199090863,-31.354695686992635],[150.64489572757998,-31.35484658546611]]],"crs":null},"id":178,"type":"Feature","properties":{"owner":"Crawford Freight Group","hectares":9.82681142,"inlandrail":null,"operator":"Crawford Freight Group","locality_name":"Werris Creek","imt":1,"kfr":null,"name":"Werris Creek Intermodal Freight Terminal","location":"NSW Regional","state":"NSW","SHAPE__Length":2739.047364220173,"objectid":178,"SHAPE__Area":135165.958075325,"status":"Operational"}},{"geometry":{"type":"Polygon","coordinates":[[[144.9160733339859,-37.80789608200319],[144.91583471359866,-37.80906210428871],[144.9158079599729,-37.80942065955326],[144.9161345757321,-37.809493015955944],[144.916690746979,-37.809552351829495],[144.917252403339,-37.80960192338274],[144.91802248501466,-37.80968079124582],[144.92583739410017,-37.81046945956576],[144.92602278391698,-37.809263921052505],[144.9260900605452,-37.808916804337116],[144.92555899631216,-37.80886261912361],[144.91700936773216,-37.80798136908179],[144.9160733339859,-37.80789608200319]]],"crs":null},"id":179,"type":"Feature","properties":{"owner":"SALTA/Patrick","hectares":15.57794965,"inlandrail":null,"operator":"SALTA/Patrick","locality_name":"West Melbourne","imt":1,"kfr":"Y","name":"Metropolitan Intermodal Rail Terminal (MIRT)","location":"Melbourne Metro","state":"VIC","SHAPE__Length":2688.5390284974287,"objectid":179,"SHAPE__Area":249991.347532815,"status":"Operational"}},{"geometry":{"type":"Polygon","coordinates":[[[144.24385019707842,-32.908371798154434],[144.24562569388127,-32.9090506665422],[144.25052783811597,-32.909424803113495],[144.2503495782276,-32.911070987808095],[144.25332057457013,-32.911370290964605],[144.25325675286243,-32.912120352856896],[144.25370680342988,-32.91289173227678],[144.25424158219658,-32.91456279349497],[144.2541227431694,-32.91521125605479],[144.2536176734857,-32.916283703432796],[144.25320173374627,-32.91700697431459],[144.25284521396955,-32.91780505954099],[144.25266695497953,-32.91837867939433],[144.25260753501672,-32.91905205447828],[144.25281550398813,-32.92014939398097],[144.2561727291905,-32.92850369794491],[144.2569154778269,-32.92980041401332],[144.25834155603545,-32.93139634801485],[144.25840097599817,-32.931870134624965],[144.25955966437417,-32.93119685783922],[144.2589951756261,-32.9312467304253],[144.25854952500688,-32.93099736721373],[144.25730170758504,-32.92952611146521],[144.2568560587625,-32.92885281608522],[144.25644011812466,-32.928054830494126],[144.25335028365322,-32.920299031091425],[144.25311260380204,-32.9193263902525],[144.25308289382065,-32.918702896912805],[144.25314231378346,-32.91810433992832],[144.25332057367183,-32.91750577889572],[144.2538256433555,-32.91650816692233],[144.25441984208499,-32.91508655194028],[144.2546872328158,-32.914413146686094],[144.2546872328158,-32.91408891345362],[144.25465752283446,-32.9137896194888],[144.25400390324384,-32.9114451158415],[144.2554299814523,-32.911120871737765],[144.25596476111738,-32.91077168439377],[144.25608360104292,-32.90999847727503],[144.26172849391412,-32.91039755276021],[144.26179784654897,-32.90999594254931],[144.24385019707842,-32.908371798154434]]],"crs":null},"id":180,"type":"Feature","properties":{"owner":"Tronox Mining Australia Ltd","hectares":27.81933966,"inlandrail":null,"operator":"Tronox Mining Australia Ltd","locality_name":"Ivanhoe","imt":1,"kfr":null,"name":"Ivanhoe Rail Facility","location":"NSW Regional","state":"NSW","SHAPE__Length":10297.578752606023,"objectid":180,"SHAPE__Area":395884.29959476,"status":"Operational"}},{"geometry":{"type":"Polygon","coordinates":[[[145.0109404621478,-37.45719080961283],[145.0105142268168,-37.456828293120694],[145.01039538689128,-37.45602642897578],[145.0105142268168,-37.45546040154663],[145.01093016655625,-37.45508304826042],[145.01199972498807,-37.45442267418023],[145.01306928431816,-37.45404531494506],[145.01413884275,-37.4539509755519],[145.01431710263833,-37.45357361322376],[145.01348522315934,-37.4514509208035],[145.01360406398322,-37.450932031461846],[145.01473304147947,-37.44975272320946],[145.01467362151672,-37.44890360924194],[145.0139605828616,-37.44833752862226],[145.01083002236845,-37.44860112662602],[145.0100388689112,-37.44866774325365],[145.0089098896183,-37.447158179467294],[145.00742439144705,-37.44682795817259],[145.00629541395074,-37.44663925963545],[145.00564179436012,-37.4468751320193],[145.00553681004953,-37.44687773658247],[145.00215398914983,-37.46676322882962],[145.0015353292951,-37.46700117531465],[145.00277264900456,-37.47061795605001],[145.00270042265905,-37.47206246681397],[145.00323010258822,-37.47211118895122],[145.00605630667664,-37.45524663763698],[145.0094827291053,-37.4556273523867],[145.00986344320754,-37.45753092059676],[145.0109404621478,-37.45719080961283]]],"crs":null},"id":181,"type":"Feature","properties":{"owner":"National Intermodal Corp./GVLink","hectares":97.81568095,"inlandrail":"Y","operator":null,"locality_name":"Beveridge","imt":1,"kfr":"Y","name":"Beveridge Interstate Freight Terminal (BIFT)","location":"Melbourne Metro","state":"VIC","SHAPE__Length":9541.558605187796,"objectid":181,"SHAPE__Area":1554949.689398315,"status":"Proposed"}},{"geometry":{"type":"Polygon","coordinates":[[[115.75980607322947,-32.24295559382883],[115.76194532753529,-32.244219745027216],[115.76194534909483,-32.244220212291054],[115.76195021796367,-32.244222635224915],[115.76195999522722,-32.24422749932711],[115.76210697128579,-32.24430062190191],[115.76222105732691,-32.244163925597064],[115.76472144785166,-32.245651500014475],[115.76566265948719,-32.24571582639126],[115.76236629065382,-32.2437856794459],[115.76250849126833,-32.243631044638995],[115.76280083719777,-32.243269196262595],[115.76290066248373,-32.24305811744062],[115.76304327093338,-32.242877192671315],[115.76307179154536,-32.24279879144615],[115.76303614010668,-32.24272642137507],[115.76290779331045,-32.24266611217863],[115.76064745868075,-32.242171580728154],[115.759791811576,-32.241942406296346],[115.75972763862704,-32.242394723338414],[115.76010554908727,-32.24240075382202],[115.76016259210783,-32.24247312567215],[115.75980607322947,-32.24295559382883]]],"crs":null},"id":182,"type":"Feature","properties":{"owner":"Fremantle Ports","hectares":5.67376679,"inlandrail":null,"operator":"Fremantle Ports","locality_name":"Kwinana Beach","imt":1,"kfr":null,"name":"Fremantle Ports Kwinana Bulk Jetty (KBT)","location":"Perth Metro","state":"WA","SHAPE__Length":1952.8390689712792,"objectid":182,"SHAPE__Area":79544.39816424,"status":"Operational"}},{"geometry":{"type":"Polygon","coordinates":[[[134.545020709033,-29.526761707870445],[134.5453415764727,-29.526761707870445],[134.54626852735308,-29.51509688434574],[134.54683895935517,-29.51457979589059],[134.54688649460672,-29.513835182279237],[134.546066499839,-29.513793815347235],[134.545020709033,-29.526761707870445]]],"crs":null},"id":183,"type":"Feature","properties":{"owner":"OZ Minerals Ltd","hectares":4.93549391,"inlandrail":null,"operator":"OZ Minerals Ltd","locality_name":"Ingomar","imt":1,"kfr":null,"name":"Prominent Hill Loading Site","location":"SA Regional","state":"SA","SHAPE__Length":3473.0799382906007,"objectid":183,"SHAPE__Area":65405.2760047,"status":"Operational"}},{"geometry":{"type":"Polygon","coordinates":[[[134.56012050052524,-29.50956062144841],[134.56080501767005,-29.509610264466307],[134.5611472775899,-29.50504299710006],[134.56042473026758,-29.5050098997432],[134.56012050052524,-29.50956062144841]]],"crs":null},"id":184,"type":"Feature","properties":{"owner":"Arrium","hectares":3.46148547,"inlandrail":null,"operator":"Peak Iron Pty Ltd","locality_name":"Ingomar","imt":1,"kfr":null,"name":"Peculiar Knob Loading Site","location":"SA Regional","state":"SA","SHAPE__Length":1325.5200186639483,"objectid":184,"SHAPE__Area":45860.31298686,"status":"Operational"}},{"geometry":{"type":"Polygon","coordinates":[[[134.493164837623,-29.26988010218656],[134.50251991005982,-29.27967410420112],[134.50278611142122,-29.27964922651531],[134.5030237912724,-29.2795248372119],[134.50315689195307,-29.279367277680365],[134.50321393497362,-29.27914337761785],[134.50315689195307,-29.27899411063692],[134.50304280591197,-29.278853135804678],[134.50280512606085,-29.27875362344209],[134.5022632164674,-29.278604355891893],[134.5019684935957,-29.278521429642037],[134.49372576185607,-29.269871808308185],[134.49345956049473,-29.269714234678574],[134.493164837623,-29.26988010218656]]],"crs":null},"id":185,"type":"Feature","properties":{"owner":"Cu-River Mining","hectares":6.45762725,"inlandrail":null,"operator":"Cu-River Mining (Cairn Hill Mine)","locality_name":"Ingomar","imt":1,"kfr":null,"name":"Cairn Hill Loading Site","location":"SA Regional","state":"SA","SHAPE__Length":3421.2501594034447,"objectid":185,"SHAPE__Area":85164.86623584,"status":"Operational"}},{"geometry":{"type":"Polygon","coordinates":[[[131.76685199934747,-13.687805514345383],[131.76718498865358,-13.694160722916326],[131.76728481393954,-13.694285422070251],[131.76739890087896,-13.694479396170033],[131.767612812206,-13.69457638446909],[131.7677839412676,-13.69453481843415],[131.76784098428814,-13.694437830990722],[131.76784098428814,-13.694285422070251],[131.7677839412676,-13.694063735318604],[131.7677126374919,-13.693883615388133],[131.767612812206,-13.693661928257669],[131.76741316163407,-13.688618499839697],[131.76738464012382,-13.688078125378238],[131.76745594389953,-13.687801010683492],[131.76685199934747,-13.687805514345383]]],"crs":null},"id":186,"type":"Feature","properties":{"owner":"NT Mining Operations Pty Ltd","hectares":4.01437262,"inlandrail":null,"operator":"GBS Gold Australia Pty Ltd","locality_name":"Douglas-Daly","imt":1,"kfr":null,"name":"Union Reef Ore Loader","location":"NT Regional","state":"NT","SHAPE__Length":1665.2143311744387,"objectid":186,"SHAPE__Area":42780.433439585,"status":"Operational"}},{"geometry":{"type":"Polygon","coordinates":[[[143.26712817270337,-35.46440275094495],[143.2671314030451,-35.45437246157733],[143.25814971625448,-35.454365151418465],[143.25789480132633,-35.45436494579739],[143.26604373547556,-35.465478980998775],[143.26619011415448,-35.46533018150625],[143.26712817270337,-35.46440275094495]]],"crs":null},"id":187,"type":"Feature","properties":{"owner":"QUBE Holdings","hectares":57.13937173,"inlandrail":null,"operator":"QUBE Agri","locality_name":"Ultima","imt":1,"kfr":null,"name":"Ultima Intermodal Terminal","location":"Vic Regional","state":"VIC","SHAPE__Length":4358.523340484831,"objectid":187,"SHAPE__Area":863117.65727997,"status":"Operational"}},{"geometry":{"type":"Polygon","coordinates":[[[143.79683039178292,-37.52813691040684],[143.79721411254647,-37.52759603681728],[143.79775942765315,-37.52682745855411],[143.79788545140602,-37.52664540659605],[143.79793035549213,-37.526267284275384],[143.79761029563787,-37.52596613495792],[143.79752535633446,-37.52593460478078],[143.79751411661363,-37.52593073555258],[143.79747799805102,-37.52591828292005],[143.79742953124648,-37.525902620769756],[143.79738076081142,-37.52588786554503],[143.79733158523615,-37.52587420176688],[143.7972821060303,-37.52586162587375],[143.79723221809095,-37.52585014142836],[143.7971822618797,-37.52583965225252],[143.79713188346028,-37.52583016333373],[143.7970813235811,-37.5258217601645],[143.797030581344,-37.52581444274529],[143.79697964686736,-37.525808119884616],[143.7969286477121,-37.5258028827745],[143.79687745631728,-37.52579872999028],[143.7968261948539,-37.52579556891558],[143.79677475103256,-37.52579349572925],[143.79672334044886,-37.52579240926562],[143.79667197118764,-37.52579240712831],[143.7966206531304,-37.525793576234435],[143.79656925242813,-37.52579564514615],[143.79651789215006,-37.52579879410948],[143.79646669267044,-37.525803021699346],[143.79641564051454,-37.52580832862809],[143.79636463237608,-37.52581462227887],[143.79631377784952,-37.5258219945556],[143.79626319012266,-37.52583044403305],[143.7962128673987,-37.52583996501137],[143.79616270098168,-37.52585047627263],[143.79611280405925,-37.52586215022554],[143.79606328173423,-37.52587480876096],[143.7960140315988,-37.525888540220244],[143.79596515426417,-37.525903251986406],[143.79592860900178,-37.52591496084031],[143.79591518637483,-37.525918982530236],[143.79451924215252,-37.52639118797354],[143.79402052265965,-37.52655874407121],[143.7940153842962,-37.52656049165675],[143.79397840514756,-37.526572748264435],[143.79395862514332,-37.526579089583414],[143.79391325393325,-37.52659380762519],[143.7939020761962,-37.52659732416738],[143.79379773058773,-37.52662889467279],[143.79377624917433,-37.52663509635127],[143.79368737165672,-37.5266599800021],[143.79366912148342,-37.52666493065645],[143.7935648171975,-37.52669172360064],[143.79354464103614,-37.52669663150729],[143.7934525843808,-37.526718348402596],[143.79343419317203,-37.526722584489484],[143.79333196040108,-37.5267443690577],[143.79330523821633,-37.52674970655381],[143.79320090069274,-37.52676974139623],[143.79309220364505,-37.52678825947904],[143.79306746763535,-37.52679229109583],[143.7929599240245,-37.52680834774303],[143.792849925318,-37.52682248297569],[143.79282740185883,-37.52682519446649],[143.79274097943693,-37.526834517976056],[143.7927303344008,-37.52683618291379],[143.79235396904286,-37.528731630947675],[143.7945365661628,-37.52971676308214],[143.79467842990908,-37.52978060243787],[143.79800272826301,-37.53127721332231],[143.7982401763488,-37.53138421171732],[143.7999222447688,-37.53214145046865],[143.8014418169371,-37.53282532618411],[143.80163762451622,-37.53291352797747],[143.80174685516323,-37.532635094474934],[143.8017996832885,-37.53250042938546],[143.79842252896154,-37.53097893163623],[143.79837462360413,-37.53095730787906],[143.79979501996843,-37.52895311300329],[143.7994731976196,-37.52880842198322],[143.79814239832334,-37.528210091550235],[143.7975059069103,-37.527923921474994],[143.79727110615966,-37.52797607948348],[143.79707634421953,-37.528247582227245],[143.79683039178292,-37.52813691040684]]],"crs":null},"id":188,"type":"Feature","properties":{"owner":"City of Ballarat","hectares":24.07137875,"inlandrail":null,"operator":null,"locality_name":"Mitchell Park","imt":1,"kfr":"Y","name":"Ballarat Intermodal Freight Terminal","location":"Vic Regional","state":"VIC","SHAPE__Length":3597.3175947867253,"objectid":188,"SHAPE__Area":383404.850670465,"status":"Under Construction"}},{"geometry":{"type":"Polygon","coordinates":[[[121.47475718346611,-30.854254816983065],[121.47209704283942,-30.847056831047084],[121.47166099880394,-30.84944223595479],[121.47343989123856,-30.854254294122395],[121.47475718346611,-30.854254816983065]]],"crs":null},"id":189,"type":"Feature","properties":{"owner":"Arc Infrastructure","hectares":8.3892443,"inlandrail":null,"operator":"Arc Infrastructure, Watco, QUBE Holdings","locality_name":"Yilkari","imt":1,"kfr":null,"name":"Hampton IMT","location":"WA Regional","state":"WA","SHAPE__Length":2093.551867981852,"objectid":189,"SHAPE__Area":114190.716149655,"status":"Operational"}},{"geometry":{"type":"Polygon","coordinates":[[[121.32161956148708,-28.86768583159184],[121.32122025944497,-28.867202934695573],[121.32100543453129,-28.86724325420283],[121.32222538261976,-28.870292934480037],[121.3226864600073,-28.870123568621565],[121.32161956148708,-28.86768583159184]]],"crs":null},"id":190,"type":"Feature","properties":{"owner":"QUBE Bulk/Aurizon","hectares":1.4908618,"inlandrail":null,"operator":"QUBE, Aurizon","locality_name":"Leonora","imt":1,"kfr":"Y","name":"Leonora IMT","location":"WA Regional","state":"WA","SHAPE__Length":898.5250416005913,"objectid":190,"SHAPE__Area":19510.055544665,"status":"Operational"}},{"geometry":{"type":"Polygon","coordinates":[[[146.39269194164063,-34.559407509270294],[146.39278231305656,-34.55947489958833],[146.39412727429317,-34.55809268248805],[146.39484496442478,-34.55847430684611],[146.39534226008797,-34.55796237096979],[146.39457936313804,-34.55747370280775],[146.39269194164063,-34.559407509270294]]],"crs":null},"id":191,"type":"Feature","properties":{"owner":"Leeton Rice Growers","hectares":0.89586856,"inlandrail":null,"operator":"LINX","locality_name":"Leeton","imt":1,"kfr":null,"name":"Leeton IMT","location":"NSW Regional","state":"NSW","SHAPE__Length":879.6681392677099,"objectid":191,"SHAPE__Area":13240.637260225,"status":"Operational"}},{"geometry":{"type":"Polygon","coordinates":[[[147.1024253767919,-33.07184937775505],[147.10763910617445,-33.07243286866608],[147.10778391369996,-33.072449252735645],[147.10792881465025,-33.07246494048882],[147.10807382699156,-33.0724799402064],[147.10821893365605,-33.07249423683341],[147.10836413374534,-33.07250782284241],[147.10850943534422,-33.072520740388924],[147.1086548115033,-33.07253294204866],[147.10880028198545,-33.07254445191065],[147.1089458063665,-33.072555263952914],[147.10909139722295,-33.072565374411916],[147.109237072521,-33.07257479608498],[147.10938280171794,-33.072583488322714],[147.1095285884071,-33.0725915030665],[147.10967443169014,-33.0725988199917],[147.1098203207872,-33.07260543533468],[147.1099662458169,-33.072611343073405],[147.11011221935559,-33.07261654998296],[147.11025820996235,-33.072621059074564],[147.11039700686027,-33.07262467914475],[147.11040424817975,-33.07262486733718],[147.11055029627866,-33.072627977029306],[147.11069636234384,-33.07263038062326],[147.11084244637536,-33.0726320833885],[147.1109885501698,-33.072633097369355],[147.11113465306593,-33.0726333999828],[147.1112807469789,-33.07263300628422],[147.11142684089182,-33.07263189519605],[147.1115729159402,-33.072630092312416],[147.11171898200539,-33.07262759236394],[147.11186502920603,-33.07262439158666],[147.11201105754193,-33.07262048772224],[147.11215705892843,-33.07261587775942],[147.11230301270425,-33.07261056997865],[147.1124489386322,-33.07260456513255],[147.11259483850912,-33.07259785870434],[147.11853980910934,-33.072437861046346],[147.11512750011212,-33.071294516518094],[147.11452872626288,-33.07109388579369],[147.1162247652822,-33.06151070532298],[147.10498996721512,-33.06005592642043],[147.1037832126832,-33.06714696993454],[147.10338667026565,-33.069477059574886],[147.10283386680274,-33.06943430221412],[147.10269109126642,-33.07033402493074],[147.10256283699667,-33.07106545242512],[147.1024253767919,-33.07184937775505]]],"crs":null},"id":192,"type":"Feature","properties":{"owner":"Lachlan Shire Council","hectares":142.44860516,"inlandrail":null,"operator":null,"locality_name":"Condobolin","imt":1,"kfr":null,"name":"Condobolin Intermodal Logistics Terminal","location":"NSW Regional","state":"NSW","SHAPE__Length":6483.827608997399,"objectid":192,"SHAPE__Area":2033852.86391902,"status":"Proposed"}},{"geometry":{"type":"Polygon","coordinates":[[[151.7869877610057,-27.559511744543897],[151.78699027628846,-27.55928320276945],[151.78692456542373,-27.559087243113577],[151.78685042566676,-27.558972306859964],[151.78658542984445,-27.55872796438636],[151.7863908430758,-27.558595173473414],[151.78625332897212,-27.558415821347364],[151.78611222070896,-27.558219625207254],[151.78600061671298,-27.558084196817376],[151.78588119198417,-27.55797221652948],[151.78581677918504,-27.557860216217417],[151.78575826382578,-27.557852893355033],[151.77518280132935,-27.556532109377844],[151.77488649293122,-27.556494557248264],[151.77419498240195,-27.55640687530122],[151.77352747036545,-27.559984279637604],[151.7728592028458,-27.563558461620886],[151.7721883311102,-27.567136447553573],[151.77150201374147,-27.570718944158983],[151.7724840385354,-27.5708438091461],[151.77278014481257,-27.57088144316382],[151.78774476141413,-27.572783185290263],[151.79370820317325,-27.57356670901209],[151.79362263954079,-27.57336939967532],[151.7934919553282,-27.573072493795134],[151.79328745565041,-27.57265481246923],[151.7932647731894,-27.572498796297886],[151.7932427240408,-27.572284797162204],[151.79326266394517,-27.572134590215256],[151.79326896023696,-27.572094175176503],[151.79330022520213,-27.571993607327638],[151.79341871568306,-27.571846734067705],[151.793746404929,-27.570844517058493],[151.79393824105625,-27.570364259963046],[151.79411186473945,-27.57000273353883],[151.79426779520475,-27.569709130402877],[151.794489226329,-27.56935494541637],[151.79460059406804,-27.568927835098467],[151.7946429487354,-27.56861113188248],[151.7946455942739,-27.56836967363413],[151.79456068102166,-27.567856998528384],[151.7944475840257,-27.567477800531428],[151.7940625086028,-27.566900902796576],[151.7936113881418,-27.56648116653287],[151.79280546907628,-27.565963511071505],[151.79256702655545,-27.56569397046805],[151.79223442172824,-27.56522268233847],[151.79193236950215,-27.564899821443408],[151.79143059483897,-27.564699495093432],[151.79081982937896,-27.564660716198112],[151.79033368001183,-27.564503545106014],[151.78870813897936,-27.564161979808397],[151.78834034893904,-27.563967593692695],[151.78798343300537,-27.56375895330576],[151.7876570094856,-27.563703526305137],[151.7872055557497,-27.563804747593263],[151.78643435028167,-27.56373109527078],[151.78589590818518,-27.563453957528232],[151.78479071717933,-27.563038025825662],[151.78426747727238,-27.562842259220453],[151.78393956973582,-27.562580819508934],[151.78367482723843,-27.562284598778668],[151.78342119779947,-27.561805179433335],[151.78324018457474,-27.56143073636049],[151.78319149229307,-27.56121400638585],[151.78317421319855,-27.561006418348914],[151.78310884189705,-27.560613915520754],[151.78303822353598,-27.56021180855126],[151.78314470893142,-27.55979215422017],[151.78348930986093,-27.559656550973013],[151.7837307473649,-27.559639544211265],[151.78421692098655,-27.559791970255894],[151.78484714844714,-27.56000778082932],[151.78556729457276,-27.560334313081807],[151.78587805237225,-27.560351370704137],[151.78605048399103,-27.56027163491771],[151.78620777720067,-27.560179114797553],[151.78644752497357,-27.559976160536127],[151.78670930842046,-27.559827180691478],[151.78690334272517,-27.559667534687776],[151.7869877610057,-27.559511744543897]]],"crs":null},"id":193,"type":"Feature","properties":{"owner":"Wagner Corporation (Pacific National)","hectares":277.22255308,"inlandrail":"Y","operator":null,"locality_name":"Wellcamp","imt":1,"kfr":"Y","name":"Wellcamp Logistics Hub","location":"QLQ Regional","state":"QLD","SHAPE__Length":8943.45159124021,"objectid":193,"SHAPE__Area":3541273.39657928,"status":"Proposed"}},{"geometry":{"type":"Polygon","coordinates":[[[150.7429950561179,-34.07955324064902],[150.74289534042643,-34.079695691247515],[150.74297368879056,-34.079731304603726],[150.74310901729314,-34.07978828445445],[150.74333693784706,-34.079866632244624],[150.74372155512918,-34.07990936744],[150.7439067401301,-34.08008743064591],[150.74385688273352,-34.080614499142335],[150.75002703672095,-34.08138917402182],[150.75034777839653,-34.07958936596373],[150.75273330404085,-34.079128159722345],[150.75357590850598,-34.07925007251403],[150.75363382648564,-34.07896740171068],[150.75302358564173,-34.078826742292414],[150.75272444036395,-34.078819620290325],[150.7522329855467,-34.07885523327091],[150.7516987951765,-34.078933580436164],[150.7510079089763,-34.07905466389964],[150.7495620336956,-34.079368055108056],[150.74927000936304,-34.07938942320625],[150.74894949585956,-34.07938942320625],[150.74867884065097,-34.07935380970628],[150.74839393816197,-34.07926834022136],[150.7480164436217,-34.07911876618312],[150.74763894908142,-34.078933580436164],[150.74724008721384,-34.078862354525945],[150.7468412253462,-34.07880537479631],[150.74647085354783,-34.07881961954631],[150.7459936433161,-34.078876600010396],[150.74523153239195,-34.07913301162444],[150.7444124413294,-34.07948201525995],[150.74415871127908,-34.07957082079918],[150.74412753973874,-34.07958172989505],[150.74382839266423,-34.0796102213636],[150.74357198114282,-34.07961734329918],[150.74332981510514,-34.07958172989505],[150.74317519258685,-34.07956787366149],[150.7429950561179,-34.07955324064902]]],"crs":null},"id":194,"type":"Feature","properties":{"owner":"Sada Services Pty Ltd","hectares":13.5235225,"inlandrail":null,"operator":"Aurizon, Icehouse Logistics","locality_name":"Menangle Park","imt":1,"kfr":"Y","name":"Glenlee Rail Bulk Materials Facility","location":"Sydney Metro","state":"NSW","SHAPE__Length":2800.9468483010737,"objectid":194,"SHAPE__Area":197626.679935455,"status":"Operational"}},{"geometry":{"type":"Polygon","coordinates":[[[150.92378115077744,-33.95952868393718],[150.9253040790516,-33.95092560877159],[150.92343868693996,-33.95067089686225],[150.92332631308778,-33.95062594674597],[150.92323198010152,-33.95053161416782],[150.92167671157875,-33.95926857871112],[150.92378115077744,-33.95952868393718]]],"crs":null},"id":195,"type":"Feature","properties":{"owner":"Sydney Intermodal Terminal Alliance (SIMTA) - QUBE Logistics","hectares":18.9697572,"inlandrail":null,"operator":"QUBE Holdings, ESR Australia & NZ and National Intermodal","locality_name":"Moorebank","imt":1,"kfr":"Y","name":"Moorebank IMEX Logistics Park","location":"Sydney Metro","state":"NSW","SHAPE__Length":2829.842915276444,"objectid":195,"SHAPE__Area":276411.28433325,"status":"Operational"}},{"geometry":{"type":"Polygon","coordinates":[[[150.91956556016828,-33.96499471980545],[150.91975284722696,-33.9649422798753],[150.92000756003415,-33.9648598727154],[150.92018735693995,-33.964762483348565],[150.92031471289442,-33.964672583080045],[150.92035966189627,-33.964552719881155],[150.9206668156549,-33.96279220819791],[150.92074173065797,-33.962657359851335],[150.9208016635588,-33.96253000366978],[150.92082413761057,-33.96241013894178],[150.92089905351204,-33.96205054523449],[150.9209814604646,-33.96205054523449],[150.92116125737036,-33.96082193285986],[150.92116125737036,-33.960574711831676],[150.92113878331867,-33.960290032430414],[150.9210488844166,-33.959848032647564],[150.92099644346524,-33.95960830291547],[150.9209739685151,-33.959368573252966],[150.92097396941347,-33.959128845150204],[150.9210114264658,-33.958881623672504],[150.92173810603853,-33.95466388693479],[150.92179803893933,-33.95441666664068],[150.92185797184015,-33.95411700498614],[150.92216512470037,-33.9522965606323],[150.92307160117886,-33.947119907606194],[150.92323641508406,-33.9462583800178],[150.9233263139861,-33.94600366680876],[150.92343868783828,-33.94563658143638],[150.92365594089813,-33.94528448004064],[150.92377580669978,-33.9450372593268],[150.9238507217029,-33.944782546189685],[150.92395560360555,-33.944378002815235],[150.9239705866062,-33.94417573227009],[150.92395560360555,-33.94410830790302],[150.9238881796536,-33.94404088422776],[150.92378329775096,-33.94399593508121],[150.92322892403294,-33.94393600309739],[150.92289180427306,-33.94386108675408],[150.92262210936354,-33.943816138257844],[150.92241234645653,-33.9437786800417],[150.9223074645538,-33.94386857928565],[150.92200031259182,-33.94410830790302],[150.92229248245147,-33.94456529241255],[150.92231495740157,-33.94467766522789],[150.92225502360242,-33.944954852262626],[150.9205619346505,-33.95454402304592],[150.92104888531483,-33.9546114458522],[150.92062935770412,-33.956971280455186],[150.92095898641278,-33.95702372157362],[150.92044207064552,-33.959945423170495],[150.91986522018072,-33.96324169990074],[150.91979030607598,-33.96360129378803],[150.9197153901745,-33.96380356584574],[150.91961050917013,-33.96399085441439],[150.91947566036788,-33.964148175867514],[150.9192958634621,-33.96431298925136],[150.91905613455384,-33.964447837208404],[150.9186166346994,-33.964681151861804],[150.9188164056455,-33.96497224555362],[150.91891379559874,-33.96500221196642],[150.9190411515532,-33.96500970263667],[150.91931084646268,-33.96501719479637],[150.91956556016828,-33.96499471980545]]],"crs":null},"id":196,"type":"Feature","properties":{"owner":"National Intermodal Corporation","hectares":21.53267148,"inlandrail":null,"operator":"National Intermodal Corporation, QUBE Holdings, LOGOS","locality_name":"Moorebank","imt":1,"kfr":"Y","name":"Moorebank Interstate Terminal","location":"Sydney Metro","state":"NSW","SHAPE__Length":6209.646781177573,"objectid":196,"SHAPE__Area":313741.59498566,"status":"Operational"}},{"geometry":{"type":"Polygon","coordinates":[[[144.93826354777863,-35.54431811648347],[144.9382148824464,-35.54446411570303],[144.94249753408812,-35.54539689127601],[144.94252997854122,-35.545226558494036],[144.9426273119006,-35.54495889279813],[144.94277331149047,-35.544829115147266],[144.94293553285772,-35.54473178231949],[144.94296797731087,-35.544180228128226],[144.94186486949815,-35.544253227531286],[144.9417026481309,-35.54435056167082],[144.94149175963474,-35.544431672023485],[144.94131331559177,-35.544537115578585],[144.94120787224207,-35.54499133626434],[144.93826354777863,-35.54431811648347]]],"crs":null},"id":197,"type":"Feature","properties":{"owner":"QUBE Holdings","hectares":1.9332855,"inlandrail":null,"operator":"QUBE Logistics","locality_name":"Deniliquin","imt":1,"kfr":null,"name":"Deniliquin Rice Growers Siding","location":"NSW Regional","state":"NSW","SHAPE__Length":1297.904266869351,"objectid":197,"SHAPE__Area":29265.197311055,"status":"Operational"}},{"geometry":{"type":"Polygon","coordinates":[[[151.4838250887772,-32.71832016265977],[151.4838250887772,-32.7182141521636],[151.48347676792415,-32.718002130037476],[151.48311330237365,-32.71751750970514],[151.4813111193186,-32.714079729935236],[151.48087193117962,-32.71382227442765],[151.48046303243532,-32.713776841781446],[151.4800692783884,-32.713852563349455],[151.47953922386174,-32.71403429666438],[151.47920604680772,-32.71421602885318],[151.47891830294748,-32.71453406137121],[151.47867599228104,-32.714867238554284],[151.4783882493191,-32.71585162532095],[151.47834281612532,-32.716184801361436],[151.47841853781557,-32.71656341118636],[151.4786002705908,-32.71689658910279],[151.47881229276078,-32.717184332596645],[151.47928176849794,-32.71754779812793],[151.47964523494673,-32.71769924159914],[151.4807659200946,-32.717805253463155],[151.48182602824957,-32.71791126368957],[151.48303757978505,-32.71810814154145],[151.4838250887772,-32.71832016265977]]],"crs":null},"id":198,"type":"Feature","properties":{"owner":null,"hectares":14.61288479,"inlandrail":null,"operator":null,"locality_name":"Lochinvar (Rutherford)","imt":1,"kfr":"Y","name":"Rutherford Park IMT","location":"NSW Regional","state":"NSW","SHAPE__Length":1910.322545483261,"objectid":198,"SHAPE__Area":207009.70799991,"status":"Proposed"}},{"geometry":{"type":"Polygon","coordinates":[[[150.6181399754761,-34.85386028058112],[150.61831465557805,-34.854257281783134],[150.61825907501475,-34.85427316252853],[150.61842978635977,-34.85463443373074],[150.62051404310893,-34.85383249005662],[150.62052198331773,-34.85375706069192],[150.62039494267196,-34.853725299736],[150.62027981278848,-34.85362207967749],[150.61995824106964,-34.85299084678577],[150.6181399754761,-34.85386028058112]]],"crs":null},"id":199,"type":"Feature","properties":{"owner":"Manildra Shoalhaven Starches","hectares":1.92345575,"inlandrail":null,"operator":"Manildra Group/Pacific National","locality_name":"Bomaderry","imt":1,"kfr":"Y","name":"Bomaderry IMT","location":"NSW Regional","state":"NSW","SHAPE__Length":743.7395004873201,"objectid":199,"SHAPE__Area":28630.014364995,"status":"Operational"}},{"geometry":{"type":"Polygon","coordinates":[[[148.2198013727978,-32.30146290333565],[148.21326582457695,-32.2973767745571],[148.21099221015243,-32.29702685549407],[148.2111213968734,-32.296068724910214],[148.20323274328956,-32.29451192459124],[148.19949665181952,-32.29402468223792],[148.19810493237404,-32.29585794656214],[148.20357992507886,-32.296313975405695],[148.21447316121711,-32.30048324544099],[148.21970049019475,-32.30224018413481],[148.2198013727978,-32.30146290333565]]],"crs":null},"id":200,"type":"Feature","properties":{"owner":"Narromine Shire Council","hectares":45.69173056,"inlandrail":"Y","operator":null,"locality_name":"Narromine","imt":1,"kfr":null,"name":"Narwonah Material Distribution Centre (MDC)/Narromine Freight Exchange","location":"NSW Regional","state":"NSW","SHAPE__Length":5571.411749519521,"objectid":200,"SHAPE__Area":641329.971499125,"status":"Under Construction"}},{"geometry":{"type":"MultiPolygon","coordinates":[[[[144.9392293211507,-37.62970686162143],[144.93823827277976,-37.62957821294504],[144.93838857080829,-37.628840485734536],[144.93849108385356,-37.62833730610072],[144.93855780262805,-37.628040502958704],[144.93803703129154,-37.62792232905095],[144.93859189908295,-37.62446101183864],[144.93901465523876,-37.621237495473224],[144.9357985508761,-37.63768392793418],[144.93511314170416,-37.641188948850846],[144.93639832185528,-37.64135805069591],[144.9370715175326,-37.637934532241474],[144.94225550908592,-37.63862830127269],[144.94306056397224,-37.63332320639513],[144.94048026470972,-37.63458239180668],[144.94012934233552,-37.637348472222676],[144.93726764940345,-37.63693710377511],[144.93738757090068,-37.63632725167256],[144.93726919989567,-37.6361074183983],[144.93736220517204,-37.63561702104878],[144.9371170073202,-37.635574745558024],[144.93750434559942,-37.63350325617448],[144.93814767319182,-37.63359155645626],[144.93858116511365,-37.631073184785],[144.94064727499577,-37.63139443960753],[144.9392293211507,-37.62970686162143]]],[[[144.94955582724415,-37.635294819838315],[144.94899434515727,-37.63204328312078],[144.94812577578716,-37.63195558499494],[144.94755900082666,-37.635400612425045],[144.94955582724415,-37.635294819838315]]]],"crs":null},"id":201,"type":"Feature","properties":{"owner":"Intermodal Terminal Company","hectares":37.21786729,"inlandrail":null,"operator":"Intermodal Terminal Company","locality_name":"Somerton","imt":1,"kfr":null,"name":"Somerton Intermodal Terminal (SIT)","location":"Melbourne Metro","state":"VIC","SHAPE__Length":9926.873931085456,"objectid":201,"SHAPE__Area":594480.38903247,"status":"Under Construction"}},{"geometry":{"type":"Polygon","coordinates":[[[141.458843867183,-31.96507411620702],[141.4590151902807,-31.965305403992968],[141.45874963840126,-31.96622198869699],[141.45898092584082,-31.966213422747987],[141.45918651517508,-31.9659136048831],[141.46161931735617,-31.96318955165124],[141.46246737279841,-31.962324364286406],[141.46172211247242,-31.9627955049169],[141.4607198657032,-31.963523633311546],[141.458843867183,-31.96507411620702]]],"crs":null},"id":202,"type":"Feature","properties":{"owner":"Pacific National","hectares":2.42683158,"inlandrail":null,"operator":"Pacific National","locality_name":"Broken Hill","imt":null,"kfr":"Y","name":"Broken Hill Intermodal","location":"NSW Regional","state":null,"SHAPE__Length":1368.9721123653574,"objectid":202,"SHAPE__Area":33817.894309375,"status":"Operational"}},{"geometry":{"type":"Polygon","coordinates":[[[130.90434634004376,-12.472041228837236],[130.92436776382246,-12.464638886961367],[130.9237353534557,-12.461470715118585],[130.92369706905495,-12.460973018497196],[130.92337165164835,-12.461183583581095],[130.9232185140452,-12.461432430931968],[130.92323765624562,-12.461776990162397],[130.92371621125534,-12.464016626278063],[130.92371621125534,-12.46441861208859],[130.92354393235016,-12.464705745305833],[130.9230845186425,-12.464858882716221],[130.92088316829268,-12.464992877327875],[130.91994520137186,-12.465126871870266],[130.91908380325268,-12.465337437088754],[130.91829897393507,-12.465567142172006],[130.90332978670534,-12.471080091676864],[130.9026023848872,-12.471328939173826],[130.90220039867899,-12.471577788185929],[130.9017601280701,-12.471884063564996],[130.89930992911516,-12.474544826207108],[130.8990610805101,-12.475061665918584],[130.89982676762736,-12.474391688381733],[130.90091787215124,-12.47362600140504],[130.90229610968095,-12.472841171790536],[130.90434634004376,-12.472041228837236]]],"crs":null},"id":203,"type":"Feature","properties":{"owner":"FreightLinks/Aurizon Bulk Central","hectares":36.36888904,"inlandrail":null,"operator":"Aurizon","locality_name":"East Arm","imt":1,"kfr":"Y","name":"Berrimah Freight Terminal Extension","location":"Darwin Metro","state":"NT","SHAPE__Length":7004.130149403659,"objectid":203,"SHAPE__Area":383752.909921495,"status":"Proposed"}},{"geometry":{"type":"Polygon","coordinates":[[[138.5773680122882,-34.85358316073835],[138.57431646940404,-34.85372697458584],[138.57445943987474,-34.85542685955709],[138.57483249134762,-34.861285960213365],[138.57611212350355,-34.86120535363898],[138.57610712617563,-34.86121639543818],[138.57472834965674,-34.863439271079294],[138.57504735848212,-34.86805985057266],[138.57564022860336,-34.86907414885423],[138.5760713292099,-34.869811448315474],[138.57718516290706,-34.87124869476697],[138.57815288741992,-34.871972231036644],[138.57819847512397,-34.87200638169039],[138.57852036933807,-34.87224704769682],[138.5785274139265,-34.87225207922186],[138.57868797790204,-34.87236620639048],[138.5787958341267,-34.8724320848304],[138.57886193665684,-34.87247241505355],[138.57902990903855,-34.87256321215297],[138.57907385552056,-34.87258469130731],[138.57924770378258,-34.87266949499854],[138.57924861736925,-34.87266992024756],[138.5793020159246,-34.872695173550184],[138.57975195240604,-34.872907720337835],[138.5799920855562,-34.87302117961415],[138.57999343662237,-34.87302180900948],[138.58020195985435,-34.873120285000894],[138.58023973760535,-34.87313904375811],[138.58021834961673,-34.873024195405385],[138.5802025446576,-34.87293952179159],[138.58012855941078,-34.87254217887872],[138.57993080248755,-34.87148190665446],[138.57990722350794,-34.87073768757624],[138.57890259799987,-34.865348952261016],[138.57863103818775,-34.86450947809303],[138.57799754894438,-34.861110216462556],[138.57787063316437,-34.860429191046975],[138.5778105188039,-34.8601073292307],[138.5775299066687,-34.85856461392893],[138.57750574378417,-34.85651795831091],[138.57749742179138,-34.85528846751369],[138.57751886996715,-34.85501461145841],[138.57737223796326,-34.85515949905288],[138.5773680122882,-34.85358316073835]]],"crs":null},"id":204,"type":"Feature","properties":{"owner":"Pacific National","hectares":47.73046844,"inlandrail":null,"operator":"Linfox/Northline/Main Freight/Patrick/Pacific National/Toll Group","locality_name":"Regency Park","imt":1,"kfr":"Y","name":"Adelaide Freight Terminal Facility","location":"Adelaide Metro","state":"SA","SHAPE__Length":6123.578189539969,"objectid":204,"SHAPE__Area":938890.632003445,"status":"Operational"}},{"geometry":{"type":"Polygon","coordinates":[[[144.2557152297927,-23.44035650730902],[144.25254690053168,-23.440310949843774],[144.2525448299149,-23.440453834868254],[144.25369412550629,-23.44050767612342],[144.25571937192444,-23.440555304685915],[144.2557152297927,-23.44035650730902]]],"crs":null},"id":205,"type":"Feature","properties":{"owner":"Aurizon","hectares":0.77,"inlandrail":null,"operator":"Linfox","locality_name":"Longreach","imt":1,"kfr":"Y","name":"Longreach Freight Terminal","location":"QLD Regional","state":"QLD","SHAPE__Length":747.8323790572027,"objectid":205,"SHAPE__Area":7683.77371262,"status":"Operational"}},{"geometry":{"type":"Polygon","coordinates":[[[151.26242252104745,-23.836450805083718],[151.26257501545686,-23.836484692456928],[151.2621323355663,-23.838441799159515],[151.26329307659267,-23.83864331656194],[151.26356714090775,-23.837369725685313],[151.2636961120331,-23.837111783515837],[151.26387344845338,-23.836773233126255],[151.2642442406633,-23.835088545233187],[151.26397017634818,-23.83491120990607],[151.26186633273255,-23.834226050613182],[151.26049601295375,-23.837539000211947],[151.2621323355663,-23.837813063771467],[151.26242252104745,-23.836450805083718]]],"crs":null},"id":206,"type":"Feature","properties":{"owner":"Gladstone Ports Corporation","hectares":13.2,"inlandrail":null,"operator":"Pacific National","locality_name":"Barney Point","imt":1,"kfr":null,"name":"Gladstone Freight Terminal","location":"QLD Regional","state":"QLD","SHAPE__Length":1910.6695803364187,"objectid":206,"SHAPE__Area":132004.05321365,"status":"Operational"}},{"geometry":{"type":"Polygon","coordinates":[[[145.29002528438875,-23.552198218998353],[145.2900205601487,-23.552269083757707],[145.29011740662116,-23.552278531565896],[145.29012213086125,-23.552361206652517],[145.29174491586247,-23.55245805379207],[145.29162680986047,-23.552276169819805],[145.29037251738208,-23.55218640943665],[145.29037251738208,-23.552221840589066],[145.29002528438875,-23.552198218998353]]],"crs":null},"id":207,"type":"Feature","properties":{"owner":"Aurizon","hectares":0.39,"inlandrail":null,"operator":"Linfox","locality_name":"Barcaldine","imt":1,"kfr":"Y","name":"Barcaldine Freight Terminal","location":"QLD Regional","state":"QLD","SHAPE__Length":419.36563162967695,"objectid":207,"SHAPE__Area":3856.379323815,"status":"Operational"}},{"geometry":{"type":"Polygon","coordinates":[[[146.64075196332436,-23.6481845324933],[146.64074750768057,-23.648276182356447],[146.6409644059059,-23.648278398370444],[146.6409618906231,-23.648430555250375],[146.64169695417235,-23.64843252604405],[146.64169892507604,-23.648249251981863],[146.6420950318107,-23.64825122360112],[146.6420891190995,-23.648194073785472],[146.64075196332436,-23.6481845324933]]],"crs":null},"id":208,"type":"Feature","properties":{"owner":"Aurizon","hectares":0.3,"inlandrail":null,"operator":"Linfox","locality_name":"Alpha","imt":1,"kfr":"Y","name":"Alpha Freight Terminal","location":"QLD Regional","state":"QLD","SHAPE__Length":357.8160781778655,"objectid":208,"SHAPE__Area":2986.77747624,"status":"Operational"}},{"geometry":{"type":"Polygon","coordinates":[[[143.03713954072566,-22.384247642418224],[143.03703395005223,-22.38488930681797],[143.03717609047965,-22.384921796675247],[143.03728574243647,-22.384272008886004],[143.03713954072566,-22.384247642418224]]],"crs":null},"id":209,"type":"Feature","properties":{"owner":"Aurizon","hectares":0.13,"inlandrail":null,"operator":"Linfox","locality_name":"Winton","imt":1,"kfr":null,"name":"Winton Freight Terminal","location":"QLD Regional","state":"QLD","SHAPE__Length":190.15178248630235,"objectid":209,"SHAPE__Area":1288.65108016,"status":"Operational"}}],"type":"FeatureCollection","properties":{"exceededTransferLimit":false}}